Time: 2025-10-24 00:00:00, Timestep: 1, Round: 1, Phase: TRANSMITTING, Aggregation Server: 21, Redistribution Server: TBD, Target Node: 21, Phase Length: 15, Timestep in Phase: 1, Current Connections: 22, Cumulative Connections: 22/29, Connected Sats: [1, 2, 3, 4, 6, 7, 8, 9, 11, 14, 15, 20, 24, 26, 27, 30, 32, 33, 34, 35, 36, 39], Missing Sats: [10, 13, 16, 18, 19, 22, 31], Target Sats: [1, 2, 3, 4, 6, 7, 8, 9, 10, 11, 13, 14, 15, 16, 18, 19, 20, 22, 24, 26, 27, 30, 31, 32, 33, 34, 35, 36, 39], Phase Complete: False
0,0,0,0,0,1,0,0,0,1,0,0,1,0,1,1,0,1,0,1,0,0,0,1,0,1,0,0,1,1,0,0,1,1,1,1,0,1,1,0
0,0,1,1,0,0,1,1,0,1,0,1,0,0,1,1,0,0,0,0,0,1,0,1,1,0,0,1,1,0,1,0,1,1,1,1,1,1,0,0
0,1,0,1,0,0,1,1,0,1,0,1,0,0,1,1,0,0,0,0,0,1,0,1,1,0,0,1,1,0,1,0,1,1,1,1,1,1,0,0
0,1,1,0,0,1,1,1,0,1,0,0,0,0,1,1,0,1,0,0,1,1,0,0,1,1,1,1,0,0,1,0,1,1,1,1,0,0,0,1
0,0,0,0,0,0,1,1,1,0,1,1,1,1,0,0,1,0,1,0,1,1,1,0,0,0,1,0,0,0,0,1,0,0,0,0,1,0,0,0
1,0,0,1,0,0,0,0,1,0,0,0,0,1,0,0,0,1,1,1,0,0,1,0,1,1,1,1,0,1,0,0,1,0,0,1,0,0,1,1
0,1,1,1,1,0,0,1,1,1,0,1,0,0,1,1,0,0,0,0,1,1,0,0,1,0,1,1,0,0,1,0,1,1,1,1,0,0,0,1
0,1,1,1,1,0,1,0,0,1,0,1,0,0,1,1,0,0,0,0,1,1,0,0,1,0,1,1,0,0,1,0,1,1,1,1,1,1,0,1
0,0,0,0,1,1,1,0,0,0,1,1,0,1,0,0,1,0,1,1,1,1,1,0,0,0,1,0,0,1,0,1,0,0,0,0,1,0,0,1
1,1,1,1,0,0,1,1,0,0,0,1,0,0,1,1,0,1,0,0,0,1,0,1,1,1,0,1,1,0,1,0,1,1,1,1,0,1,0,0
0,0,0,0,1,0,0,0,1,0,0,1,1,1,0,0,1,0,1,1,1,0,1,1,0,0,0,0,0,1,0,1,0,0,0,0,1,0,1,0
0,1,1,0,1,0,1,1,1,1,1,0,0,0,1,1,1,0,0,0,1,1,0,0,1,0,1,1,0,0,1,1,0,1,0,0,1,0,0,0
1,0,0,0,1,0,0,0,0,0,1,0,0,0,0,0,1,0,1,1,0,0,0,1,0,1,0,0,1,1,0,1,0,0,0,0,1,1,1,0
0,0,0,0,1,1,0,0,1,0,1,0,0,0,0,0,1,0,1,1,1,0,1,0,0,1,1,0,0,1,0,1,0,0,0,0,0,0,1,1
1,1,1,1,0,0,1,1,0,1,0,1,0,0,0,1,0,0,0,0,0,1,0,1,1,0,0,1,1,0,1,0,1,1,1,1,1,1,0,0
1,1,1,1,0,0,1,1,0,1,0,1,0,0,1,0,0,1,0,0,0,1,0,1,1,0,0,1,1,0,1,0,1,1,1,1,1,1,0,0
0,0,0,0,1,0,0,0,1,0,1,1,1,1,0,0,0,0,1,1,1,0,1,1,0,0,0,0,0,1,0,1,0,0,0,0,1,0,1,0
1,0,0,1,0,1,0,0,0,1,0,0,0,0,0,1,0,0,0,1,0,0,0,1,1,1,0,1,1,1,0,0,1,1,1,1,0,1,1,1
0,0,0,0,1,1,0,0,1,0,1,0,1,1,0,0,1,0,0,1,1,0,1,0,0,0,1,0,0,1,0,1,0,0,0,0,0,0,1,1
1,0,0,0,0,1,0,0,1,0,1,0,1,1,0,0,1,1,1,0,0,0,1,0,0,1,0,0,1,1,0,1,0,0,0,0,0,0,1,1
0,0,0,1,1,0,1,1,1,0,1,1,0,1,0,0,1,0,1,0,0,1,1,0,1,0,1,1,0,0,0,1,1,0,0,0,0,0,0,1
0,1,1,1,1,0,1,1,1,1,0,1,0,0,1,1,0,0,0,0,1,0,0,0,1,0,1,1,0,0,1,0,1,1,1,1,1,0,0,1
0,0,0,0,1,1,0,0,1,0,1,0,0,1,0,0,1,0,1,1,1,0,0,0,0,0,1,0,0,1,0,1,0,0,0,0,0,0,0,1
1,1,1,0,0,0,0,0,0,1,1,0,1,0,1,1,1,1,0,0,0,0,0,0,0,1,0,0,1,1,1,0,0,1,1,0,1,1,1,0
0,1,1,1,0,1,1,1,0,1,0,1,0,0,1,1,0,1,0,0,1,1,0,0,0,0,1,1,0,0,1,0,1,1,1,1,0,0,0,1
1,0,0,1,0,1,0,0,0,1,0,0,1,1,0,0,0,1,0,1,0,0,0,1,0,0,0,0,1,1,0,0,1,0,1,1,0,1,1,1
0,0,0,1,1,1,1,1,1,0,0,1,0,1,0,0,0,0,1,0,1,1,1,0,1,0,0,1,0,0,0,0,1,0,0,1,0,0,0,1
0,1,1,1,0,1,1,1,0,1,0,1,0,0,1,1,0,1,0,0,1,1,0,0,1,0,1,0,0,0,1,0,1,1,1,1,0,0,0,1
1,1,1,0,0,0,0,0,0,1,0,0,1,0,1,1,0,1,0,1,0,0,0,1,0,1,0,0,0,1,1,0,0,1,1,1,1,1,1,0
1,0,0,0,0,1,0,0,1,0,1,0,1,1,0,0,1,1,1,1,0,0,1,1,0,1,0,0,1,0,0,1,0,0,0,0,0,0,1,0
0,1,1,1,0,0,1,1,0,1,0,1,0,0,1,1,0,0,0,0,0,1,0,1,1,0,0,1,1,0,0,0,1,1,1,1,1,1,0,0
0,0,0,0,1,0,0,0,1,0,1,1,1,1,0,0,1,0,1,1,1,0,1,0,0,0,0,0,0,1,0,0,0,0,0,0,1,0,1,0
1,1,1,1,0,1,1,1,0,1,0,0,0,0,1,1,0,1,0,0,1,1,0,0,1,1,1,1,0,0,1,0,0,1,1,1,0,0,0,1
1,1,1,1,0,0,1,1,0,1,0,1,0,0,1,1,0,1,0,0,0,1,0,1,1,0,0,1,1,0,1,0,1,0,1,1,1,1,0,0
1,1,1,1,0,0,1,1,0,1,0,0,0,0,1,1,0,1,0,0,0,1,0,1,1,1,0,1,1,0,1,0,1,1,0,1,0,1,0,0
1,1,1,1,0,1,1,1,0,1,0,0,0,0,1,1,0,1,0,0,0,1,0,0,1,1,1,1,1,0,1,0,1,1,1,0,0,1,0,1
0,1,1,0,1,0,0,1,1,0,1,1,1,0,1,1,1,0,0,0,0,1,0,1,0,0,0,0,1,0,1,1,0,1,0,0,0,1,1,0
1,1,1,0,0,0,0,1,0,1,0,0,1,0,1,1,0,1,0,0,0,0,0,1,0,1,0,0,1,0,1,0,0,1,1,1,1,0,1,0
1,0,0,0,0,1,0,0,0,0,1,0,1,1,0,0,1,1,1,1,0,0,0,1,0,1,0,0,1,1,0,1,0,0,0,0,1,1,0,0
0,0,0,1,0,1,1,1,1,0,0,0,0,1,0,0,0,1,1,1,1,1,1,0,1,1,1,1,0,0,0,0,1,0,0,1,0,0,0,0
Time: 2025-10-24 00:01:00, Timestep: 2, Round: 1, Phase: TRANSMITTING, Aggregation Server: 21, Redistribution Server: TBD, Target Node: 21, Phase Length: 15, Timestep in Phase: 2, Current Connections: 22, Cumulative Connections: 22/29, Connected Sats: [1, 2, 3, 4, 6, 7, 8, 9, 11, 14, 15, 20, 24, 26, 27, 30, 32, 33, 34, 35, 36, 39], Missing Sats: [10, 13, 16, 18, 19, 22, 31], Target Sats: [1, 2, 3, 4, 6, 7, 8, 9, 10, 11, 13, 14, 15, 16, 18, 19, 20, 22, 24, 26, 27, 30, 31, 32, 33, 34, 35, 36, 39], Phase Complete: False
0,0,0,0,0,1,0,0,0,1,0,0,1,0,1,1,0,1,0,1,0,0,0,1,0,1,0,0,1,1,0,0,0,1,1,1,0,1,1,0
0,0,1,1,0,0,1,1,0,1,0,1,0,0,1,1,0,0,0,0,0,1,0,1,1,0,0,1,1,0,1,0,1,1,1,1,1,1,0,0
0,1,0,1,0,0,1,1,0,1,0,1,0,0,1,1,0,0,0,0,0,1,0,1,1,0,0,1,1,0,1,0,1,1,1,1,1,1,0,0
0,1,1,0,0,1,1,1,0,1,0,1,0,0,1,1,0,1,0,0,1,1,0,0,1,0,1,1,0,0,1,0,1,1,1,1,0,0,0,1
0,0,0,0,0,0,1,1,1,0,1,1,1,1,0,0,1,0,1,0,1,1,1,0,0,0,1,0,0,0,0,1,0,0,0,0,1,0,0,0
1,0,0,1,0,0,0,0,0,0,0,0,0,1,0,0,0,1,1,1,0,0,1,0,1,1,1,1,0,1,0,0,1,0,0,1,0,0,1,1
0,1,1,1,1,0,0,1,1,1,0,1,0,0,1,1,0,0,0,0,1,1,0,0,1,0,1,1,0,0,1,0,1,1,1,1,0,0,0,1
0,1,1,1,1,0,1,0,0,1,0,1,0,0,1,1,0,0,0,0,1,1,0,0,1,0,1,1,0,0,1,0,1,1,1,1,1,1,0,1
0,0,0,0,1,0,1,0,0,0,1,1,0,1,0,0,1,0,1,1,1,1,1,0,0,0,1,0,0,1,0,1,0,0,0,0,1,0,0,1
1,1,1,1,0,0,1,1,0,0,0,1,0,0,1,1,0,1,0,0,0,1,0,1,1,1,0,1,1,0,1,0,1,1,1,1,0,1,0,0
0,0,0,0,1,0,0,0,1,0,0,1,1,1,0,0,1,0,1,1,1,0,1,1,0,0,0,0,0,1,0,1,0,0,0,0,1,0,1,0
0,1,1,1,1,0,1,1,1,1,1,0,0,0,1,1,1,0,0,0,1,1,0,0,1,0,1,1,0,0,1,1,0,1,0,0,1,1,0,0
1,0,0,0,1,0,0,0,0,0,1,0,0,0,0,0,1,0,1,1,0,0,0,1,0,1,0,0,1,1,0,1,0,0,0,0,1,1,1,0
0,0,0,0,1,1,0,0,1,0,1,0,0,0,0,0,1,0,1,1,1,0,1,0,0,1,1,0,0,1,0,1,0,0,0,0,0,0,1,1
1,1,1,1,0,0,1,1,0,1,0,1,0,0,0,1,0,0,0,0,0,1,0,1,1,0,0,1,1,0,1,0,1,1,1,1,1,1,0,0
1,1,1,1,0,0,1,1,0,1,0,1,0,0,1,0,0,1,0,0,0,1,0,1,1,0,0,1,1,0,1,0,1,1,1,1,0,1,0,0
0,0,0,0,1,0,0,0,1,0,1,1,1,1,0,0,0,0,1,1,1,0,1,1,0,0,0,0,0,1,0,1,0,0,0,0,1,0,1,0
1,0,0,1,0,1,0,0,0,1,0,0,0,0,0,1,0,0,0,1,0,0,0,1,1,1,0,1,1,1,0,0,1,1,1,1,0,1,1,1
0,0,0,0,1,1,0,0,1,0,1,0,1,1,0,0,1,0,0,1,1,0,1,0,0,0,1,0,0,1,0,1,0,0,0,0,1,0,1,1
1,0,0,0,0,1,0,0,1,0,1,0,1,1,0,0,1,1,1,0,0,0,1,0,0,1,0,0,1,1,0,1,0,0,0,0,0,0,1,1
0,0,0,1,1,0,1,1,1,0,1,1,0,1,0,0,1,0,1,0,0,1,1,0,1,0,1,1,0,0,0,1,1,0,0,0,0,0,0,1
0,1,1,1,1,0,1,1,1,1,0,1,0,0,1,1,0,0,0,0,1,0,0,0,1,0,1,1,0,0,1,0,1,1,1,1,1,0,0,1
0,0,0,0,1,1,0,0,1,0,1,0,0,1,0,0,1,0,1,1,1,0,0,0,0,0,1,0,0,1,0,1,0,0,0,0,0,0,0,1
1,1,1,0,0,0,0,0,0,1,1,0,1,0,1,1,1,1,0,0,0,0,0,0,0,1,0,0,1,1,1,0,0,1,1,0,1,1,1,0
0,1,1,1,0,1,1,1,0,1,0,1,0,0,1,1,0,1,0,0,1,1,0,0,0,0,1,1,0,0,1,0,1,1,1,1,0,0,0,1
1,0,0,0,0,1,0,0,0,1,0,0,1,1,0,0,0,1,0,1,0,0,0,1,0,0,0,0,1,1,0,0,1,0,1,1,0,1,1,1
0,0,0,1,1,1,1,1,1,0,0,1,0,1,0,0,0,0,1,0,1,1,1,0,1,0,0,1,0,0,0,0,1,0,0,1,0,0,0,1
0,1,1,1,0,1,1,1,0,1,0,1,0,0,1,1,0,1,0,0,1,1,0,0,1,0,1,0,0,0,1,0,1,1,1,1,0,0,0,1
1,1,1,0,0,0,0,0,0,1,0,0,1,0,1,1,0,1,0,1,0,0,0,1,0,1,0,0,0,1,1,0,0,1,1,1,1,1,1,0
1,0,0,0,0,1,0,0,1,0,1,0,1,1,0,0,1,1,1,1,0,0,1,1,0,1,0,0,1,0,0,1,0,0,0,0,0,0,1,0
0,1,1,1,0,0,1,1,0,1,0,1,0,0,1,1,0,0,0,0,0,1,0,1,1,0,0,1,1,0,0,0,1,1,1,1,1,1,0,0
0,0,0,0,1,0,0,0,1,0,1,1,1,1,0,0,1,0,1,1,1,0,1,0,0,0,0,0,0,1,0,0,0,0,0,0,1,0,1,0
0,1,1,1,0,1,1,1,0,1,0,0,0,0,1,1,0,1,0,0,1,1,0,0,1,1,1,1,0,0,1,0,0,1,1,1,0,0,0,1
1,1,1,1,0,0,1,1,0,1,0,1,0,0,1,1,0,1,0,0,0,1,0,1,1,0,0,1,1,0,1,0,1,0,1,1,1,1,0,0
1,1,1,1,0,0,1,1,0,1,0,0,0,0,1,1,0,1,0,0,0,1,0,1,1,1,0,1,1,0,1,0,1,1,0,1,0,1,0,0
1,1,1,1,0,1,1,1,0,1,0,0,0,0,1,1,0,1,0,0,0,1,0,0,1,1,1,1,1,0,1,0,1,1,1,0,0,1,0,1
0,1,1,0,1,0,0,1,1,0,1,1,1,0,1,0,1,0,1,0,0,1,0,1,0,0,0,0,1,0,1,1,0,1,0,0,0,1,1,0
1,1,1,0,0,0,0,1,0,1,0,1,1,0,1,1,0,1,0,0,0,0,0,1,0,1,0,0,1,0,1,0,0,1,1,1,1,0,1,0
1,0,0,0,0,1,0,0,0,0,1,0,1,1,0,0,1,1,1,1,0,0,0,1,0,1,0,0,1,1,0,1,0,0,0,0,1,1,0,0
0,0,0,1,0,1,1,1,1,0,0,0,0,1,0,0,0,1,1,1,1,1,1,0,1,1,1,1,0,0,0,0,1,0,0,1,0,0,0,0
Time: 2025-10-24 00:02:00, Timestep: 3, Round: 1, Phase: TRANSMITTING, Aggregation Server: 21, Redistribution Server: TBD, Target Node: 21, Phase Length: 15, Timestep in Phase: 3, Current Connections: 20, Cumulative Connections: 22/29, Connected Sats: [1, 2, 3, 4, 6, 7, 8, 9, 11, 14, 15, 20, 24, 26, 27, 30, 32, 33, 34, 35, 36, 39], Missing Sats: [10, 13, 16, 18, 19, 22, 31], Target Sats: [1, 2, 3, 4, 6, 7, 8, 9, 10, 11, 13, 14, 15, 16, 18, 19, 20, 22, 24, 26, 27, 30, 31, 32, 33, 34, 35, 36, 39], Phase Complete: False
0,0,0,0,0,1,0,0,0,1,0,0,1,0,1,1,0,1,0,1,0,0,0,1,0,1,0,0,1,1,0,0,0,1,1,1,0,1,1,0
0,0,1,1,0,0,1,1,0,1,0,1,0,0,1,1,0,0,0,0,0,1,0,1,1,0,1,1,1,0,1,0,1,1,1,1,1,1,0,0
0,1,0,1,0,0,1,1,0,1,0,1,0,0,1,1,0,0,0,0,0,1,0,1,1,0,0,1,1,0,1,0,1,1,1,1,1,1,0,0
0,1,1,0,0,1,1,1,0,1,0,1,0,0,1,1,0,1,0,0,1,1,0,0,1,0,1,1,0,0,1,0,1,1,1,1,0,0,0,1
0,0,0,0,0,0,1,1,1,0,1,1,1,1,0,0,1,0,1,1,1,1,1,0,0,0,1,0,0,0,0,1,0,0,0,0,1,0,0,0
1,0,0,1,0,0,0,0,0,0,0,0,0,1,0,0,0,1,1,1,0,0,1,0,1,1,1,1,0,1,0,0,1,0,1,1,0,0,1,1
0,1,1,1,1,0,0,1,1,1,0,1,0,0,1,1,0,0,0,0,1,1,0,0,1,0,1,1,0,0,1,0,1,1,1,1,0,0,0,1
0,1,1,1,1,0,1,0,0,1,0,1,0,0,1,1,0,0,0,0,1,1,0,0,1,0,1,1,0,0,1,0,1,1,1,1,1,1,0,0
0,0,0,0,1,0,1,0,0,0,1,1,0,1,0,0,1,0,1,1,1,1,1,0,0,0,1,1,0,0,0,1,0,0,0,0,1,0,0,1
1,1,1,1,0,0,1,1,0,0,0,1,0,0,1,1,0,1,0,0,0,0,0,1,1,1,0,1,1,0,1,0,1,1,1,1,0,1,0,0
0,0,0,0,1,0,0,0,1,0,0,1,1,1,0,0,1,0,1,1,1,0,1,0,0,0,0,0,0,1,0,1,0,0,0,0,1,0,1,0
0,1,1,1,1,0,1,1,1,1,1,0,0,0,1,1,1,0,0,0,1,1,0,0,1,0,1,1,0,0,1,0,0,1,1,0,1,1,0,0
1,0,0,0,1,0,0,0,0,0,1,0,0,0,0,0,1,0,0,1,0,0,0,1,0,1,0,0,1,1,0,1,0,0,0,0,1,1,1,0
0,0,0,0,1,1,0,0,1,0,1,0,0,0,0,0,1,0,1,1,1,0,1,0,0,1,1,1,0,1,0,1,0,0,0,0,0,0,1,1
1,1,1,1,0,0,1,1,0,1,0,1,0,0,0,1,0,0,0,0,0,1,0,1,1,0,0,1,1,0,1,0,1,1,1,1,1,1,0,0
1,1,1,1,0,0,1,1,0,1,0,1,0,0,1,0,0,1,0,0,0,1,0,1,1,0,0,1,1,0,1,0,1,1,1,1,0,1,0,0
0,0,0,0,1,0,0,0,1,0,1,1,1,1,0,0,0,0,1,1,1,0,1,1,0,0,0,0,1,1,0,1,0,0,0,0,1,0,1,0
1,0,0,1,0,1,0,0,0,1,0,0,0,0,0,1,0,0,0,1,0,0,0,1,1,1,0,0,1,1,0,0,1,1,1,1,0,1,1,1
0,0,0,0,1,1,0,0,1,0,1,0,0,1,0,0,1,0,0,1,1,0,1,0,0,0,1,0,0,1,0,1,0,0,0,0,1,0,1,1
1,0,0,0,1,1,0,0,1,0,1,0,1,1,0,0,1,1,1,0,0,0,1,0,0,1,0,0,1,1,0,1,0,0,0,0,0,0,1,1
0,0,0,1,1,0,1,1,1,0,1,1,0,1,0,0,1,0,1,0,0,1,1,0,1,0,1,1,0,0,0,1,1,0,0,0,1,0,0,1
0,1,1,1,1,0,1,1,1,0,0,1,0,0,1,1,0,0,0,0,1,0,0,0,1,0,1,1,0,0,1,0,1,1,1,0,1,0,0,1
0,0,0,0,1,1,0,0,1,0,1,0,0,1,0,0,1,0,1,1,1,0,0,0,0,0,1,1,0,1,0,1,0,0,0,0,0,0,0,1
1,1,1,0,0,0,0,0,0,1,0,0,1,0,1,1,1,1,0,0,0,0,0,0,0,1,0,0,1,1,1,0,0,1,1,1,1,1,1,0
0,1,1,1,0,1,1,1,0,1,0,1,0,0,1,1,0,1,0,0,1,1,0,0,0,0,1,1,0,0,1,0,1,1,1,1,0,0,0,1
1,0,0,0,0,1,0,0,0,1,0,0,1,1,0,0,0,1,0,1,0,0,0,1,0,0,0,0,1,1,0,0,1,0,1,1,0,1,1,1
0,1,0,1,1,1,1,1,1,0,0,1,0,1,0,0,0,0,1,0,1,1,1,0,1,0,0,1,0,0,0,0,1,0,0,1,0,0,0,1
0,1,1,1,0,1,1,1,1,1,0,1,0,1,1,1,0,0,0,0,1,1,1,0,1,0,1,0,0,0,1,0,1,1,1,1,0,0,0,1
1,1,1,0,0,0,0,0,0,1,0,0,1,0,1,1,1,1,0,1,0,0,0,1,0,1,0,0,0,1,1,0,0,1,1,1,1,1,1,0
1,0,0,0,0,1,0,0,0,0,1,0,1,1,0,0,1,1,1,1,0,0,1,1,0,1,0,0,1,0,0,1,0,0,0,0,0,0,1,1
0,1,1,1,0,0,1,1,0,1,0,1,0,0,1,1,0,0,0,0,0,1,0,1,1,0,0,1,1,0,0,0,1,1,1,1,1,1,0,0
0,0,0,0,1,0,0,0,1,0,1,0,1,1,0,0,1,0,1,1,1,0,1,0,0,0,0,0,0,1,0,0,0,0,0,0,1,0,1,0
0,1,1,1,0,1,1,1,0,1,0,0,0,0,1,1,0,1,0,0,1,1,0,0,1,1,1,1,0,0,1,0,0,1,1,1,0,0,0,1
1,1,1,1,0,0,1,1,0,1,0,1,0,0,1,1,0,1,0,0,0,1,0,1,1,0,0,1,1,0,1,0,1,0,1,1,0,1,0,0
1,1,1,1,0,1,1,1,0,1,0,1,0,0,1,1,0,1,0,0,0,1,0,1,1,1,0,1,1,0,1,0,1,1,0,1,0,1,0,0
1,1,1,1,0,1,1,1,0,1,0,0,0,0,1,1,0,1,0,0,0,0,0,1,1,1,1,1,1,0,1,0,1,1,1,0,0,1,0,1
0,1,1,0,1,0,0,1,1,0,1,1,1,0,1,0,1,0,1,0,1,1,0,1,0,0,0,0,1,0,1,1,0,0,0,0,0,1,1,0
1,1,1,0,0,0,0,1,0,1,0,1,1,0,1,1,0,1,0,0,0,0,0,1,0,1,0,0,1,0,1,0,0,1,1,1,1,0,1,0
1,0,0,0,0,1,0,0,0,0,1,0,1,1,0,0,1,1,1,1,0,0,0,1,0,1,0,0,1,1,0,1,0,0,0,0,1,1,0,0
0,0,0,1,0,1,1,0,1,0,0,0,0,1,0,0,0,1,1,1,1,1,1,0,1,1,1,1,0,1,0,0,1,0,0,1,0,0,0,0
Time: 2025-10-24 00:03:00, Timestep: 4, Round: 1, Phase: TRANSMITTING, Aggregation Server: 21, Redistribution Server: TBD, Target Node: 21, Phase Length: 15, Timestep in Phase: 4, Current Connections: 20, Cumulative Connections: 24/29, Connected Sats: [1, 2, 3, 4, 6, 7, 8, 9, 11, 14, 15, 18, 20, 22, 24, 26, 27, 30, 32, 33, 34, 35, 36, 39], Missing Sats: [10, 13, 16, 19, 31], Target Sats: [1, 2, 3, 4, 6, 7, 8, 9, 10, 11, 13, 14, 15, 16, 18, 19, 20, 22, 24, 26, 27, 30, 31, 32, 33, 34, 35, 36, 39], Phase Complete: False
0,0,0,0,0,1,0,0,0,1,0,0,1,0,1,1,0,1,0,1,0,0,0,1,0,1,0,0,1,1,0,0,0,1,1,1,0,1,1,0
0,0,1,1,0,0,1,1,0,1,0,1,0,0,1,1,0,0,0,0,0,1,0,1,1,0,1,1,0,0,1,0,1,1,1,1,1,1,0,0
0,1,0,1,0,0,1,1,0,1,0,1,0,0,1,1,0,0,0,0,0,1,0,1,1,0,0,1,1,0,1,0,1,1,1,1,1,1,0,0
0,1,1,0,0,1,1,1,0,1,0,1,0,0,1,1,0,1,0,0,1,1,0,0,1,0,1,1,0,0,1,0,1,1,1,1,0,0,0,1
0,0,0,0,0,0,1,0,1,0,1,1,1,1,0,0,1,0,1,1,1,1,1,0,0,0,1,0,0,0,0,1,0,0,0,0,1,0,0,0
1,0,0,1,0,0,0,0,0,1,0,0,0,1,0,0,0,1,1,1,0,0,1,0,1,1,1,1,0,1,0,0,1,0,1,1,0,0,1,1
0,1,1,1,1,0,0,1,1,1,0,1,0,0,1,1,0,0,0,0,1,1,0,0,1,0,1,1,0,0,1,0,1,1,1,1,0,0,0,1
0,1,1,1,0,0,1,0,0,1,0,1,0,0,1,1,0,0,0,0,1,1,0,0,1,0,1,1,0,0,1,0,1,1,1,1,1,1,0,0
0,0,0,0,1,0,1,0,0,0,1,1,0,1,0,0,1,0,1,1,1,1,1,0,1,0,1,1,0,0,0,1,0,0,0,0,1,0,0,1
1,1,1,1,0,1,1,1,0,0,0,1,0,0,1,1,0,1,0,0,0,0,0,1,1,1,0,1,1,0,1,0,1,1,1,1,0,1,0,0
0,0,0,0,1,0,0,0,1,0,0,1,1,1,0,0,1,0,1,1,1,0,1,0,0,0,0,0,0,1,0,1,0,0,0,0,1,0,1,0
0,1,1,1,1,0,1,1,1,1,1,0,0,0,1,1,1,0,0,0,1,1,0,0,1,0,1,1,0,0,1,0,1,1,1,0,1,1,0,0
1,0,0,0,1,0,0,0,0,0,1,0,0,0,0,0,1,0,0,1,0,0,0,1,0,1,0,0,1,1,0,1,0,1,0,0,1,1,1,0
0,0,0,0,1,1,0,0,1,0,1,0,0,0,0,0,1,0,1,1,1,0,1,0,0,1,1,1,0,1,0,1,0,0,0,0,0,0,1,1
1,1,1,1,0,0,1,1,0,1,0,1,0,0,0,1,0,0,0,0,0,1,0,1,1,0,0,1,1,0,1,0,1,1,1,1,1,1,0,0
1,1,1,1,0,0,1,1,0,1,0,1,0,0,1,0,0,1,0,0,0,1,0,1,1,0,0,1,1,0,1,0,1,1,1,1,0,1,0,0
0,0,0,0,1,0,0,0,1,0,1,1,1,1,0,0,0,0,1,1,1,0,1,1,0,0,0,0,1,1,0,1,0,0,0,0,1,0,1,0
1,0,0,1,0,1,0,0,0,1,0,0,0,0,0,1,0,0,0,1,0,0,0,1,0,1,0,0,1,1,0,0,1,1,1,1,0,1,1,1
0,0,0,0,1,1,0,0,1,0,1,0,0,1,0,0,1,0,0,1,1,1,1,0,0,0,1,0,0,1,0,1,0,0,0,0,1,0,1,1
1,0,0,0,1,1,0,0,1,0,1,0,1,1,0,0,1,1,1,0,0,0,1,0,0,1,0,0,1,1,0,1,0,0,0,0,0,0,1,1
0,0,0,1,1,0,1,1,1,0,1,1,0,1,0,0,1,0,1,0,0,1,1,0,1,0,1,1,0,0,0,1,1,0,0,0,1,0,0,1
0,1,1,1,1,0,1,1,1,0,0,1,0,0,1,1,0,0,1,0,1,0,1,0,1,0,1,1,0,0,1,0,1,0,0,0,1,0,0,1
0,0,0,0,1,1,0,0,1,0,1,0,0,1,0,0,1,0,1,1,1,1,0,0,1,0,1,1,0,1,0,1,0,0,0,0,0,0,0,1
1,1,1,0,0,0,0,0,0,1,0,0,1,0,1,1,1,1,0,0,0,0,0,0,0,1,0,0,1,1,1,0,0,1,1,1,1,1,1,0
0,1,1,1,0,1,1,1,1,1,0,1,0,0,1,1,0,0,0,0,1,1,1,0,0,0,1,1,0,0,1,0,1,1,1,1,0,0,0,1
1,0,0,0,0,1,0,0,0,1,0,0,1,1,0,0,0,1,0,1,0,0,0,1,0,0,0,0,1,1,0,0,0,0,1,1,0,1,1,1
0,1,0,1,1,1,1,1,1,0,0,1,0,1,0,0,0,0,1,0,1,1,1,0,1,0,0,1,0,0,0,0,1,0,1,1,0,0,0,1
0,1,1,1,0,1,1,1,1,1,0,1,0,1,1,1,0,0,0,0,1,1,1,0,1,0,1,0,0,0,1,0,1,0,1,1,0,0,0,1
1,0,1,0,0,0,0,0,0,1,0,0,1,0,1,1,1,1,0,1,0,0,0,1,0,1,0,0,0,1,1,0,0,1,1,1,1,1,1,0
1,0,0,0,0,1,0,0,0,0,1,0,1,1,0,0,1,1,1,1,0,0,1,1,0,1,0,0,1,0,0,1,0,0,0,0,0,0,1,1
0,1,1,1,0,0,1,1,0,1,0,1,0,0,1,1,0,0,0,0,0,1,0,1,1,0,0,1,1,0,0,0,1,1,1,1,1,1,0,0
0,0,0,0,1,0,0,0,1,0,1,0,1,1,0,0,1,0,1,1,1,0,1,0,0,0,0,0,0,1,0,0,0,0,0,0,1,0,1,0
0,1,1,1,0,1,1,1,0,1,0,1,0,0,1,1,0,1,0,0,1,1,0,0,1,0,1,1,0,0,1,0,0,1,1,1,0,0,0,1
1,1,1,1,0,0,1,1,0,1,0,1,1,0,1,1,0,1,0,0,0,0,0,1,1,0,0,0,1,0,1,0,1,0,1,1,0,1,0,0
1,1,1,1,0,1,1,1,0,1,0,1,0,0,1,1,0,1,0,0,0,0,0,1,1,1,1,1,1,0,1,0,1,1,0,1,0,1,0,0
1,1,1,1,0,1,1,1,0,1,0,0,0,0,1,1,0,1,0,0,0,0,0,1,1,1,1,1,1,0,1,0,1,1,1,0,0,1,0,1
0,1,1,0,1,0,0,1,1,0,1,1,1,0,1,0,1,0,1,0,1,1,0,1,0,0,0,0,1,0,1,1,0,0,0,0,0,1,1,0
1,1,1,0,0,0,0,1,0,1,0,1,1,0,1,1,0,1,0,0,0,0,0,1,0,1,0,0,1,0,1,0,0,1,1,1,1,0,1,0
1,0,0,0,0,1,0,0,0,0,1,0,1,1,0,0,1,1,1,1,0,0,0,1,0,1,0,0,1,1,0,1,0,0,0,0,1,1,0,0
0,0,0,1,0,1,1,0,1,0,0,0,0,1,0,0,0,1,1,1,1,1,1,0,1,1,1,1,0,1,0,0,1,0,0,1,0,0,0,0
Time: 2025-10-24 00:04:00, Timestep: 5, Round: 1, Phase: TRANSMITTING, Aggregation Server: 21, Redistribution Server: TBD, Target Node: 21, Phase Length: 15, Timestep in Phase: 5, Current Connections: 20, Cumulative Connections: 24/29, Connected Sats: [1, 2, 3, 4, 6, 7, 8, 9, 11, 14, 15, 18, 20, 22, 24, 26, 27, 30, 32, 33, 34, 35, 36, 39], Missing Sats: [10, 13, 16, 19, 31], Target Sats: [1, 2, 3, 4, 6, 7, 8, 9, 10, 11, 13, 14, 15, 16, 18, 19, 20, 22, 24, 26, 27, 30, 31, 32, 33, 34, 35, 36, 39], Phase Complete: False
0,0,0,0,0,1,0,0,0,1,0,0,1,0,1,1,0,1,0,1,0,0,0,1,0,1,0,0,1,1,0,0,0,1,1,1,0,1,1,0
0,0,1,1,0,0,1,1,0,1,0,1,0,0,1,1,0,0,0,0,0,1,0,1,1,0,1,1,0,0,1,0,1,1,1,1,1,1,0,0
0,1,0,1,0,0,1,1,0,1,0,1,1,0,1,1,0,0,0,0,0,1,0,1,1,0,0,1,0,0,1,0,1,1,1,1,1,1,0,0
0,1,1,0,0,1,1,1,0,1,0,1,0,1,1,1,0,1,0,0,1,1,1,0,1,0,1,1,0,0,1,0,1,1,1,1,0,0,0,1
0,0,0,0,0,0,1,0,1,0,1,1,1,1,0,0,1,0,1,1,1,1,1,0,0,0,1,0,0,0,0,1,0,0,0,0,1,0,0,0
1,0,0,1,0,0,0,0,0,1,0,0,0,1,0,0,0,1,1,1,0,0,1,0,1,1,1,1,0,1,0,0,1,0,1,1,0,0,1,1
0,1,1,1,1,0,0,1,1,1,0,1,0,0,1,1,0,0,0,0,1,1,0,0,1,0,1,1,0,0,1,0,1,1,1,1,0,0,0,1
0,1,1,1,0,0,1,0,0,1,0,1,0,0,1,1,0,0,0,0,1,1,0,0,1,0,1,1,0,0,1,0,1,1,1,1,1,1,0,0
0,0,0,0,1,0,1,0,0,0,1,1,0,1,0,0,1,0,1,1,1,1,1,0,1,0,1,1,0,0,0,1,0,0,0,0,1,0,0,1
1,1,1,1,0,1,1,1,0,0,0,1,0,0,1,1,0,1,0,0,0,0,0,1,1,1,0,1,1,0,1,0,1,1,1,1,0,1,0,0
0,0,0,0,1,0,0,0,1,0,0,0,1,1,0,0,1,0,1,1,1,0,1,0,0,0,0,0,1,1,0,1,0,0,0,0,1,0,1,0
0,1,1,1,1,0,1,1,1,1,0,0,0,0,1,1,1,0,0,0,1,1,0,0,1,0,1,1,0,0,1,0,1,1,1,0,1,1,0,0
1,0,1,0,1,0,0,0,0,0,1,0,0,0,1,0,1,0,0,1,0,0,0,1,0,1,0,0,1,1,1,1,0,1,0,0,1,1,1,0
0,0,0,1,1,1,0,0,1,0,1,0,0,0,0,0,1,1,1,1,1,0,1,0,1,1,1,1,0,1,0,1,0,0,0,0,0,0,1,1
1,1,1,1,0,0,1,1,0,1,0,1,1,0,0,1,0,0,0,0,0,1,0,1,1,0,0,1,1,0,1,0,1,1,1,1,0,1,0,0
1,1,1,1,0,0,1,1,0,1,0,1,0,0,1,0,0,1,0,0,0,1,0,1,1,0,1,1,1,0,1,0,1,1,1,1,0,1,0,0
0,0,0,0,1,0,0,0,1,0,1,1,1,1,0,0,0,0,1,1,1,0,1,1,0,0,0,0,1,1,0,1,0,0,0,0,1,0,1,0
1,0,0,1,0,1,0,0,0,1,0,0,0,1,0,1,0,0,0,1,0,0,0,1,0,1,0,0,1,1,0,0,1,1,1,1,0,1,1,1
0,0,0,0,1,1,0,0,1,0,1,0,0,1,0,0,1,0,0,1,1,1,1,0,0,0,1,0,0,1,0,1,0,0,0,0,1,0,1,1
1,0,0,0,1,1,0,0,1,0,1,0,1,1,0,0,1,1,1,0,1,0,1,0,0,1,0,0,1,1,0,1,0,0,0,0,0,0,1,1
0,0,0,1,1,0,1,1,1,0,1,1,0,1,0,0,1,0,1,1,0,1,1,0,1,0,1,1,0,0,0,1,1,0,0,0,1,0,0,1
0,1,1,1,1,0,1,1,1,0,0,1,0,0,1,1,0,0,1,0,1,0,1,0,1,0,1,1,0,0,1,0,1,0,0,0,1,0,0,1
0,0,0,1,1,1,0,0,1,0,1,0,0,1,0,0,1,0,1,1,1,1,0,0,1,0,1,1,0,1,0,1,0,0,0,0,0,0,0,1
1,1,1,0,0,0,0,0,0,1,0,0,1,0,1,1,1,1,0,0,0,0,0,0,0,1,0,0,1,1,1,0,0,1,1,1,1,1,1,0
0,1,1,1,0,1,1,1,1,1,0,1,0,1,1,1,0,0,0,0,1,1,1,0,0,0,1,1,0,0,1,0,1,1,1,1,0,0,0,1
1,0,0,0,0,1,0,0,0,1,0,0,1,1,0,0,0,1,0,1,0,0,0,1,0,0,0,0,1,1,0,0,0,0,1,1,0,0,1,1
0,1,0,1,1,1,1,1,1,0,0,1,0,1,0,1,0,0,1,0,1,1,1,0,1,0,0,1,0,0,0,0,1,0,1,1,0,0,0,1
0,1,1,1,0,1,1,1,1,1,0,1,0,1,1,1,0,0,0,0,1,1,1,0,1,0,1,0,0,0,1,0,1,0,1,1,0,0,0,1
1,0,0,0,0,0,0,0,0,1,1,0,1,0,1,1,1,1,0,1,0,0,0,1,0,1,0,0,0,1,1,0,0,1,1,1,1,1,1,0
1,0,0,0,0,1,0,0,0,0,1,0,1,1,0,0,1,1,1,1,0,0,1,1,0,1,0,0,1,0,0,1,0,0,0,0,0,0,1,1
0,1,1,1,0,0,1,1,0,1,0,1,1,0,1,1,0,0,0,0,0,1,0,1,1,0,0,1,1,0,0,0,1,1,1,1,1,1,0,0
0,0,0,0,1,0,0,0,1,0,1,0,1,1,0,0,1,0,1,1,1,0,1,0,0,0,0,0,0,1,0,0,0,0,0,0,1,0,1,0
0,1,1,1,0,1,1,1,0,1,0,1,0,0,1,1,0,1,0,0,1,1,0,0,1,0,1,1,0,0,1,0,0,1,1,1,0,0,0,1
1,1,1,1,0,0,1,1,0,1,0,1,1,0,1,1,0,1,0,0,0,0,0,1,1,0,0,0,1,0,1,0,1,0,1,1,0,1,0,0
1,1,1,1,0,1,1,1,0,1,0,1,0,0,1,1,0,1,0,0,0,0,0,1,1,1,1,1,1,0,1,0,1,1,0,1,0,1,0,0
1,1,1,1,0,1,1,1,0,1,0,0,0,0,1,1,0,1,0,0,0,0,0,1,1,1,1,1,1,0,1,0,1,1,1,0,0,1,0,1
0,1,1,0,1,0,0,1,1,0,1,1,1,0,0,0,1,0,1,0,1,1,0,1,0,0,0,0,1,0,1,1,0,0,0,0,0,1,1,0
1,1,1,0,0,0,0,1,0,1,0,1,1,0,1,1,0,1,0,0,0,0,0,1,0,0,0,0,1,0,1,0,0,1,1,1,1,0,1,0
1,0,0,0,0,1,0,0,0,0,1,0,1,1,0,0,1,1,1,1,0,0,0,1,0,1,0,0,1,1,0,1,0,0,0,0,1,1,0,0
0,0,0,1,0,1,1,0,1,0,0,0,0,1,0,0,0,1,1,1,1,1,1,0,1,1,1,1,0,1,0,0,1,0,0,1,0,0,0,0
Time: 2025-10-24 00:05:00, Timestep: 6, Round: 1, Phase: TRANSMITTING, Aggregation Server: 21, Redistribution Server: TBD, Target Node: 21, Phase Length: 15, Timestep in Phase: 6, Current Connections: 22, Cumulative Connections: 26/29, Connected Sats: [1, 2, 3, 4, 6, 7, 8, 9, 11, 13, 14, 15, 18, 20, 22, 24, 26, 27, 30, 31, 32, 33, 34, 35, 36, 39], Missing Sats: [10, 16, 19], Target Sats: [1, 2, 3, 4, 6, 7, 8, 9, 10, 11, 13, 14, 15, 16, 18, 19, 20, 22, 24, 26, 27, 30, 31, 32, 33, 34, 35, 36, 39], Phase Complete: False
0,0,0,0,0,1,0,0,0,1,0,0,1,0,1,1,0,1,0,1,0,0,0,1,0,1,0,0,1,1,0,0,0,1,1,1,0,1,1,0
0,0,1,1,0,0,1,1,0,1,0,1,0,0,1,1,0,0,0,0,0,1,0,1,1,0,1,1,0,0,1,0,1,1,1,1,0,1,0,0
0,1,0,1,0,0,1,1,0,1,0,1,1,0,1,1,0,0,0,0,0,1,0,1,1,0,1,1,0,0,1,0,1,1,1,1,1,1,0,0
0,1,1,0,0,1,1,1,1,1,0,1,0,1,1,1,0,1,0,0,1,1,1,0,1,0,1,1,0,0,0,0,1,1,1,1,0,0,0,1
0,0,0,0,0,0,0,0,1,0,1,1,1,1,0,0,1,0,1,1,1,1,1,0,0,0,0,0,0,0,0,1,0,0,0,0,1,0,0,0
1,0,0,1,0,0,0,0,0,1,0,0,0,1,0,0,0,1,0,1,0,0,1,0,1,1,1,1,0,1,0,0,1,0,1,1,0,0,1,1
0,1,1,1,0,0,0,1,1,1,0,1,0,0,1,1,0,0,0,0,1,1,0,0,1,0,1,1,0,0,1,0,1,1,1,1,0,0,0,1
0,1,1,1,0,0,1,0,0,1,0,1,0,0,1,1,0,0,0,0,1,1,0,0,1,0,1,1,0,0,1,0,1,1,1,1,1,1,0,0
0,0,0,1,1,0,1,0,0,0,1,1,0,1,0,0,1,0,1,1,1,1,1,0,1,0,1,1,0,0,0,1,0,0,0,0,1,0,0,1
1,1,1,1,0,1,1,1,0,0,0,1,1,0,1,1,0,1,0,0,0,0,0,1,1,1,0,0,1,0,1,0,1,1,1,1,0,1,0,0
0,0,0,0,1,0,0,0,1,0,0,0,1,1,0,0,1,0,1,1,1,0,1,0,0,0,0,0,1,1,0,1,0,0,0,0,1,0,1,0
0,1,1,1,1,0,1,1,1,1,0,0,0,0,1,1,1,0,0,0,1,1,0,0,1,0,1,1,0,0,1,0,1,1,1,0,1,1,0,0
1,0,1,0,1,0,0,0,0,1,1,0,0,0,1,0,1,1,0,1,0,0,0,1,0,1,0,0,1,1,1,1,0,1,0,0,1,1,1,0
0,0,0,1,1,1,0,0,1,0,1,0,0,0,0,0,1,1,1,1,1,1,1,0,1,1,1,1,0,1,0,1,0,0,0,0,0,0,0,1
1,1,1,1,0,0,1,1,0,1,0,1,1,0,0,1,0,0,0,0,0,1,0,1,1,0,0,0,1,0,1,0,1,1,1,1,0,1,0,0
1,1,1,1,0,0,1,1,0,1,0,1,0,0,1,0,0,1,0,0,0,1,0,1,1,0,1,1,1,0,1,0,1,1,1,1,0,1,0,0
0,0,0,0,1,0,0,0,1,0,1,1,1,1,0,0,0,0,1,1,1,0,1,1,0,0,0,0,1,0,0,1,0,0,0,0,1,0,1,0
1,0,0,1,0,1,0,0,0,1,0,0,1,1,0,1,0,0,0,1,0,0,0,1,0,1,0,0,1,1,0,0,1,1,1,1,0,1,1,1
0,0,0,0,1,0,0,0,1,0,1,0,0,1,0,0,1,0,0,1,1,1,1,0,0,0,1,1,0,1,0,1,0,0,0,0,1,0,0,1
1,0,0,0,1,1,0,0,1,0,1,0,1,1,0,0,1,1,1,0,1,0,1,0,0,1,0,0,1,1,0,1,0,0,0,0,0,0,1,1
0,0,0,1,1,0,1,1,1,0,1,1,0,1,0,0,1,0,1,1,0,1,1,0,1,0,1,1,0,0,0,1,1,0,0,0,1,0,0,1
0,1,1,1,1,0,1,1,1,0,0,1,0,1,1,1,0,0,1,0,1,0,1,0,1,0,1,1,0,0,1,1,1,0,0,0,1,0,0,1
0,0,0,1,1,1,0,0,1,0,1,0,0,1,0,0,1,0,1,1,1,1,0,0,1,0,1,1,0,1,0,1,0,0,0,0,0,0,0,1
1,1,1,0,0,0,0,0,0,1,0,0,1,0,1,1,1,1,0,0,0,0,0,0,0,1,0,0,1,0,1,0,0,1,1,1,1,1,1,0
0,1,1,1,0,1,1,1,1,1,0,1,0,1,1,1,0,0,0,0,1,1,1,0,0,0,1,1,0,0,1,0,1,0,1,1,0,0,0,1
1,0,0,0,0,1,0,0,0,1,0,0,1,1,0,0,0,1,0,1,0,0,0,1,0,0,0,0,1,1,0,0,0,0,1,1,0,0,1,1
0,1,1,1,0,1,1,1,1,0,0,1,0,1,0,1,0,0,1,0,1,1,1,0,1,0,0,1,0,0,0,0,1,0,1,1,0,0,0,1
0,1,1,1,0,1,1,1,1,0,0,1,0,1,0,1,0,0,1,0,1,1,1,0,1,0,1,0,0,0,0,0,1,0,1,1,0,0,0,1
1,0,0,0,0,0,0,0,0,1,1,0,1,0,1,1,1,1,0,1,0,0,0,1,0,1,0,0,0,1,1,0,0,1,1,1,1,1,1,0
1,0,0,0,0,1,0,0,0,0,1,0,1,1,0,0,0,1,1,1,0,0,1,0,0,1,0,0,1,0,0,1,0,0,0,1,0,0,1,1
0,1,1,0,0,0,1,1,0,1,0,1,1,0,1,1,0,0,0,0,0,1,0,1,1,0,0,0,1,0,0,0,1,1,1,1,1,1,0,0
0,0,0,0,1,0,0,0,1,0,1,0,1,1,0,0,1,0,1,1,1,1,1,0,0,0,0,0,0,1,0,0,0,0,0,0,1,0,1,0
0,1,1,1,0,1,1,1,0,1,0,1,0,0,1,1,0,1,0,0,1,1,0,0,1,0,1,1,0,0,1,0,0,1,1,1,0,0,0,1
1,1,1,1,0,0,1,1,0,1,0,1,1,0,1,1,0,1,0,0,0,0,0,1,0,0,0,0,1,0,1,0,1,0,1,1,0,1,0,0
1,1,1,1,0,1,1,1,0,1,0,1,0,0,1,1,0,1,0,0,0,0,0,1,1,1,1,1,1,0,1,0,1,1,0,1,0,1,0,0
1,1,1,1,0,1,1,1,0,1,0,0,0,0,1,1,0,1,0,0,0,0,0,1,1,1,1,1,1,1,1,0,1,1,1,0,0,1,0,1
0,0,1,0,1,0,0,1,1,0,1,1,1,0,0,0,1,0,1,0,1,1,0,1,0,0,0,0,1,0,1,1,0,0,0,0,0,1,1,0
1,1,1,0,0,0,0,1,0,1,0,1,1,0,1,1,0,1,0,0,0,0,0,1,0,0,0,0,1,0,1,0,0,1,1,1,1,0,1,0
1,0,0,0,0,1,0,0,0,0,1,0,1,0,0,0,1,1,0,1,0,0,0,1,0,1,0,0,1,1,0,1,0,0,0,0,1,1,0,0
0,0,0,1,0,1,1,0,1,0,0,0,0,1,0,0,0,1,1,1,1,1,1,0,1,1,1,1,0,1,0,0,1,0,0,1,0,0,0,0
Time: 2025-10-24 00:06:00, Timestep: 7, Round: 1, Phase: TRANSMITTING, Aggregation Server: 21, Redistribution Server: TBD, Target Node: 21, Phase Length: 15, Timestep in Phase: 7, Current Connections: 20, Cumulative Connections: 26/29, Connected Sats: [1, 2, 3, 4, 6, 7, 8, 9, 11, 13, 14, 15, 18, 20, 22, 24, 26, 27, 30, 31, 32, 33, 34, 35, 36, 39], Missing Sats: [10, 16, 19], Target Sats: [1, 2, 3, 4, 6, 7, 8, 9, 10, 11, 13, 14, 15, 16, 18, 19, 20, 22, 24, 26, 27, 30, 31, 32, 33, 34, 35, 36, 39], Phase Complete: False
0,0,0,0,0,1,0,0,0,1,0,0,1,0,1,1,0,1,0,1,0,0,0,1,0,1,0,0,1,1,0,0,0,1,1,1,0,1,1,0
0,0,1,1,0,0,1,1,0,1,0,1,1,0,1,1,0,0,0,0,0,1,0,1,1,0,1,1,0,0,1,0,1,1,1,1,0,1,0,0
0,1,0,1,0,0,1,1,0,1,0,1,1,0,1,1,0,0,0,0,0,1,0,1,1,0,1,1,0,0,1,0,1,1,1,1,1,1,0,0
0,1,1,0,0,1,1,1,1,1,0,1,0,1,1,1,0,1,0,0,1,1,1,0,1,0,1,1,0,0,0,0,1,0,1,1,0,0,0,1
0,0,0,0,0,0,0,0,1,0,1,1,1,1,0,0,1,0,1,1,1,1,1,0,0,0,0,0,0,0,0,1,0,0,0,0,1,0,1,0
1,0,0,1,0,0,0,0,0,1,0,0,0,1,0,1,0,1,0,1,0,0,1,0,1,1,1,1,0,1,0,0,1,0,1,1,0,0,1,1
0,1,1,1,0,0,0,1,1,1,0,1,0,0,1,1,0,0,0,0,1,1,0,0,1,0,1,1,0,0,1,0,1,1,1,1,0,1,0,1
0,1,1,1,0,0,1,0,0,1,0,1,0,0,1,1,0,0,0,0,1,1,0,1,1,0,1,1,0,0,1,0,1,1,1,1,1,1,0,0
0,0,0,1,1,0,1,0,0,0,1,1,0,1,0,0,1,0,1,1,1,1,1,0,1,0,1,1,0,0,0,1,0,0,0,0,1,0,0,1
1,1,1,1,0,1,1,1,0,0,0,1,1,0,1,1,0,1,0,0,0,0,0,1,1,1,0,0,1,0,1,0,1,1,1,1,0,1,0,0
0,0,0,0,1,0,0,0,1,0,0,0,1,1,0,0,1,0,1,1,1,0,1,0,0,0,0,0,1,1,0,1,0,0,0,0,1,0,1,0
0,1,1,1,1,0,1,1,1,1,0,0,0,0,1,1,0,0,0,0,1,1,0,0,1,0,1,1,0,0,1,0,1,1,1,0,1,1,0,0
1,1,1,0,1,0,0,0,0,1,1,0,0,0,1,0,1,1,0,0,0,0,0,1,0,1,0,0,1,1,1,1,0,1,0,0,1,1,1,0
0,0,0,1,1,1,0,0,1,0,1,0,0,0,0,0,1,1,1,1,1,1,1,0,1,1,1,1,0,1,0,1,1,0,0,0,0,0,0,1
1,1,1,1,0,0,1,1,0,1,0,1,1,0,0,1,0,0,0,0,0,0,0,1,1,0,0,0,1,0,1,0,1,1,1,1,0,1,0,0
1,1,1,1,0,1,1,1,0,1,0,1,0,0,1,0,0,1,0,0,0,0,0,1,1,0,1,1,1,0,1,0,1,1,1,1,0,1,0,0
0,0,0,0,1,0,0,0,1,0,1,0,1,1,0,0,0,0,1,1,1,0,1,1,0,0,0,0,1,0,0,1,0,0,0,0,1,0,1,0
1,0,0,1,0,1,0,0,0,1,0,0,1,1,0,1,0,0,0,1,0,0,0,1,0,1,0,0,1,1,0,0,1,1,1,1,0,0,1,1
0,0,0,0,1,0,0,0,1,0,1,0,0,1,0,0,1,0,0,1,1,1,1,0,1,0,1,1,0,1,0,1,0,0,0,0,1,0,0,1
1,0,0,0,1,1,0,0,1,0,1,0,0,1,0,0,1,1,1,0,1,0,1,0,0,1,0,0,1,1,0,1,0,0,0,0,0,0,1,1
0,0,0,1,1,0,1,1,1,0,1,1,0,1,0,0,1,0,1,1,0,1,1,0,1,0,1,1,0,0,0,1,1,0,0,0,1,0,0,1
0,1,1,1,1,0,1,1,1,0,0,1,0,1,0,0,0,0,1,0,1,0,1,0,1,0,1,1,0,0,1,1,1,0,0,0,1,0,0,1
0,0,0,1,1,1,0,0,1,0,1,0,0,1,0,0,1,0,1,1,1,1,0,0,1,0,1,1,0,1,0,1,1,0,0,0,0,0,0,1
1,1,1,0,0,0,0,1,0,1,0,0,1,0,1,1,1,1,0,0,0,0,0,0,0,1,0,0,1,0,1,0,0,1,1,1,1,1,1,0
0,1,1,1,0,1,1,1,1,1,0,1,0,1,1,1,0,0,1,0,1,1,1,0,0,0,1,1,0,0,0,0,1,0,1,1,0,0,0,1
1,0,0,0,0,1,0,0,0,1,0,0,1,1,0,0,0,1,0,1,0,0,0,1,0,0,0,0,1,1,0,0,0,0,0,1,0,0,1,1
0,1,1,1,0,1,1,1,1,0,0,1,0,1,0,1,0,0,1,0,1,1,1,0,1,0,0,1,0,0,0,0,1,0,1,1,0,0,0,1
0,1,1,1,0,1,1,1,1,0,0,1,0,1,0,1,0,0,1,0,1,1,1,0,1,0,1,0,0,0,0,0,1,0,1,1,0,0,0,1
1,0,0,0,0,0,0,0,0,1,1,0,1,0,1,1,1,1,0,1,0,0,0,1,0,1,0,0,0,1,1,0,0,1,0,1,1,1,1,0
1,0,0,0,0,1,0,0,0,0,1,0,1,1,0,0,0,1,1,1,0,0,1,0,0,1,0,0,1,0,0,0,0,0,0,1,0,0,1,1
0,1,1,0,0,0,1,1,0,1,0,1,1,0,1,1,0,0,0,0,0,1,0,1,0,0,0,0,1,0,0,0,1,1,1,1,1,1,0,0
0,0,0,0,1,0,0,0,1,0,1,0,1,1,0,0,1,0,1,1,1,1,1,0,0,0,0,0,0,0,0,0,0,0,0,0,1,0,1,0
0,1,1,1,0,1,1,1,0,1,0,1,0,1,1,1,0,1,0,0,1,1,1,0,1,0,1,1,0,0,1,0,0,1,1,1,0,0,0,1
1,1,1,0,0,0,1,1,0,1,0,1,1,0,1,1,0,1,0,0,0,0,0,1,0,0,0,0,1,0,1,0,1,0,1,1,0,1,0,0
1,1,1,1,0,1,1,1,0,1,0,1,0,0,1,1,0,1,0,0,0,0,0,1,1,0,1,1,0,0,1,0,1,1,0,1,0,1,0,0
1,1,1,1,0,1,1,1,0,1,0,0,0,0,1,1,0,1,0,0,0,0,0,1,1,1,1,1,1,1,1,0,1,1,1,0,0,1,0,1
0,0,1,0,1,0,0,1,1,0,1,1,1,0,0,0,1,0,1,0,1,1,0,1,0,0,0,0,1,0,1,1,0,0,0,0,0,1,1,0
1,1,1,0,0,0,1,1,0,1,0,1,1,0,1,1,0,0,0,0,0,0,0,1,0,0,0,0,1,0,1,0,0,1,1,1,1,0,0,0
1,0,0,0,1,1,0,0,0,0,1,0,1,0,0,0,1,1,0,1,0,0,0,1,0,1,0,0,1,1,0,1,0,0,0,0,1,0,0,0
0,0,0,1,0,1,1,0,1,0,0,0,0,1,0,0,0,1,1,1,1,1,1,0,1,1,1,1,0,1,0,0,1,0,0,1,0,0,0,0
Time: 2025-10-24 00:07:00, Timestep: 8, Round: 1, Phase: TRANSMITTING, Aggregation Server: 21, Redistribution Server: TBD, Target Node: 21, Phase Length: 15, Timestep in Phase: 8, Current Connections: 21, Cumulative Connections: 27/29, Connected Sats: [1, 2, 3, 4, 6, 7, 8, 9, 11, 13, 14, 15, 16, 18, 20, 22, 24, 26, 27, 30, 31, 32, 33, 34, 35, 36, 39], Missing Sats: [10, 19], Target Sats: [1, 2, 3, 4, 6, 7, 8, 9, 10, 11, 13, 14, 15, 16, 18, 19, 20, 22, 24, 26, 27, 30, 31, 32, 33, 34, 35, 36, 39], Phase Complete: False
0,0,0,0,0,1,0,0,0,1,1,0,1,0,1,1,0,1,0,1,0,0,0,1,0,1,0,0,1,1,0,0,0,1,1,1,0,1,1,0
0,0,1,1,0,0,1,1,0,1,0,1,1,0,1,1,0,0,0,0,0,1,0,1,1,0,1,1,0,0,1,0,1,1,1,1,0,1,0,0
0,1,0,1,0,0,1,1,0,1,0,1,1,0,1,1,0,0,0,0,0,1,0,1,1,0,1,1,0,0,1,0,1,1,1,1,0,1,0,0
0,1,1,0,0,1,1,1,1,1,0,1,0,1,0,1,0,0,0,0,1,1,1,0,1,0,1,1,0,0,0,0,1,0,1,1,0,0,0,1
0,0,0,0,0,0,0,0,1,0,1,0,1,1,0,0,1,0,1,1,1,1,1,0,0,0,0,0,0,0,0,1,0,0,0,0,1,0,1,0
1,0,0,1,0,0,0,0,0,1,0,0,0,1,0,1,0,1,0,1,0,0,1,0,1,1,1,1,0,1,0,0,1,0,1,1,0,0,1,1
0,1,1,1,0,0,0,1,1,0,0,1,0,0,1,1,0,0,0,0,1,1,0,0,1,0,1,1,0,0,1,0,1,1,1,1,0,1,0,1
0,1,1,1,0,0,1,0,0,1,0,1,0,0,1,1,0,0,0,0,1,1,0,1,1,0,1,1,0,0,1,0,1,1,1,1,1,1,0,0
0,0,0,1,1,0,1,0,0,0,1,1,0,1,0,0,1,0,1,1,1,1,1,0,1,0,1,1,0,0,0,1,0,0,0,0,1,0,0,1
1,1,1,1,0,1,0,1,0,0,0,1,1,0,1,1,0,1,0,0,0,0,0,1,0,1,0,0,1,0,1,0,1,1,1,1,0,1,0,0
1,0,0,0,1,0,0,0,1,0,0,0,1,1,0,0,1,0,1,1,1,0,1,0,0,0,0,0,1,1,0,1,0,0,0,0,1,0,1,0
0,1,1,1,0,0,1,1,1,1,0,0,0,0,1,1,0,0,0,0,1,1,0,0,1,0,1,1,0,0,1,0,1,1,1,0,1,1,0,0
1,1,1,0,1,0,0,0,0,1,1,0,0,0,1,0,1,1,0,0,0,0,0,1,0,1,0,0,1,1,1,1,0,1,0,0,1,1,1,0
0,0,0,1,1,1,0,0,1,0,1,0,0,0,0,0,0,1,1,1,1,1,1,0,1,1,1,1,0,1,0,1,1,0,0,0,0,0,0,1
1,1,1,0,0,0,1,1,0,1,0,1,1,0,0,1,0,0,0,0,0,0,0,1,0,0,0,0,1,0,1,0,1,1,1,1,0,1,0,0
1,1,1,1,0,1,1,1,0,1,0,1,0,0,1,0,0,1,0,0,0,0,0,1,1,0,1,1,0,0,1,0,1,1,1,1,0,1,0,0
0,0,0,0,1,0,0,0,1,0,1,0,1,0,0,0,0,0,1,1,1,1,1,1,0,0,0,0,1,0,0,1,0,0,0,0,1,0,1,0
1,0,0,0,0,1,0,0,0,1,0,0,1,1,0,1,0,0,0,1,0,0,0,1,0,1,0,0,1,1,0,0,1,1,1,1,0,0,1,1
0,0,0,0,1,0,0,0,1,0,1,0,0,1,0,0,1,0,0,1,1,1,1,0,1,0,1,1,0,1,0,1,0,0,0,0,1,0,0,1
1,0,0,0,1,1,0,0,1,0,1,0,0,1,0,0,1,1,1,0,1,0,1,0,0,1,0,0,1,1,0,1,0,0,0,0,0,0,1,1
0,0,0,1,1,0,1,1,1,0,1,1,0,1,0,0,1,0,1,1,0,1,1,0,1,0,1,1,0,0,0,1,1,0,0,0,1,0,0,1
0,1,1,1,1,0,1,1,1,0,0,1,0,1,0,0,1,0,1,0,1,0,1,0,1,0,1,1,0,0,1,1,1,0,0,0,1,0,0,1
0,0,0,1,1,1,0,0,1,0,1,0,0,1,0,0,1,0,1,1,1,1,0,0,1,0,1,1,0,1,0,1,1,0,0,0,0,0,0,1
1,1,1,0,0,0,0,1,0,1,0,0,1,0,1,1,1,1,0,0,0,0,0,0,0,1,0,0,1,0,1,0,0,1,1,1,1,1,1,0
0,1,1,1,0,1,1,1,1,0,0,1,0,1,0,1,0,0,1,0,1,1,1,0,0,0,1,1,0,0,0,0,1,0,1,1,0,0,0,1
1,0,0,0,0,1,0,0,0,1,0,0,1,1,0,0,0,1,0,1,0,0,0,1,0,0,0,0,1,1,0,0,0,0,0,1,0,0,1,1
0,1,1,1,0,1,1,1,1,0,0,1,0,1,0,1,0,0,1,0,1,1,1,0,1,0,0,1,0,0,0,0,1,0,1,1,0,0,0,1
0,1,1,1,0,1,1,1,1,0,0,1,0,1,0,1,0,0,1,0,1,1,1,0,1,0,1,0,0,0,0,0,1,0,1,1,0,0,0,1
1,0,0,0,0,0,0,0,0,1,1,0,1,0,1,0,1,1,0,1,0,0,0,1,0,1,0,0,0,1,1,1,0,1,0,1,1,1,1,0
1,0,0,0,0,1,0,0,0,0,1,0,1,1,0,0,0,1,1,1,0,0,1,0,0,1,0,0,1,0,0,0,0,0,0,1,0,0,1,1
0,1,1,0,0,0,1,1,0,1,0,1,1,0,1,1,0,0,0,0,0,1,0,1,0,0,0,0,1,0,0,0,0,1,1,1,1,1,0,0
0,0,0,0,1,0,0,0,1,0,1,0,1,1,0,0,1,0,1,1,1,1,1,0,0,0,0,0,1,0,0,0,0,0,0,0,1,0,1,0
0,1,1,1,0,1,1,1,0,1,0,1,0,1,1,1,0,1,0,0,1,1,1,0,1,0,1,1,0,0,0,0,0,1,1,1,0,0,0,1
1,1,1,0,0,0,1,1,0,1,0,1,1,0,1,1,0,1,0,0,0,0,0,1,0,0,0,0,1,0,1,0,1,0,1,1,0,1,0,0
1,1,1,1,0,1,1,1,0,1,0,1,0,0,1,1,0,1,0,0,0,0,0,1,1,0,1,1,0,0,1,0,1,1,0,1,0,1,0,0
1,1,1,1,0,1,1,1,0,1,0,0,0,0,1,1,0,1,0,0,0,0,0,1,1,1,1,1,1,1,1,0,1,1,1,0,0,1,0,1
0,0,0,0,1,0,0,1,1,0,1,1,1,0,0,0,1,0,1,0,1,1,0,1,0,0,0,0,1,0,1,1,0,0,0,0,0,1,1,0
1,1,1,0,0,0,1,1,0,1,0,1,1,0,1,1,0,0,0,0,0,0,0,1,0,0,0,0,1,0,1,0,0,1,1,1,1,0,0,0
1,0,0,0,1,1,0,0,0,0,1,0,1,0,0,0,1,1,0,1,0,0,0,1,0,1,0,0,1,1,0,1,0,0,0,0,1,0,0,0
0,0,0,1,0,1,1,0,1,0,0,0,0,1,0,0,0,1,1,1,1,1,1,0,1,1,1,1,0,1,0,0,1,0,0,1,0,0,0,0
Time: 2025-10-24 00:08:00, Timestep: 9, Round: 1, Phase: TRANSMITTING, Aggregation Server: 21, Redistribution Server: TBD, Target Node: 21, Phase Length: 15, Timestep in Phase: 9, Current Connections: 21, Cumulative Connections: 27/29, Connected Sats: [1, 2, 3, 4, 6, 7, 8, 9, 11, 13, 14, 15, 16, 18, 20, 22, 24, 26, 27, 30, 31, 32, 33, 34, 35, 36, 39], Missing Sats: [10, 19], Target Sats: [1, 2, 3, 4, 6, 7, 8, 9, 10, 11, 13, 14, 15, 16, 18, 19, 20, 22, 24, 26, 27, 30, 31, 32, 33, 34, 35, 36, 39], Phase Complete: False
0,0,0,0,0,1,0,0,0,1,1,0,1,0,1,1,0,1,0,1,0,0,0,1,0,1,0,0,1,1,0,0,0,1,1,1,0,1,1,0
0,0,1,1,0,0,1,1,0,1,0,1,1,0,1,1,0,0,0,0,0,1,0,1,1,0,1,0,0,0,1,0,1,1,1,1,0,1,0,0
0,1,0,1,0,0,1,1,0,1,0,1,1,0,1,1,0,0,0,0,0,1,0,1,1,0,1,0,0,0,1,0,1,1,1,1,0,1,0,0
0,1,1,0,0,1,1,1,1,1,0,1,0,1,0,1,0,0,1,0,1,1,1,0,1,0,1,1,0,0,0,0,1,0,1,1,0,0,0,1
0,0,0,0,0,0,0,0,1,0,1,0,1,1,0,0,1,0,1,1,1,1,1,0,0,0,0,0,0,0,0,1,0,0,0,0,1,0,1,1
1,0,0,1,0,0,0,0,0,1,0,0,0,1,0,1,0,1,0,1,0,0,1,0,1,1,1,1,0,1,0,0,1,0,1,1,0,0,1,1
0,1,1,1,0,0,0,1,1,0,0,1,0,0,1,1,0,0,0,0,1,1,0,0,1,0,1,1,0,0,1,0,1,1,1,0,0,1,0,0
0,1,1,1,0,0,1,0,0,1,0,1,0,0,1,1,0,0,0,0,0,1,0,1,1,0,1,1,0,0,1,0,1,1,1,0,1,1,0,0
0,0,0,1,1,0,1,0,0,0,1,1,0,1,0,0,1,0,1,1,1,1,1,0,1,0,1,1,0,0,0,1,1,0,0,0,1,0,0,1
1,1,1,1,0,1,0,1,0,0,0,1,1,0,1,1,0,1,0,0,0,0,0,1,0,1,0,0,1,1,1,0,1,1,1,1,0,1,1,0
1,0,0,0,1,0,0,0,1,0,0,0,1,1,0,0,1,0,1,1,1,0,1,0,0,1,0,0,1,0,0,1,0,0,0,0,1,0,1,0
0,1,1,1,0,0,1,1,1,1,0,0,0,0,1,1,1,0,0,0,1,1,0,1,1,0,1,1,0,0,1,0,1,1,1,0,1,1,0,0
1,1,1,0,1,0,0,0,0,1,1,0,0,0,1,0,1,1,0,0,0,0,0,1,0,1,0,0,1,0,1,1,0,1,0,0,1,1,1,0
0,0,0,1,1,1,0,0,1,0,1,0,0,0,0,0,0,1,1,1,1,1,1,0,1,1,1,1,0,1,0,1,1,0,0,0,0,0,0,1
1,1,1,0,0,0,1,1,0,1,0,1,1,0,0,1,0,0,0,0,0,0,0,1,0,0,0,0,1,0,1,0,1,1,1,1,0,1,0,0
1,1,1,1,0,1,1,1,0,1,0,1,0,0,1,0,0,1,0,0,0,0,0,1,1,0,1,1,0,0,1,0,1,1,1,1,0,1,0,0
0,0,0,0,1,0,0,0,1,0,1,1,1,0,0,0,0,0,1,1,1,1,0,1,0,0,0,0,1,0,1,1,0,0,0,0,1,0,1,0
1,0,0,0,0,1,0,0,0,1,0,0,1,1,0,1,0,0,0,1,0,0,0,1,0,1,0,0,1,1,0,0,1,1,1,1,0,0,1,1
0,0,0,1,1,0,0,0,1,0,1,0,0,1,0,0,1,0,0,1,1,1,1,0,1,0,1,1,0,1,0,1,0,0,0,0,1,0,0,1
1,0,0,0,1,1,0,0,1,0,1,0,0,1,0,0,1,1,1,0,1,0,1,0,0,1,0,0,1,1,0,1,0,0,0,0,0,0,1,1
0,0,0,1,1,0,1,0,1,0,1,1,0,1,0,0,1,0,1,1,0,1,1,0,1,0,1,1,0,0,0,1,1,0,0,0,1,0,0,1
0,1,1,1,1,0,1,1,1,0,0,1,0,1,0,0,1,0,1,0,1,0,1,0,1,0,1,1,0,0,1,1,1,0,0,0,1,0,0,1
0,0,0,1,1,1,0,0,1,0,1,0,0,1,0,0,0,0,1,1,1,1,0,0,1,0,1,1,0,1,0,1,1,0,0,0,0,0,0,1
1,1,1,0,0,0,0,1,0,1,0,1,1,0,1,1,1,1,0,0,0,0,0,0,0,1,0,0,1,0,1,0,0,1,1,1,1,1,1,0
0,1,1,1,0,1,1,1,1,0,0,1,0,1,0,1,0,0,1,0,1,1,1,0,0,0,1,1,0,0,0,0,1,0,1,1,0,0,0,1
1,0,0,0,0,1,0,0,0,1,1,0,1,1,0,0,0,1,0,1,0,0,0,1,0,0,0,0,1,1,0,0,0,0,0,1,0,0,1,1
0,1,1,1,0,1,1,1,1,0,0,1,0,1,0,1,0,0,1,0,1,1,1,0,1,0,0,1,0,0,0,0,1,0,1,1,0,0,0,1
0,0,0,1,0,1,1,1,1,0,0,1,0,1,0,1,0,0,1,0,1,1,1,0,1,0,1,0,0,0,0,0,1,0,1,1,0,0,0,1
1,0,0,0,0,0,0,0,0,1,1,0,1,0,1,0,1,1,0,1,0,0,0,1,0,1,0,0,0,1,1,1,0,1,0,1,1,1,1,0
1,0,0,0,0,1,0,0,0,1,0,0,0,1,0,0,0,1,1,1,0,0,1,0,0,1,0,0,1,0,0,0,0,0,0,1,0,0,1,1
0,1,1,0,0,0,1,1,0,1,0,1,1,0,1,1,1,0,0,0,0,1,0,1,0,0,0,0,1,0,0,0,0,1,1,1,1,1,0,0
0,0,0,0,1,0,0,0,1,0,1,0,1,1,0,0,1,0,1,1,1,1,1,0,0,0,0,0,1,0,0,0,0,0,0,0,1,0,1,0
0,1,1,1,0,1,1,1,1,1,0,1,0,1,1,1,0,1,0,0,1,1,1,0,1,0,1,1,0,0,0,0,0,0,1,1,0,0,0,1
1,1,1,0,0,0,1,1,0,1,0,1,1,0,1,1,0,1,0,0,0,0,0,1,0,0,0,0,1,0,1,0,0,0,1,1,0,1,0,0
1,1,1,1,0,1,1,1,0,1,0,1,0,0,1,1,0,1,0,0,0,0,0,1,1,0,1,1,0,0,1,0,1,1,0,1,0,1,0,0
1,1,1,1,0,1,0,0,0,1,0,0,0,0,1,1,0,1,0,0,0,0,0,1,1,1,1,1,1,1,1,0,1,1,1,0,0,1,0,1
0,0,0,0,1,0,0,1,1,0,1,1,1,0,0,0,1,0,1,0,1,1,0,1,0,0,0,0,1,0,1,1,0,0,0,0,0,0,1,0
1,1,1,0,0,0,1,1,0,1,0,1,1,0,1,1,0,0,0,0,0,0,0,1,0,0,0,0,1,0,1,0,0,1,1,1,0,0,0,0
1,0,0,0,1,1,0,0,0,1,1,0,1,0,0,0,1,1,0,1,0,0,0,1,0,1,0,0,1,1,0,1,0,0,0,0,1,0,0,0
0,0,0,1,1,1,0,0,1,0,0,0,0,1,0,0,0,1,1,1,1,1,1,0,1,1,1,1,0,1,0,0,1,0,0,1,0,0,0,0
Time: 2025-10-24 00:09:00, Timestep: 10, Round: 1, Phase: TRANSMITTING, Aggregation Server: 21, Redistribution Server: TBD, Target Node: 21, Phase Length: 15, Timestep in Phase: 10, Current Connections: 20, Cumulative Connections: 27/29, Connected Sats: [1, 2, 3, 4, 6, 7, 8, 9, 11, 13, 14, 15, 16, 18, 20, 22, 24, 26, 27, 30, 31, 32, 33, 34, 35, 36, 39], Missing Sats: [10, 19], Target Sats: [1, 2, 3, 4, 6, 7, 8, 9, 10, 11, 13, 14, 15, 16, 18, 19, 20, 22, 24, 26, 27, 30, 31, 32, 33, 34, 35, 36, 39], Phase Complete: False
0,0,0,0,0,1,0,0,0,1,1,0,1,0,1,0,0,1,0,1,0,0,0,1,0,1,0,0,1,1,0,0,0,1,0,1,1,1,1,0
0,0,1,0,0,0,1,1,0,1,0,1,1,0,1,1,0,0,0,0,0,0,0,1,1,0,1,0,0,0,1,0,1,1,1,1,0,1,0,0
0,1,0,0,0,0,1,1,0,1,0,1,1,0,1,1,0,0,0,0,0,1,0,1,1,0,1,0,0,0,1,0,1,1,1,1,0,1,0,0
0,0,0,0,0,1,1,1,1,0,0,1,0,1,0,1,0,0,1,0,1,1,1,0,1,0,1,1,0,0,0,0,1,0,1,1,0,0,0,1
0,0,0,0,0,0,0,0,1,0,1,0,1,1,0,0,1,0,1,1,1,1,1,0,0,0,0,0,0,0,0,1,0,0,0,0,1,0,1,1
1,0,0,1,0,0,0,0,0,1,0,0,0,1,0,1,0,1,0,1,0,0,1,0,1,1,1,1,0,1,0,0,1,0,1,1,0,0,1,1
0,1,1,1,0,0,0,1,1,0,0,1,0,0,1,1,0,0,0,0,1,1,0,0,1,0,1,1,0,0,1,0,1,1,1,0,0,1,0,0
0,1,1,1,0,0,1,0,0,1,0,1,0,0,1,1,0,0,0,0,0,1,0,1,1,0,1,1,0,0,1,0,1,1,1,0,1,1,0,0
0,0,0,1,1,0,1,0,0,0,1,1,0,1,0,0,1,0,1,1,1,1,1,0,1,0,1,1,0,0,0,1,1,0,0,0,1,0,0,1
1,1,1,0,0,1,0,1,0,0,0,0,1,0,1,1,0,1,0,0,0,0,0,1,0,1,0,0,1,1,1,0,1,1,1,1,0,1,1,0
1,0,0,0,1,0,0,0,1,0,0,0,1,1,0,0,1,0,1,1,1,0,1,0,0,1,0,0,1,0,0,1,0,0,0,0,1,0,1,0
0,1,1,1,0,0,1,1,1,0,0,0,0,0,1,1,1,0,0,0,1,1,0,1,1,0,1,1,0,0,1,0,1,1,1,0,1,1,0,0
1,1,1,0,1,0,0,0,0,1,1,0,0,0,1,1,1,1,0,0,0,0,0,1,0,1,0,0,1,0,1,1,0,1,0,0,1,1,1,0
0,0,0,1,1,1,0,0,1,0,1,0,0,0,0,0,0,1,1,1,1,1,1,0,1,1,1,1,0,1,0,1,1,0,0,0,0,0,0,1
1,1,1,0,0,0,1,1,0,1,0,1,1,0,0,1,0,0,0,0,0,0,0,1,0,0,0,0,1,0,1,0,1,1,1,1,0,1,0,0
0,1,1,1,0,1,1,1,0,1,0,1,1,0,1,0,0,1,0,0,0,0,0,1,1,0,1,1,0,0,1,0,1,1,1,1,0,1,0,0
0,0,0,0,1,0,0,0,1,0,1,1,1,0,0,0,0,0,1,1,1,1,0,1,0,0,0,0,1,0,1,1,0,0,0,0,1,0,1,0
1,0,0,0,0,1,0,0,0,1,0,0,1,1,0,1,0,0,0,1,0,0,0,1,0,1,0,0,1,1,0,0,0,1,1,1,0,0,1,1
0,0,0,1,1,0,0,0,1,0,1,0,0,1,0,0,1,0,0,1,1,1,1,0,1,0,1,1,0,0,0,1,0,0,0,0,1,0,0,1
1,0,0,0,1,1,0,0,1,0,1,0,0,1,0,0,1,1,1,0,1,0,1,0,0,1,0,0,1,1,0,1,0,0,0,0,0,0,1,1
0,0,0,1,1,0,1,0,1,0,1,1,0,1,0,0,1,0,1,1,0,1,1,0,1,0,1,1,0,0,0,1,1,0,0,0,1,0,0,1
0,0,1,1,1,0,1,1,1,0,0,1,0,1,0,0,1,0,1,0,1,0,1,0,1,0,1,1,0,0,1,1,1,0,0,0,1,0,0,1
0,0,0,1,1,1,0,0,1,0,1,0,0,1,0,0,0,0,1,1,1,1,0,0,1,0,1,1,0,1,0,1,1,0,0,0,0,0,0,1
1,1,1,0,0,0,0,1,0,1,0,1,1,0,1,1,1,1,0,0,0,0,0,0,0,1,0,0,1,0,1,0,0,1,1,1,1,1,1,0
0,1,1,1,0,1,1,1,1,0,0,1,0,1,0,1,0,0,1,0,1,1,1,0,0,0,1,1,0,0,0,0,1,0,1,1,0,0,0,1
1,0,0,0,0,1,0,0,0,1,1,0,1,1,0,0,0,1,0,1,0,0,0,1,0,0,0,0,1,1,0,0,0,0,0,1,0,0,1,1
0,1,1,1,0,1,1,1,1,0,0,1,0,1,0,1,0,0,1,0,1,1,1,0,1,0,0,1,0,0,0,0,1,0,1,1,0,0,0,1
0,0,0,1,0,1,1,1,1,0,0,1,0,1,0,1,0,0,1,0,1,1,1,0,1,0,1,0,0,0,0,0,1,0,1,1,0,0,0,1
1,0,0,0,0,0,0,0,0,1,1,0,1,0,1,0,1,1,0,1,0,0,0,1,0,1,0,0,0,1,1,1,0,1,0,1,1,1,1,0
1,0,0,0,0,1,0,0,0,1,0,0,0,1,0,0,0,1,0,1,0,0,1,0,0,1,0,0,1,0,0,0,0,0,0,1,0,0,1,1
0,1,1,0,0,0,1,1,0,1,0,1,1,0,1,1,1,0,0,0,0,1,0,1,0,0,0,0,1,0,0,0,0,1,1,1,1,1,0,0
0,0,0,0,1,0,0,0,1,0,1,0,1,1,0,0,1,0,1,1,1,1,1,0,0,0,0,0,1,0,0,0,0,0,0,0,1,0,1,0
0,1,1,1,0,1,1,1,1,1,0,1,0,1,1,1,0,0,0,0,1,1,1,0,1,0,1,1,0,0,0,0,0,0,1,1,0,0,0,1
1,1,1,0,0,0,1,1,0,1,0,1,1,0,1,1,0,1,0,0,0,0,0,1,0,0,0,0,1,0,1,0,0,0,1,1,0,1,1,0
0,1,1,1,0,1,1,1,0,1,0,1,0,0,1,1,0,1,0,0,0,0,0,1,1,0,1,1,0,0,1,0,1,1,0,1,0,1,0,0
1,1,1,1,0,1,0,0,0,1,0,0,0,0,1,1,0,1,0,0,0,0,0,1,1,1,1,1,1,1,1,0,1,1,1,0,0,1,0,1
1,0,0,0,1,0,0,1,1,0,1,1,1,0,0,0,1,0,1,0,1,1,0,1,0,0,0,0,1,0,1,1,0,0,0,0,0,0,1,0
1,1,1,0,0,0,1,1,0,1,0,1,1,0,1,1,0,0,0,0,0,0,0,1,0,0,0,0,1,0,1,0,0,1,1,1,0,0,0,0
1,0,0,0,1,1,0,0,0,1,1,0,1,0,0,0,1,1,0,1,0,0,0,1,0,1,0,0,1,1,0,1,0,1,0,0,1,0,0,0
0,0,0,1,1,1,0,0,1,0,0,0,0,1,0,0,0,1,1,1,1,1,1,0,1,1,1,1,0,1,0,0,1,0,0,1,0,0,0,0
Time: 2025-10-24 00:10:00, Timestep: 11, Round: 1, Phase: TRANSMITTING, Aggregation Server: 21, Redistribution Server: TBD, Target Node: 21, Phase Length: 15, Timestep in Phase: 11, Current Connections: 19, Cumulative Connections: 27/29, Connected Sats: [1, 2, 3, 4, 6, 7, 8, 9, 11, 13, 14, 15, 16, 18, 20, 22, 24, 26, 27, 30, 31, 32, 33, 34, 35, 36, 39], Missing Sats: [10, 19], Target Sats: [1, 2, 3, 4, 6, 7, 8, 9, 10, 11, 13, 14, 15, 16, 18, 19, 20, 22, 24, 26, 27, 30, 31, 32, 33, 34, 35, 36, 39], Phase Complete: False
0,0,0,0,0,1,0,0,0,1,1,0,1,0,1,0,0,1,0,1,0,0,0,1,0,1,0,0,1,1,0,0,0,1,0,1,1,1,1,0
0,0,1,0,0,0,1,1,0,1,0,1,1,0,1,1,0,0,0,0,0,0,0,1,0,0,1,0,0,0,1,0,1,1,1,1,0,1,0,0
0,1,0,0,0,0,1,1,0,1,0,1,1,0,1,1,0,0,0,0,0,1,0,1,1,0,1,0,0,0,1,0,1,1,1,1,0,1,0,0
0,0,0,0,0,1,1,1,1,0,0,1,0,1,0,1,0,0,1,1,1,1,1,0,1,0,1,1,0,1,0,0,1,0,1,1,0,0,0,1
0,0,0,0,0,0,0,0,1,0,1,0,1,1,0,0,1,0,1,1,1,1,1,0,0,0,0,0,1,0,0,1,0,0,0,0,1,0,1,1
1,0,0,1,0,0,0,0,0,1,0,0,0,1,0,1,0,1,0,1,0,0,1,0,1,1,1,1,0,1,0,0,1,0,1,1,0,0,1,1
0,1,1,1,0,0,0,1,1,0,0,1,0,0,1,1,0,0,1,0,1,1,0,0,1,0,1,1,0,0,1,0,1,0,1,0,0,1,0,0
0,1,1,1,0,0,1,0,0,1,0,1,1,0,1,1,1,0,0,0,0,1,0,1,1,0,1,1,0,0,1,0,1,1,1,0,1,1,0,0
0,0,0,1,1,0,1,0,0,0,1,1,0,1,0,0,1,0,1,1,1,1,1,0,1,0,1,1,0,0,0,1,1,0,0,0,1,0,0,1
1,1,1,0,0,1,0,1,0,0,0,0,1,0,1,1,0,1,0,0,0,0,0,1,0,1,0,0,1,1,1,0,1,1,1,1,0,1,1,0
1,0,0,0,1,0,0,0,1,0,0,0,1,0,0,0,1,0,1,1,1,0,0,0,0,1,0,0,1,0,0,1,0,0,0,0,1,0,1,0
0,1,1,1,0,0,1,1,1,0,0,0,0,0,1,1,1,0,0,0,0,1,0,1,1,0,1,1,0,0,1,0,1,1,1,0,0,1,0,0
1,1,1,0,1,0,0,1,0,1,1,0,0,0,1,1,1,1,0,0,0,0,0,1,0,1,0,0,1,0,1,1,0,1,0,0,1,1,1,0
0,0,0,1,1,1,0,0,1,0,0,0,0,0,0,0,0,1,1,1,1,1,1,0,1,1,1,1,0,1,0,1,1,0,0,0,0,0,0,1
1,1,1,0,0,0,1,1,0,1,0,1,1,0,0,1,0,0,0,0,0,0,0,1,0,0,0,0,1,0,1,0,0,1,1,1,0,1,0,0
0,1,1,1,0,1,1,1,0,1,0,1,1,0,1,0,0,1,0,0,0,0,0,1,1,0,1,0,0,0,1,0,1,1,1,1,0,1,0,0
0,0,0,0,1,0,0,1,1,0,1,1,1,0,0,0,0,0,1,1,1,1,0,1,0,0,0,0,1,0,1,1,0,0,0,0,1,0,1,0
1,0,0,0,0,1,0,0,0,1,0,0,1,1,0,1,0,0,0,1,0,0,0,1,0,1,0,0,1,1,0,0,0,1,1,1,0,0,1,1
0,0,0,1,1,0,1,0,1,0,1,0,0,1,0,0,1,0,0,1,1,1,1,0,1,0,1,1,0,0,0,1,1,0,0,0,1,0,0,1
1,0,0,1,1,1,0,0,1,0,1,0,0,1,0,0,1,1,1,0,1,0,1,0,0,1,0,0,1,1,0,1,0,0,0,0,1,0,1,1
0,0,0,1,1,0,1,0,1,0,1,0,0,1,0,0,1,0,1,1,0,1,1,0,1,0,1,1,0,0,0,1,1,0,0,0,1,0,0,1
0,0,1,1,1,0,1,1,1,0,0,1,0,1,0,0,1,0,1,0,1,0,1,0,1,0,1,1,0,0,0,1,1,0,0,0,1,0,0,1
0,0,0,1,1,1,0,0,1,0,0,0,0,1,0,0,0,0,1,1,1,1,0,0,1,0,1,1,0,1,0,1,1,0,0,0,0,0,0,1
1,1,1,0,0,0,0,1,0,1,0,1,1,0,1,1,1,1,0,0,0,0,0,0,0,0,0,0,1,0,1,0,0,1,1,1,1,1,1,0
0,0,1,1,0,1,1,1,1,0,0,1,0,1,0,1,0,0,1,0,1,1,1,0,0,0,1,1,0,0,0,0,1,0,1,1,0,0,0,1
1,0,0,0,0,1,0,0,0,1,1,0,1,1,0,0,0,1,0,1,0,0,0,0,0,0,0,0,1,1,0,0,0,0,0,1,0,0,1,1
0,1,1,1,0,1,1,1,1,0,0,1,0,1,0,1,0,0,1,0,1,1,1,0,1,0,0,1,0,0,0,0,1,0,1,1,0,0,0,1
0,0,0,1,0,1,1,1,1,0,0,1,0,1,0,0,0,0,1,0,1,1,1,0,1,0,1,0,0,0,0,0,1,0,1,1,0,0,0,1
1,0,0,0,1,0,0,0,0,1,1,0,1,0,1,0,1,1,0,1,0,0,0,1,0,1,0,0,0,1,1,1,0,1,0,1,1,1,1,0
1,0,0,1,0,1,0,0,0,1,0,0,0,1,0,0,0,1,0,1,0,0,1,0,0,1,0,0,1,0,0,0,1,0,1,1,0,0,1,1
0,1,1,0,0,0,1,1,0,1,0,1,1,0,1,1,1,0,0,0,0,0,0,1,0,0,0,0,1,0,0,0,0,1,1,0,1,1,0,0
0,0,0,0,1,0,0,0,1,0,1,0,1,1,0,0,1,0,1,1,1,1,1,0,0,0,0,0,1,0,0,0,0,0,0,0,1,0,1,0
0,1,1,1,0,1,1,1,1,1,0,1,0,1,0,1,0,0,1,0,1,1,1,0,1,0,1,1,0,1,0,0,0,0,1,1,0,0,0,1
1,1,1,0,0,0,0,1,0,1,0,1,1,0,1,1,0,1,0,0,0,0,0,1,0,0,0,0,1,0,1,0,0,0,1,1,0,1,1,0
0,1,1,1,0,1,1,1,0,1,0,1,0,0,1,1,0,1,0,0,0,0,0,1,1,0,1,1,0,1,1,0,1,1,0,1,0,1,0,0
1,1,1,1,0,1,0,0,0,1,0,0,0,0,1,1,0,1,0,0,0,0,0,1,1,1,1,1,1,1,0,0,1,1,1,0,0,1,1,1
1,0,0,0,1,0,0,1,1,0,1,0,1,0,0,0,1,0,1,1,1,1,0,1,0,0,0,0,1,0,1,1,0,0,0,0,0,0,1,0
1,1,1,0,0,0,1,1,0,1,0,1,1,0,1,1,0,0,0,0,0,0,0,1,0,0,0,0,1,0,1,0,0,1,1,1,0,0,0,0
1,0,0,0,1,1,0,0,0,1,1,0,1,0,0,0,1,1,0,1,0,0,0,1,0,1,0,0,1,1,0,1,0,1,0,1,1,0,0,0
0,0,0,1,1,1,0,0,1,0,0,0,0,1,0,0,0,1,1,1,1,1,1,0,1,1,1,1,0,1,0,0,1,0,0,1,0,0,0,0
Time: 2025-10-24 00:11:00, Timestep: 12, Round: 1, Phase: TRANSMITTING, Aggregation Server: 21, Redistribution Server: TBD, Target Node: 21, Phase Length: 15, Timestep in Phase: 12, Current Connections: 19, Cumulative Connections: 28/29, Connected Sats: [1, 2, 3, 4, 6, 7, 8, 9, 10, 11, 13, 14, 15, 16, 18, 20, 22, 24, 26, 27, 30, 31, 32, 33, 34, 35, 36, 39], Missing Sats: [19], Target Sats: [1, 2, 3, 4, 6, 7, 8, 9, 10, 11, 13, 14, 15, 16, 18, 19, 20, 22, 24, 26, 27, 30, 31, 32, 33, 34, 35, 36, 39], Phase Complete: False
0,0,0,0,0,1,0,0,0,1,1,0,1,0,1,0,0,1,0,1,0,0,0,1,0,1,0,0,1,1,0,0,0,1,0,1,1,0,1,0
0,0,1,0,0,0,1,1,0,1,0,1,1,0,1,1,0,0,0,0,0,0,0,1,0,0,1,0,0,0,1,0,1,1,1,1,0,1,0,0
0,1,0,0,0,0,1,1,0,1,0,1,1,0,1,1,0,0,0,0,0,0,0,1,1,0,1,0,0,0,1,0,1,1,1,1,0,1,0,0
0,0,0,0,0,1,1,0,1,0,0,1,0,1,0,1,0,0,1,1,1,1,1,0,1,0,1,1,0,1,0,0,1,0,1,1,0,0,0,1
0,0,0,0,0,0,0,0,1,0,1,0,1,1,0,0,1,0,1,1,1,1,1,0,0,1,0,0,1,0,0,1,0,0,0,0,1,0,1,1
1,0,0,1,0,0,0,0,0,1,0,0,0,1,0,1,0,1,0,1,0,0,1,0,1,1,1,1,0,1,0,0,1,0,1,1,0,0,1,1
0,1,1,1,0,0,0,1,1,0,0,1,0,0,1,1,0,0,1,0,1,1,1,0,1,0,1,1,0,0,1,0,1,0,1,0,0,1,0,0
0,1,1,0,0,0,1,0,0,1,0,1,1,0,1,1,1,0,0,0,0,1,0,1,1,0,1,1,0,0,1,0,1,1,1,0,1,1,0,0
0,0,0,1,1,0,1,0,0,0,1,1,0,1,0,0,1,0,1,1,1,1,1,0,1,0,1,1,0,0,0,1,1,0,0,0,1,0,0,1
1,1,1,0,0,1,0,1,0,0,0,0,1,0,1,1,0,1,0,0,0,0,0,1,0,1,0,0,1,1,1,0,1,1,1,1,0,1,1,0
1,0,0,0,1,0,0,0,1,0,0,0,1,0,0,0,1,0,1,1,1,1,0,0,0,1,0,0,1,0,0,1,0,0,0,0,1,0,1,0
0,1,1,1,0,0,1,1,1,0,0,0,0,0,1,1,1,0,0,0,0,1,0,1,1,0,1,1,0,0,1,0,1,1,1,0,0,1,0,0
1,1,1,0,1,0,0,1,0,1,1,0,0,0,1,1,1,1,0,0,0,0,0,1,0,1,0,0,1,0,1,1,0,1,0,0,1,1,1,0
0,0,0,1,1,1,0,0,1,0,0,0,0,0,0,0,0,1,1,1,1,1,1,0,1,1,1,1,0,1,0,1,1,0,0,0,0,0,0,1
1,1,1,0,0,0,1,1,0,1,0,1,1,0,0,1,0,0,0,0,0,0,0,1,0,0,0,0,1,0,1,0,0,1,1,1,0,1,0,0
0,1,1,1,0,1,1,1,0,1,0,1,1,0,1,0,0,1,0,0,0,0,0,1,1,0,1,0,0,0,1,0,1,1,1,1,0,1,0,0
0,0,0,0,1,0,0,1,1,0,1,1,1,0,0,0,0,0,1,0,1,1,0,1,0,0,0,0,1,0,1,1,0,0,0,0,1,0,1,0
1,0,0,0,0,1,0,0,0,1,0,0,1,1,0,1,0,0,0,1,0,0,0,1,0,1,0,0,1,1,0,0,0,1,1,1,0,0,1,1
0,0,0,1,1,0,1,0,1,0,1,0,0,1,0,0,1,0,0,1,1,1,1,0,1,0,1,1,0,0,0,1,1,0,0,0,1,0,0,1
1,0,0,1,1,1,0,0,1,0,1,0,0,1,0,0,0,1,1,0,1,0,1,0,0,1,0,1,1,1,0,1,0,0,0,0,1,0,1,1
0,0,0,1,1,0,1,0,1,0,1,0,0,1,0,0,1,0,1,1,0,1,1,0,1,0,1,1,0,0,0,1,1,0,0,0,1,0,0,1
0,0,0,1,1,0,1,1,1,0,1,1,0,1,0,0,1,0,1,0,1,0,1,0,1,0,1,1,0,0,0,1,1,0,0,0,1,0,0,1
0,0,0,1,1,1,1,0,1,0,0,0,0,1,0,0,0,0,1,1,1,1,0,0,1,0,1,1,0,1,0,1,1,0,0,0,0,0,0,1
1,1,1,0,0,0,0,1,0,1,0,1,1,0,1,1,1,1,0,0,0,0,0,0,0,0,0,0,1,0,1,0,0,1,1,1,1,1,1,0
0,0,1,1,0,1,1,1,1,0,0,1,0,1,0,1,0,0,1,0,1,1,1,0,0,0,1,1,0,0,0,0,1,0,1,1,0,0,0,1
1,0,0,0,1,1,0,0,0,1,1,0,1,1,0,0,0,1,0,1,0,0,0,0,0,0,0,0,1,1,0,0,0,0,0,1,0,0,1,1
0,1,1,1,0,1,1,1,1,0,0,1,0,1,0,1,0,0,1,0,1,1,1,0,1,0,0,1,0,0,0,0,1,0,1,1,0,1,0,1
0,0,0,1,0,1,1,1,1,0,0,1,0,1,0,0,0,0,1,1,1,1,1,0,1,0,1,0,0,0,0,0,1,0,1,1,0,0,0,1
1,0,0,0,1,0,0,0,0,1,1,0,1,0,1,0,1,1,0,1,0,0,0,1,0,1,0,0,0,1,1,1,0,1,0,1,1,1,1,0
1,0,0,1,0,1,0,0,0,1,0,0,0,1,0,0,0,1,0,1,0,0,1,0,0,1,0,0,1,0,0,0,1,0,1,1,0,0,1,1
0,1,1,0,0,0,1,1,0,1,0,1,1,0,1,1,1,0,0,0,0,0,0,1,0,0,0,0,1,0,0,0,0,1,1,0,1,1,0,0
0,0,0,0,1,0,0,0,1,0,1,0,1,1,0,0,1,0,1,1,1,1,1,0,0,0,0,0,1,0,0,0,0,0,0,0,1,0,1,0
0,1,1,1,0,1,1,1,1,1,0,1,0,1,0,1,0,0,1,0,1,1,1,0,1,0,1,1,0,1,0,0,0,0,1,1,0,0,0,1
1,1,1,0,0,0,0,1,0,1,0,1,1,0,1,1,0,1,0,0,0,0,0,1,0,0,0,0,1,0,1,0,0,0,1,1,0,1,1,0
0,1,1,1,0,1,1,1,0,1,0,1,0,0,1,1,0,1,0,0,0,0,0,1,1,0,1,1,0,1,1,0,1,1,0,1,0,1,0,0
1,1,1,1,0,1,0,0,0,1,0,0,0,0,1,1,0,1,0,0,0,0,0,1,1,1,1,1,1,1,0,0,1,1,1,0,0,1,1,1
1,0,0,0,1,0,0,1,1,0,1,0,1,0,0,0,1,0,1,1,1,1,0,1,0,0,0,0,1,0,1,1,0,0,0,0,0,0,1,0
0,1,1,0,0,0,1,1,0,1,0,1,1,0,1,1,0,0,0,0,0,0,0,1,0,0,1,0,1,0,1,0,0,1,1,1,0,0,0,0
1,0,0,0,1,1,0,0,0,1,1,0,1,0,0,0,1,1,0,1,0,0,0,1,0,1,0,0,1,1,0,1,0,1,0,1,1,0,0,1
0,0,0,1,1,1,0,0,1,0,0,0,0,1,0,0,0,1,1,1,1,1,1,0,1,1,1,1,0,1,0,0,1,0,0,1,0,0,1,0
Time: 2025-10-24 00:12:00, Timestep: 13, Round: 1, Phase: TRANSMITTING, Aggregation Server: 21, Redistribution Server: TBD, Target Node: 21, Phase Length: 15, Timestep in Phase: 13, Current Connections: 19, Cumulative Connections: 28/29, Connected Sats: [1, 2, 3, 4, 6, 7, 8, 9, 10, 11, 13, 14, 15, 16, 18, 20, 22, 24, 26, 27, 30, 31, 32, 33, 34, 35, 36, 39], Missing Sats: [19], Target Sats: [1, 2, 3, 4, 6, 7, 8, 9, 10, 11, 13, 14, 15, 16, 18, 19, 20, 22, 24, 26, 27, 30, 31, 32, 33, 34, 35, 36, 39], Phase Complete: False
0,0,0,0,0,1,0,0,0,1,1,0,1,0,1,0,0,1,0,1,0,0,0,1,0,1,0,0,1,1,0,0,0,1,0,1,1,0,1,0
0,0,1,0,0,0,1,1,0,1,0,1,1,0,1,1,0,0,0,0,0,0,0,1,0,0,1,0,0,0,1,0,0,1,1,1,0,1,0,0
0,1,0,0,0,0,1,1,0,1,0,1,1,0,1,1,0,0,0,0,0,0,0,1,0,0,1,0,0,0,1,0,1,1,1,1,0,1,0,0
0,0,0,0,0,1,1,0,1,0,0,1,0,1,0,1,0,0,1,1,1,1,1,0,1,0,1,1,0,1,0,0,1,0,1,1,0,0,0,1
0,0,0,0,0,0,0,0,1,0,1,0,1,1,0,0,1,0,1,1,1,1,1,0,0,1,0,0,1,0,0,1,0,0,0,0,1,0,1,1
1,0,0,1,0,0,0,0,0,1,0,0,0,1,0,1,0,1,0,1,0,0,1,0,1,1,1,1,0,1,0,0,1,0,1,1,0,0,1,1
0,1,1,1,0,0,0,1,1,0,0,1,0,0,1,1,1,0,1,0,1,1,1,0,1,0,1,1,0,0,1,1,1,0,1,0,0,1,0,0
0,1,1,0,0,0,1,0,0,1,0,1,1,0,1,1,1,0,0,0,0,1,0,1,1,0,1,0,0,0,1,0,0,1,1,0,0,1,0,0
0,0,0,1,1,0,1,0,0,0,0,1,0,1,0,0,1,0,1,1,1,1,1,0,1,0,1,1,0,0,0,1,1,0,0,0,0,0,0,1
1,1,1,0,0,1,0,1,0,0,0,0,1,0,1,1,0,1,0,0,0,0,0,1,0,1,0,0,1,1,1,0,0,1,1,1,0,1,1,0
1,0,0,0,1,0,0,0,0,0,0,0,1,0,0,0,1,0,1,1,1,1,0,0,0,1,0,0,1,0,1,1,0,0,0,0,1,0,1,0
0,1,1,1,0,0,1,1,1,0,0,0,0,0,1,1,1,0,0,0,0,1,0,1,1,0,1,1,0,0,1,0,1,1,1,0,0,1,0,0
1,1,1,0,1,0,0,1,0,1,1,0,0,0,1,1,1,1,0,0,0,0,0,1,0,1,0,0,1,0,1,1,0,1,0,0,1,1,1,0
0,0,0,1,1,1,0,0,1,0,0,0,0,0,0,0,0,1,1,1,1,1,1,0,1,1,1,1,0,1,0,1,1,0,0,0,0,0,0,1
1,1,1,0,0,0,1,1,0,1,0,1,1,0,0,1,0,0,0,0,0,0,0,1,0,0,0,0,1,0,1,0,0,1,1,1,0,1,0,0
0,1,1,1,0,1,1,1,0,1,0,1,1,0,1,0,0,1,0,0,0,0,0,1,1,0,1,0,0,0,1,0,1,1,1,1,0,1,0,0
0,0,0,0,1,0,1,1,1,0,1,1,1,0,0,0,0,0,1,0,1,1,0,1,0,0,0,0,1,0,1,1,0,0,0,0,1,0,0,0
1,0,0,0,0,1,0,0,0,1,0,0,1,1,0,1,0,0,0,1,0,0,0,0,0,1,0,0,1,1,0,0,0,1,1,1,0,0,1,1
0,0,0,1,1,0,1,0,1,0,1,0,0,1,0,0,1,0,0,1,1,1,1,0,1,0,1,1,0,0,0,1,1,0,0,0,1,0,0,1
1,0,0,1,1,1,0,0,1,0,1,0,0,1,0,0,0,1,1,0,1,0,1,0,0,1,0,1,1,1,0,1,0,0,0,0,1,0,1,1
0,0,0,1,1,0,1,0,1,0,1,0,0,1,0,0,1,0,1,1,0,1,1,0,1,0,1,1,0,0,0,1,1,0,0,0,1,0,0,1
0,0,0,1,1,0,1,1,1,0,1,1,0,1,0,0,1,0,1,0,1,0,1,0,1,0,1,1,0,0,0,1,1,0,0,0,1,0,0,1
0,0,0,1,1,1,1,0,1,0,0,0,0,1,0,0,0,0,1,1,1,1,0,0,1,0,1,1,0,1,0,1,1,0,0,0,0,0,0,1
1,1,1,0,0,0,0,1,0,1,0,1,1,0,1,1,1,0,0,0,0,0,0,0,0,0,0,0,1,0,1,0,0,1,1,1,1,1,1,0
0,0,0,1,0,1,1,1,1,0,0,1,0,1,0,1,0,0,1,0,1,1,1,0,0,0,1,1,0,0,0,0,1,0,1,1,0,0,0,1
1,0,0,0,1,1,0,0,0,1,1,0,1,1,0,0,0,1,0,1,0,0,0,0,0,0,0,0,1,1,0,0,0,0,0,1,1,0,1,1
0,1,1,1,0,1,1,1,1,0,0,1,0,1,0,1,0,0,1,0,1,1,1,0,1,0,0,1,0,0,0,0,1,0,1,1,0,1,0,1
0,0,0,1,0,1,1,0,1,0,0,1,0,1,0,0,0,0,1,1,1,1,1,0,1,0,1,0,0,0,0,0,1,0,1,1,0,0,0,1
1,0,0,0,1,0,0,0,0,1,1,0,1,0,1,0,1,1,0,1,0,0,0,1,0,1,0,0,0,1,1,1,0,1,0,1,1,0,1,0
1,0,0,1,0,1,0,0,0,1,0,0,0,1,0,0,0,1,0,1,0,0,1,0,0,1,0,0,1,0,0,0,1,0,1,1,0,0,1,1
0,1,1,0,0,0,1,1,0,1,1,1,1,0,1,1,1,0,0,0,0,0,0,1,0,0,0,0,1,0,0,0,0,1,1,0,1,1,0,0
0,0,0,0,1,0,1,0,1,0,1,0,1,1,0,0,1,0,1,1,1,1,1,0,0,0,0,0,1,0,0,0,0,0,0,0,1,0,0,0
0,0,1,1,0,1,1,0,1,0,0,1,0,1,0,1,0,0,1,0,1,1,1,0,1,0,1,1,0,1,0,0,0,0,1,1,0,0,0,1
1,1,1,0,0,0,0,1,0,1,0,1,1,0,1,1,0,1,0,0,0,0,0,1,0,0,0,0,1,0,1,0,0,0,1,1,0,1,1,0
0,1,1,1,0,1,1,1,0,1,0,1,0,0,1,1,0,1,0,0,0,0,0,1,1,0,1,1,0,1,1,0,1,1,0,1,0,1,0,0
1,1,1,1,0,1,0,0,0,1,0,0,0,0,1,1,0,1,0,0,0,0,0,1,1,1,1,1,1,1,0,0,1,1,1,0,0,1,1,1
1,0,0,0,1,0,0,0,0,0,1,0,1,0,0,0,1,0,1,1,1,1,0,1,0,1,0,0,1,0,1,1,0,0,0,0,0,0,1,0
0,1,1,0,0,0,1,1,0,1,0,1,1,0,1,1,0,0,0,0,0,0,0,1,0,0,1,0,0,0,1,0,0,1,1,1,0,0,0,0
1,0,0,0,1,1,0,0,0,1,1,0,1,0,0,0,0,1,0,1,0,0,0,1,0,1,0,0,1,1,0,0,0,1,0,1,1,0,0,1
0,0,0,1,1,1,0,0,1,0,0,0,0,1,0,0,0,1,1,1,1,1,1,0,1,1,1,1,0,1,0,0,1,0,0,1,0,0,1,0
Time: 2025-10-24 00:13:00, Timestep: 14, Round: 1, Phase: TRANSMITTING, Aggregation Server: 21, Redistribution Server: TBD, Target Node: 21, Phase Length: 15, Timestep in Phase: 14, Current Connections: 19, Cumulative Connections: 28/29, Connected Sats: [1, 2, 3, 4, 6, 7, 8, 9, 10, 11, 13, 14, 15, 16, 18, 20, 22, 24, 26, 27, 30, 31, 32, 33, 34, 35, 36, 39], Missing Sats: [19], Target Sats: [1, 2, 3, 4, 6, 7, 8, 9, 10, 11, 13, 14, 15, 16, 18, 19, 20, 22, 24, 26, 27, 30, 31, 32, 33, 34, 35, 36, 39], Phase Complete: False
0,0,0,0,1,0,0,0,0,1,1,0,1,0,1,0,0,1,0,1,0,0,0,1,0,1,0,0,1,1,0,0,0,1,0,1,1,0,1,1
0,0,1,0,0,0,1,1,0,1,0,1,1,0,1,1,0,0,0,0,0,0,0,1,0,0,1,0,0,0,1,0,0,1,1,1,0,1,0,0
0,1,0,0,0,1,1,1,0,1,0,1,1,0,1,1,0,0,0,0,0,0,0,1,0,0,1,0,0,0,1,0,1,1,1,1,0,1,0,0
0,0,0,0,0,1,1,0,1,0,0,0,0,1,0,1,0,0,1,1,1,1,1,0,1,0,1,1,0,1,0,0,1,0,1,1,0,0,0,1
1,0,0,0,0,0,0,0,1,0,1,0,1,1,0,0,1,0,1,1,1,1,1,0,0,1,0,0,1,0,0,1,0,0,0,0,1,0,1,1
0,0,1,1,0,0,0,0,0,1,0,0,0,1,0,1,0,1,0,1,0,0,1,0,1,1,1,1,0,1,0,0,1,0,1,1,0,1,1,1
0,1,1,1,0,0,0,1,1,0,0,1,0,0,1,1,1,0,1,0,1,1,1,1,1,0,1,1,0,0,1,1,1,0,1,0,0,1,0,0
0,1,1,0,0,0,1,0,1,1,0,1,1,0,1,1,1,0,0,0,0,1,0,1,1,0,1,0,0,0,1,1,0,1,1,0,0,1,0,0
0,0,0,1,1,0,1,1,0,0,0,1,0,1,0,0,1,0,1,1,1,1,1,0,1,0,1,1,0,0,0,1,1,0,0,0,0,0,0,1
1,1,1,0,0,1,0,1,0,0,0,0,1,0,1,1,0,1,0,0,0,0,0,1,0,1,0,0,1,1,1,0,0,1,1,1,0,1,1,0
1,0,0,0,1,0,0,0,0,0,0,0,1,0,0,0,1,0,1,1,1,1,0,0,0,1,0,0,1,0,1,1,0,0,0,0,1,0,1,0
0,1,1,0,0,0,1,1,1,0,0,0,1,0,1,1,1,0,0,0,0,1,0,1,1,0,1,1,0,0,1,0,1,1,1,0,0,1,0,0
1,1,1,0,1,0,0,1,0,1,1,1,0,0,1,1,1,1,0,0,0,0,0,1,0,1,0,0,1,0,1,1,0,1,0,0,1,1,1,0
0,0,0,1,1,1,0,0,1,0,0,0,0,0,0,0,0,1,1,1,1,1,1,0,1,1,1,1,0,1,0,0,1,0,0,0,0,0,0,1
1,1,1,0,0,0,1,1,0,1,0,1,1,0,0,1,0,0,0,0,0,0,0,1,0,0,0,0,1,0,1,0,0,1,1,1,0,1,1,0
0,1,1,1,0,1,1,1,0,1,0,1,1,0,1,0,0,1,0,0,0,0,0,1,0,0,1,0,0,1,1,0,1,1,1,1,0,1,0,0
0,0,0,0,1,0,1,1,1,0,1,1,1,0,0,0,0,0,1,0,1,1,0,1,0,0,0,0,1,0,1,1,0,0,0,0,1,0,0,0
1,0,0,0,0,1,0,0,0,1,0,0,1,1,0,1,0,0,0,1,0,0,0,0,0,1,0,0,1,1,0,0,0,1,1,1,0,0,1,1
0,0,0,1,1,0,1,0,1,0,1,0,0,1,0,0,1,0,0,1,1,1,1,0,1,0,1,1,0,0,0,1,1,0,0,0,1,0,0,1
1,0,0,1,1,1,0,0,1,0,1,0,0,1,0,0,0,1,1,0,1,0,1,0,1,1,0,1,1,1,0,1,1,0,0,0,1,0,1,1
0,0,0,1,1,0,1,0,1,0,1,0,0,1,0,0,1,0,1,1,0,1,1,0,1,0,1,1,0,0,0,1,1,0,0,0,1,0,0,1
0,0,0,1,1,0,1,1,1,0,1,1,0,1,0,0,1,0,1,0,1,0,1,0,1,0,1,1,0,0,0,1,1,0,0,0,1,0,0,1
0,0,0,1,1,1,1,0,1,0,0,0,0,1,0,0,0,0,1,1,1,1,0,0,1,0,1,1,0,1,0,1,1,0,0,0,0,0,0,1
1,1,1,0,0,0,1,1,0,1,0,1,1,0,1,1,1,0,0,0,0,0,0,0,0,0,0,0,1,0,1,0,0,1,1,1,1,1,1,0
0,0,0,1,0,1,1,1,1,0,0,1,0,1,0,0,0,0,1,1,1,1,1,0,0,0,1,1,0,0,0,0,1,0,1,1,0,0,0,1
1,0,0,0,1,1,0,0,0,1,1,0,1,1,0,0,0,1,0,1,0,0,0,0,0,0,0,0,1,1,0,0,0,0,0,1,1,0,1,1
0,1,1,1,0,1,1,1,1,0,0,1,0,1,0,1,0,0,1,0,1,1,1,0,1,0,0,1,0,0,0,0,1,0,1,0,0,1,0,1
0,0,0,1,0,1,1,0,1,0,0,1,0,1,0,0,0,0,1,1,1,1,1,0,1,0,1,0,0,0,0,0,1,0,1,0,0,0,0,1
1,0,0,0,1,0,0,0,0,1,1,0,1,0,1,0,1,1,0,1,0,0,0,1,0,1,0,0,0,1,1,1,0,1,0,1,1,0,1,0
1,0,0,1,0,1,0,0,0,1,0,0,0,1,0,1,0,1,0,1,0,0,1,0,0,1,0,0,1,0,0,0,1,0,1,1,0,0,1,1
0,1,1,0,0,0,1,1,0,1,1,1,1,0,1,1,1,0,0,0,0,0,0,1,0,0,0,0,1,0,0,1,0,1,1,0,1,1,0,0
0,0,0,0,1,0,1,1,1,0,1,0,1,0,0,0,1,0,1,1,1,1,1,0,0,0,0,0,1,0,1,0,0,0,0,0,1,0,0,0
0,0,1,1,0,1,1,0,1,0,0,1,0,1,0,1,0,0,1,1,1,1,1,0,1,0,1,1,0,1,0,0,0,0,1,1,0,0,0,1
1,1,1,0,0,0,0,1,0,1,0,1,1,0,1,1,0,1,0,0,0,0,0,1,0,0,0,0,1,0,1,0,0,0,1,1,0,1,1,0
0,1,1,1,0,1,1,1,0,1,0,1,0,0,1,1,0,1,0,0,0,0,0,1,1,0,1,1,0,1,1,0,1,1,0,1,0,1,0,0
1,1,1,1,0,1,0,0,0,1,0,0,0,0,1,1,0,1,0,0,0,0,0,1,1,1,0,0,1,1,0,0,1,1,1,0,0,1,1,1
1,0,0,0,1,0,0,0,0,0,1,0,1,0,0,0,1,0,1,1,1,1,0,1,0,1,0,0,1,0,1,1,0,0,0,0,0,0,1,0
0,1,1,0,0,1,1,1,0,1,0,1,1,0,1,1,0,0,0,0,0,0,0,1,0,0,1,0,0,0,1,0,0,1,1,1,0,0,0,0
1,0,0,0,1,1,0,0,0,1,1,0,1,0,1,0,0,1,0,1,0,0,0,1,0,1,0,0,1,1,0,0,0,1,0,1,1,0,0,1
1,0,0,1,1,1,0,0,1,0,0,0,0,1,0,0,0,1,1,1,1,1,1,0,1,1,1,1,0,1,0,0,1,0,0,1,0,0,1,0
Time: 2025-10-24 00:14:00, Timestep: 15, Round: 1, Phase: TRANSMITTING, Aggregation Server: 21, Redistribution Server: TBD, Target Node: 21, Phase Length: 15, Timestep in Phase: 15, Current Connections: 20, Cumulative Connections: 29/29, Connected Sats: [1, 2, 3, 4, 6, 7, 8, 9, 10, 11, 13, 14, 15, 16, 18, 19, 20, 22, 24, 26, 27, 30, 31, 32, 33, 34, 35, 36, 39], Missing Sats: [], Target Sats: [1, 2, 3, 4, 6, 7, 8, 9, 10, 11, 13, 14, 15, 16, 18, 19, 20, 22, 24, 26, 27, 30, 31, 32, 33, 34, 35, 36, 39], Phase Complete: True
0,0,0,0,1,0,0,0,0,1,1,0,1,0,1,0,0,1,0,1,0,0,0,1,0,1,0,0,1,1,0,0,0,1,0,1,1,0,1,1
0,0,1,0,0,1,1,1,0,1,0,1,1,0,1,1,0,0,0,0,0,0,0,1,0,0,1,0,0,0,1,0,0,1,1,1,0,1,0,0
0,1,0,0,0,1,1,1,0,1,0,1,1,0,1,1,0,0,0,0,0,0,0,1,0,0,1,0,0,0,1,0,1,1,1,1,0,1,0,0
0,0,0,0,0,1,1,0,1,0,0,0,0,1,0,1,0,0,1,1,1,1,1,0,1,0,1,1,0,1,0,0,1,0,1,1,0,0,0,1
1,0,0,0,0,0,0,0,1,0,1,0,1,1,0,0,1,0,1,1,1,1,1,0,0,1,0,0,1,0,0,1,0,0,0,0,1,0,1,1
0,1,1,1,0,0,0,0,0,1,0,0,0,1,0,1,0,1,0,1,0,0,1,0,1,1,1,1,0,1,0,0,1,0,1,1,0,1,1,1
0,1,1,1,0,0,0,1,1,0,0,1,0,0,1,1,1,0,1,0,1,1,1,1,1,0,1,1,0,0,1,1,1,0,0,0,0,1,0,0
0,1,1,0,0,0,1,0,1,1,0,1,1,0,1,1,1,0,0,0,0,1,0,1,1,0,1,0,0,0,1,1,0,1,1,0,0,1,0,0
0,0,0,1,1,0,1,1,0,0,0,1,0,1,0,0,1,0,1,1,1,1,1,0,1,0,1,1,0,0,0,1,1,0,0,0,0,0,0,1
1,1,1,0,0,1,0,1,0,0,0,0,1,0,1,1,0,1,0,0,0,0,0,1,0,1,0,0,1,1,1,0,0,1,1,1,0,1,1,0
1,0,0,0,1,0,0,0,0,0,0,0,1,0,0,0,1,1,1,1,1,1,0,0,0,1,0,0,1,0,1,1,0,0,0,0,1,0,1,0
0,1,1,0,0,0,1,1,1,0,0,0,1,0,1,1,1,0,0,0,0,1,0,1,1,0,1,1,0,0,1,0,1,1,1,0,0,1,0,0
1,1,1,0,1,0,0,1,0,1,1,1,0,0,1,1,1,1,0,0,0,0,0,1,0,0,0,0,1,0,1,1,0,1,0,0,1,1,1,0
0,0,0,1,1,1,0,0,1,0,0,0,0,0,0,0,0,0,1,1,1,1,1,0,1,1,1,1,0,1,0,0,1,0,0,0,0,0,0,1
1,1,1,0,0,0,1,1,0,1,0,1,1,0,0,1,0,0,0,0,0,0,0,1,0,0,0,0,1,0,1,0,0,1,1,1,0,1,1,0
0,1,1,1,0,1,1,1,0,1,0,1,1,0,1,0,0,1,0,0,0,0,0,1,0,0,1,0,0,1,1,0,1,1,1,1,0,1,0,0
0,0,0,0,1,0,1,1,1,0,1,1,1,0,0,0,0,0,1,0,1,1,0,1,0,0,0,0,1,0,1,1,0,0,0,0,1,0,0,0
1,0,0,0,0,1,0,0,0,1,1,0,1,0,0,1,0,0,0,1,0,0,0,0,0,1,0,0,1,1,0,0,0,1,1,1,0,0,1,1
0,0,0,1,1,0,1,0,1,0,1,0,0,1,0,0,1,0,0,1,1,1,1,0,1,0,1,1,0,0,0,1,1,0,0,0,1,0,0,1
1,0,0,1,1,1,0,0,1,0,1,0,0,1,0,0,0,1,1,0,1,1,1,0,1,1,0,1,1,1,0,1,1,0,0,0,1,0,1,1
0,0,0,1,1,0,1,0,1,0,1,0,0,1,0,0,1,0,1,1,0,1,1,0,1,1,1,1,0,0,0,1,1,0,0,0,1,0,0,1
0,0,0,1,1,0,1,1,1,0,1,1,0,1,0,0,1,0,1,1,1,0,1,0,1,0,1,1,0,0,0,1,1,0,0,0,1,0,0,1
0,0,0,1,1,1,1,0,1,0,0,0,0,1,0,0,0,0,1,1,1,1,0,0,1,0,1,1,0,1,0,1,1,0,0,0,0,0,0,1
1,1,1,0,0,0,1,1,0,1,0,1,1,0,1,1,1,0,0,0,0,0,0,0,0,0,0,0,1,0,1,0,0,1,1,1,1,1,1,0
0,0,0,1,0,1,1,1,1,0,0,1,0,1,0,0,0,0,1,1,1,1,1,0,0,0,1,1,0,0,0,0,1,0,1,0,0,0,0,1
1,0,0,0,1,1,0,0,0,1,1,0,0,1,0,0,0,1,0,1,1,0,0,0,0,0,0,0,1,1,0,0,0,0,0,1,1,0,1,1
0,1,1,1,0,1,1,1,1,0,0,1,0,1,0,1,0,0,1,0,1,1,1,0,1,0,0,1,0,0,0,0,1,0,1,0,0,1,0,0
0,0,0,1,0,1,1,0,1,0,0,1,0,1,0,0,0,0,1,1,1,1,1,0,1,0,1,0,0,0,0,0,1,0,1,0,0,0,0,1
1,0,0,0,1,0,0,0,0,1,1,0,1,0,1,0,1,1,0,1,0,0,0,1,0,1,0,0,0,1,1,1,0,1,0,1,1,0,1,0
1,0,0,1,0,1,0,0,0,1,0,0,0,1,0,1,0,1,0,1,0,0,1,0,0,1,0,0,1,0,0,0,1,0,1,1,0,0,1,1
0,1,1,0,0,0,1,1,0,1,1,1,1,0,1,1,1,0,0,0,0,0,0,1,0,0,0,0,1,0,0,1,0,1,1,0,1,1,0,0
0,0,0,0,1,0,1,1,1,0,1,0,1,0,0,0,1,0,1,1,1,1,1,0,0,0,0,0,1,0,1,0,0,0,0,0,1,0,0,0
0,0,1,1,0,1,1,0,1,0,0,1,0,1,0,1,0,0,1,1,1,1,1,0,1,0,1,1,0,1,0,0,0,0,1,1,0,0,0,1
1,1,1,0,0,0,0,1,0,1,0,1,1,0,1,1,0,1,0,0,0,0,0,1,0,0,0,0,1,0,1,0,0,0,1,1,1,1,1,0
0,1,1,1,0,1,0,1,0,1,0,1,0,0,1,1,0,1,0,0,0,0,0,1,1,0,1,1,0,1,1,0,1,1,0,1,0,1,0,0
1,1,1,1,0,1,0,0,0,1,0,0,0,0,1,1,0,1,0,0,0,0,0,1,0,1,0,0,1,1,0,0,1,1,1,0,0,1,1,1
1,0,0,0,1,0,0,0,0,0,1,0,1,0,0,0,1,0,1,1,1,1,0,1,0,1,0,0,1,0,1,1,0,1,0,0,0,0,1,0
0,1,1,0,0,1,1,1,0,1,0,1,1,0,1,1,0,0,0,0,0,0,0,1,0,0,1,0,0,0,1,0,0,1,1,1,0,0,0,0
1,0,0,0,1,1,0,0,0,1,1,0,1,0,1,0,0,1,0,1,0,0,0,1,0,1,0,0,1,1,0,0,0,1,0,1,1,0,0,1
1,0,0,1,1,1,0,0,1,0,0,0,0,1,0,0,0,1,1,1,1,1,1,0,1,1,0,1,0,1,0,0,1,0,0,1,0,0,1,0
Time: 2025-10-24 00:15:00, Timestep: 16, Round: 1, Phase: REDISTRIBUTION, Aggregation Server: 21, Redistribution Server: 21, Target Node: 21, Phase Length: 20, Timestep in Phase: 1, Current Connections: 20, Cumulative Connections: 20/25, Connected Sats: [3, 4, 6, 7, 8, 10, 11, 13, 16, 18, 19, 20, 22, 24, 26, 27, 31, 32, 36, 39], Missing Sats: [0, 17, 25, 30, 33], Target Sats: [0, 3, 4, 6, 7, 8, 10, 11, 13, 16, 17, 18, 19, 20, 22, 24, 25, 26, 27, 30, 31, 32, 33, 36, 39], Phase Complete: False
0,0,0,0,1,0,0,0,0,1,1,0,1,0,1,0,0,1,0,1,0,0,0,0,0,1,0,0,1,1,0,0,0,1,0,1,1,0,1,1
0,0,1,0,0,1,1,1,0,1,0,1,1,0,1,1,0,0,0,0,0,0,0,1,0,0,1,0,0,0,1,0,0,1,1,1,0,1,0,0
0,1,0,0,0,1,1,1,0,1,0,1,1,0,1,1,0,0,0,0,0,0,0,1,0,0,1,0,0,0,1,0,0,1,1,1,0,1,0,0
0,0,0,0,0,1,1,0,1,0,0,0,0,1,0,1,0,0,1,1,1,1,1,0,1,0,1,1,0,1,0,0,1,0,1,1,0,0,0,1
1,0,0,0,0,0,0,0,1,0,1,0,1,1,0,0,1,0,1,1,1,1,1,0,0,1,0,0,1,0,0,1,0,0,0,0,1,0,1,1
0,1,1,1,0,0,0,0,0,1,0,0,0,1,0,1,0,1,0,1,0,0,1,0,1,1,1,1,0,1,0,0,1,0,1,1,0,1,1,1
0,1,1,1,0,0,0,1,1,0,0,1,0,0,1,1,1,0,1,0,0,1,1,1,1,0,1,1,0,0,1,1,1,0,0,0,0,1,0,0
0,1,1,0,0,0,1,0,1,1,0,1,1,0,1,1,1,0,0,0,0,1,0,1,0,0,1,0,0,0,1,1,0,1,0,0,1,1,0,0
0,0,0,1,1,0,1,1,0,0,0,1,0,1,0,0,1,0,1,1,1,1,1,0,1,0,1,1,0,0,0,1,1,0,0,0,0,0,0,1
1,1,1,0,0,1,0,1,0,0,0,0,1,0,1,1,0,1,0,0,0,0,0,1,0,1,0,0,1,1,1,0,0,1,1,1,0,1,1,0
1,0,0,0,1,0,0,0,0,0,0,0,1,0,0,0,1,1,0,1,1,1,0,0,0,1,0,0,1,0,1,1,0,1,0,0,1,0,1,0
0,1,1,0,0,0,1,1,1,0,0,0,1,0,1,1,1,0,0,0,0,1,0,1,1,0,1,0,0,0,1,1,1,1,1,0,0,1,0,0
1,1,1,0,1,0,0,1,0,1,1,1,0,0,1,1,1,0,0,0,0,0,0,1,0,0,0,0,1,0,1,1,0,1,0,0,1,1,1,0
0,0,0,1,1,1,0,0,1,0,0,0,0,0,0,0,0,0,1,1,1,1,1,0,1,1,1,1,0,1,0,0,1,0,0,0,0,0,0,1
1,1,1,0,0,0,1,1,0,1,0,1,1,0,0,1,0,0,0,0,0,0,0,1,0,0,0,0,1,0,1,0,0,1,1,1,0,1,1,0
0,1,1,1,0,1,1,1,0,1,0,1,1,0,1,0,0,1,0,0,0,0,0,1,0,0,1,0,0,1,1,0,1,1,1,1,0,1,0,0
0,0,0,0,1,0,1,1,1,0,1,1,1,0,0,0,0,0,1,0,1,1,0,1,0,0,0,0,1,0,1,1,0,1,0,0,1,0,0,0
1,0,0,0,0,1,0,0,0,1,1,0,0,0,0,1,0,0,0,1,0,0,0,0,0,1,0,0,1,1,0,0,0,1,1,1,0,0,1,1
0,0,0,1,1,0,1,0,1,0,0,0,0,1,0,0,1,0,0,1,1,1,1,0,1,0,1,1,0,0,0,1,1,0,0,0,0,0,0,1
1,0,0,1,1,1,0,0,1,0,1,0,0,1,0,0,0,1,1,0,1,1,1,0,1,1,0,1,1,1,0,1,1,0,0,0,1,0,1,1
0,0,0,1,1,0,0,0,1,0,1,0,0,1,0,0,1,0,1,1,0,1,1,0,1,1,1,1,0,0,0,1,1,0,0,0,1,0,0,1
0,0,0,1,1,0,1,1,1,0,1,1,0,1,0,0,1,0,1,1,1,0,1,0,1,0,1,1,0,0,0,1,1,0,0,0,1,0,0,1
0,0,0,1,1,1,1,0,1,0,0,0,0,1,0,0,0,0,1,1,1,1,0,0,1,0,1,1,0,1,0,0,1,0,0,0,0,0,0,1
0,1,1,0,0,0,1,1,0,1,0,1,1,0,1,1,1,0,0,0,0,0,0,0,0,0,0,0,1,0,1,0,0,1,1,1,1,1,0,0
0,0,0,1,0,1,1,0,1,0,0,1,0,1,0,0,0,0,1,1,1,1,1,0,0,0,1,1,0,0,0,0,1,0,1,0,0,0,0,1
1,0,0,0,1,1,0,0,0,1,1,0,0,1,0,0,0,1,0,1,1,0,0,0,0,0,0,0,1,1,0,0,0,0,0,1,1,0,1,1
0,1,1,1,0,1,1,1,1,0,0,1,0,1,0,1,0,0,1,0,1,1,1,0,1,0,0,1,0,0,0,0,1,0,1,0,0,1,0,0
0,0,0,1,0,1,1,0,1,0,0,0,0,1,0,0,0,0,1,1,1,1,1,0,1,0,1,0,0,1,0,0,1,0,1,0,0,0,0,1
1,0,0,0,1,0,0,0,0,1,1,0,1,0,1,0,1,1,0,1,0,0,0,1,0,1,0,0,0,1,1,0,0,1,0,1,1,0,1,0
1,0,0,1,0,1,0,0,0,1,0,0,0,1,0,1,0,1,0,1,0,0,1,0,0,1,0,1,1,0,0,0,1,0,1,1,0,0,1,1
0,1,1,0,0,0,1,1,0,1,1,1,1,0,1,1,1,0,0,0,0,0,0,1,0,0,0,0,1,0,0,1,0,1,0,0,1,1,0,0
0,0,0,0,1,0,1,1,1,0,1,1,1,0,0,0,1,0,1,1,1,1,0,0,0,0,0,0,0,0,1,0,0,0,0,0,1,0,0,0
0,0,0,1,0,1,1,0,1,0,0,1,0,1,0,1,0,0,1,1,1,1,1,0,1,0,1,1,0,1,0,0,0,0,1,1,0,0,0,1
1,1,1,0,0,0,0,1,0,1,1,1,1,0,1,1,1,1,0,0,0,0,0,1,0,0,0,0,1,0,1,0,0,0,1,1,1,1,1,0
0,1,1,1,0,1,0,0,0,1,0,1,0,0,1,1,0,1,0,0,0,0,0,1,1,0,1,1,0,1,0,0,1,1,0,1,0,1,1,0
1,1,1,1,0,1,0,0,0,1,0,0,0,0,1,1,0,1,0,0,0,0,0,1,0,1,0,0,1,1,0,0,1,1,1,0,0,1,1,1
1,0,0,0,1,0,0,1,0,0,1,0,1,0,0,0,1,0,0,1,1,1,0,1,0,1,0,0,1,0,1,1,0,1,0,0,0,0,1,0
0,1,1,0,0,1,1,1,0,1,0,1,1,0,1,1,0,0,0,0,0,0,0,1,0,0,1,0,0,0,1,0,0,1,1,1,0,0,0,0
1,0,0,0,1,1,0,0,0,1,1,0,1,0,1,0,0,1,0,1,0,0,0,0,0,1,0,0,1,1,0,0,0,1,1,1,1,0,0,1
1,0,0,1,1,1,0,0,1,0,0,0,0,1,0,0,0,1,1,1,1,1,1,0,1,1,0,1,0,1,0,0,1,0,0,1,0,0,1,0
Time: 2025-10-24 00:16:00, Timestep: 17, Round: 1, Phase: REDISTRIBUTION, Aggregation Server: 21, Redistribution Server: 21, Target Node: 21, Phase Length: 20, Timestep in Phase: 2, Current Connections: 20, Cumulative Connections: 20/25, Connected Sats: [3, 4, 6, 7, 8, 10, 11, 13, 16, 18, 19, 20, 22, 24, 26, 27, 31, 32, 36, 39], Missing Sats: [0, 17, 25, 30, 33], Target Sats: [0, 3, 4, 6, 7, 8, 10, 11, 13, 16, 17, 18, 19, 20, 22, 24, 25, 26, 27, 30, 31, 32, 33, 36, 39], Phase Complete: False
0,0,0,0,1,0,0,0,0,1,1,0,1,0,1,0,0,1,0,1,0,0,0,0,0,1,0,0,1,1,0,0,0,1,0,1,1,0,1,1
0,0,1,0,0,1,1,1,0,1,0,1,1,0,1,1,0,0,0,0,0,0,0,1,0,0,1,0,0,0,1,0,0,1,1,1,0,1,0,0
0,1,0,0,0,1,1,1,0,1,0,1,1,0,1,1,0,0,0,0,0,0,0,1,0,0,1,0,0,0,1,0,0,1,1,1,0,1,0,0
0,0,0,0,0,1,0,0,1,0,0,0,0,1,0,1,0,0,1,1,1,1,1,0,1,0,1,1,0,1,0,0,1,0,1,1,0,0,0,1
1,0,0,0,0,0,0,0,1,0,1,0,1,0,0,0,1,1,1,1,1,1,0,0,0,1,0,0,1,0,0,1,0,0,0,0,1,0,1,1
0,1,1,1,0,0,0,0,1,1,0,0,0,1,0,1,0,1,0,1,0,0,1,0,1,0,1,1,0,1,0,0,1,0,1,1,0,1,1,1
0,1,1,0,0,0,0,1,1,0,0,1,0,0,0,0,1,0,1,0,0,1,1,1,1,0,1,1,0,0,1,1,1,0,0,0,0,1,0,0
0,1,1,0,0,0,1,0,1,0,1,1,1,0,1,1,1,0,0,0,0,1,0,1,0,0,1,0,0,0,1,1,0,1,0,0,1,1,0,0
0,0,0,1,1,1,1,1,0,0,0,1,0,1,0,0,1,0,1,1,1,1,1,0,1,0,1,1,0,0,0,1,1,0,0,0,0,0,0,1
1,1,1,0,0,1,0,0,0,0,0,0,1,0,1,1,0,1,0,0,0,0,0,1,0,1,0,0,1,1,1,0,0,1,1,1,0,1,1,0
1,0,0,0,1,0,0,1,0,0,0,0,1,0,1,0,1,1,0,1,1,1,0,0,0,1,0,0,1,0,1,1,0,1,0,0,1,0,1,0
0,1,1,0,0,0,1,1,1,0,0,0,1,0,1,1,1,0,0,0,0,1,0,1,1,0,1,0,0,0,1,1,0,1,1,0,0,1,0,0
1,1,1,0,1,0,0,1,0,1,1,1,0,0,1,1,1,0,0,0,0,0,0,1,0,0,0,0,1,0,1,1,0,1,0,0,1,1,1,0
0,0,0,1,0,1,0,0,1,0,0,0,0,0,0,0,0,0,1,1,1,1,1,0,1,1,1,1,0,1,0,0,1,0,0,0,0,0,0,1
1,1,1,0,0,0,0,1,0,1,1,1,1,0,0,1,1,0,0,0,0,0,0,1,0,0,0,0,1,0,1,0,0,1,1,1,0,1,1,0
0,1,1,1,0,1,0,1,0,1,0,1,1,0,1,0,0,1,0,0,0,0,0,1,0,0,1,0,0,1,1,0,1,1,1,1,0,1,1,0
0,0,0,0,1,0,1,1,1,0,1,1,1,0,1,0,0,0,1,0,1,1,0,1,0,0,0,0,1,0,1,1,0,1,0,0,1,0,0,0
1,0,0,0,1,1,0,0,0,1,1,0,0,0,0,1,0,0,0,1,0,0,0,0,0,1,0,0,1,1,0,0,0,1,1,1,1,0,1,1
0,0,0,1,1,0,1,0,1,0,0,0,0,1,0,0,1,0,0,1,1,1,1,0,1,0,1,1,0,0,0,1,1,0,0,0,0,0,0,1
1,0,0,1,1,1,0,0,1,0,1,0,0,1,0,0,0,1,1,0,1,1,1,0,1,1,0,1,1,1,0,1,1,0,0,0,1,0,1,1
0,0,0,1,1,0,0,0,1,0,1,0,0,1,0,0,1,0,1,1,0,1,1,0,1,1,0,1,0,0,0,1,1,0,0,0,1,0,0,1
0,0,0,1,1,0,1,1,1,0,1,1,0,1,0,0,1,0,1,1,1,0,1,0,1,0,1,1,0,0,0,1,1,0,0,0,1,0,0,1
0,0,0,1,0,1,1,0,1,0,0,0,0,1,0,0,0,0,1,1,1,1,0,0,1,0,1,1,0,1,0,0,1,0,0,0,0,0,0,1
0,1,1,0,0,0,1,1,0,1,0,1,1,0,1,1,1,0,0,0,0,0,0,0,0,0,0,0,1,0,1,0,0,1,1,1,0,1,0,0
0,0,0,1,0,1,1,0,1,0,0,1,0,1,0,0,0,0,1,1,1,1,1,0,0,0,1,1,0,0,0,0,1,0,1,0,0,0,0,1
1,0,0,0,1,0,0,0,0,1,1,0,0,1,0,0,0,1,0,1,1,0,0,0,0,0,0,0,1,1,0,0,0,0,0,1,1,0,1,1
0,1,1,1,0,1,1,1,1,0,0,1,0,1,0,1,0,0,1,0,0,1,1,0,1,0,0,1,0,0,0,0,1,0,1,0,0,1,0,0
0,0,0,1,0,1,1,0,1,0,0,0,0,1,0,0,0,0,1,1,1,1,1,0,1,0,1,0,0,1,0,0,1,0,1,0,0,0,0,1
1,0,0,0,1,0,0,0,0,1,1,0,1,0,1,0,1,1,0,1,0,0,0,1,0,1,0,0,0,1,1,0,0,1,0,1,1,0,1,1
1,0,0,1,0,1,0,0,0,1,0,0,0,1,0,1,0,1,0,1,0,0,1,0,0,1,0,1,1,0,0,0,1,0,1,1,0,0,1,1
0,1,1,0,0,0,1,1,0,1,1,1,1,0,1,1,1,0,0,0,0,0,0,1,0,0,0,0,1,0,0,1,0,1,0,0,1,1,0,0
0,0,0,0,1,0,1,1,1,0,1,1,1,0,0,0,1,0,1,1,1,1,0,0,0,0,0,0,0,0,1,0,0,0,0,0,1,0,0,0
0,0,0,1,0,1,1,0,1,0,0,0,0,1,0,1,0,0,1,1,1,1,1,0,1,0,1,1,0,1,0,0,0,0,1,1,0,0,0,1
1,1,1,0,0,0,0,1,0,1,1,1,1,0,1,1,1,1,0,0,0,0,0,1,0,0,0,0,1,0,1,0,0,0,1,1,1,1,1,0
0,1,1,1,0,1,0,0,0,1,0,1,0,0,1,1,0,1,0,0,0,0,0,1,1,0,1,1,0,1,0,0,1,1,0,1,0,1,1,0
1,1,1,1,0,1,0,0,0,1,0,0,0,0,1,1,0,1,0,0,0,0,0,1,0,1,0,0,1,1,0,0,1,1,1,0,0,1,1,1
1,0,0,0,1,0,0,1,0,0,1,0,1,0,0,0,1,1,0,1,1,1,0,0,0,1,0,0,1,0,1,1,0,1,0,0,0,0,1,0
0,1,1,0,0,1,1,1,0,1,0,1,1,0,1,1,0,0,0,0,0,0,0,1,0,0,1,0,0,0,1,0,0,1,1,1,0,0,0,0
1,0,0,0,1,1,0,0,0,1,1,0,1,0,1,1,0,1,0,1,0,0,0,0,0,1,0,0,1,1,0,0,0,1,1,1,1,0,0,1
1,0,0,1,1,1,0,0,1,0,0,0,0,1,0,0,0,1,1,1,1,1,1,0,1,1,0,1,1,1,0,0,1,0,0,1,0,0,1,0
Time: 2025-10-24 00:17:00, Timestep: 18, Round: 1, Phase: REDISTRIBUTION, Aggregation Server: 21, Redistribution Server: 21, Target Node: 21, Phase Length: 20, Timestep in Phase: 3, Current Connections: 20, Cumulative Connections: 20/25, Connected Sats: [3, 4, 6, 7, 8, 10, 11, 13, 16, 18, 19, 20, 22, 24, 26, 27, 31, 32, 36, 39], Missing Sats: [0, 17, 25, 30, 33], Target Sats: [0, 3, 4, 6, 7, 8, 10, 11, 13, 16, 17, 18, 19, 20, 22, 24, 25, 26, 27, 30, 31, 32, 33, 36, 39], Phase Complete: False
0,0,0,0,1,0,0,0,0,1,1,0,1,0,1,0,0,1,0,1,0,0,0,0,0,1,0,0,1,1,0,0,0,1,0,1,1,0,1,1
0,0,1,0,0,1,1,1,0,1,0,1,1,0,1,1,1,0,0,0,0,0,0,1,0,0,1,0,0,0,1,0,0,1,1,1,0,1,0,0
0,1,0,0,0,1,1,1,0,1,0,1,1,0,1,1,0,0,0,0,0,0,0,1,0,0,1,0,0,0,1,0,0,1,1,1,0,1,0,0
0,0,0,0,0,1,0,0,1,0,0,0,0,1,0,0,0,1,1,1,1,1,1,0,1,1,1,1,0,1,0,0,1,0,1,1,0,0,0,1
1,0,0,0,0,0,0,0,1,0,1,0,1,0,0,0,1,1,1,1,1,1,0,0,0,1,0,0,1,0,1,1,0,0,0,0,1,0,1,1
0,1,1,1,0,0,0,0,1,1,0,0,0,1,0,1,0,1,0,1,0,0,1,0,1,0,1,1,0,1,0,0,1,0,1,1,0,1,1,1
0,1,1,0,0,0,0,1,1,0,0,1,1,0,0,0,1,0,1,0,0,1,1,1,1,0,1,1,0,0,1,1,1,0,0,0,0,1,0,0
0,1,1,0,0,0,1,0,1,0,1,1,1,0,1,1,1,0,0,0,0,1,0,1,0,0,1,0,0,0,1,1,0,1,0,0,1,1,0,0
0,0,0,1,1,1,1,1,0,0,0,1,0,1,0,0,1,0,1,1,1,1,1,0,1,0,1,1,0,0,0,1,1,0,0,0,0,0,0,1
1,1,1,0,0,1,0,0,0,0,0,0,1,0,1,1,0,1,0,0,0,0,0,1,0,1,0,0,1,1,1,0,0,1,1,1,0,1,1,0
1,0,0,0,1,0,0,1,0,0,0,0,1,0,1,0,1,1,0,0,1,1,0,0,0,1,0,0,1,0,1,1,0,1,0,0,1,0,1,0
0,1,1,0,0,0,1,1,1,0,0,0,1,0,1,1,1,0,0,0,0,1,0,1,1,0,1,0,0,0,1,1,0,1,1,0,0,1,0,0
1,1,1,0,1,0,1,1,0,1,1,1,0,0,1,1,1,0,0,0,0,0,0,1,0,0,0,0,1,0,1,1,0,1,0,0,1,1,1,0
0,0,0,1,0,1,0,0,1,0,0,0,0,0,0,0,0,0,1,1,1,1,1,0,1,1,1,1,0,1,0,0,1,0,1,0,0,0,0,1
1,1,1,0,0,0,0,1,0,1,1,1,1,0,0,1,1,0,0,0,0,0,0,1,0,0,0,0,1,0,1,0,0,1,1,1,1,1,1,0
0,1,1,0,0,1,0,1,0,1,0,1,1,0,1,0,0,1,0,0,0,0,0,1,0,0,1,0,0,1,1,0,1,1,1,1,0,1,1,0
0,1,0,0,1,0,1,1,1,0,1,1,1,0,1,0,0,0,1,0,1,1,0,1,0,0,0,0,0,0,1,1,0,1,0,0,1,0,0,0
1,0,0,1,1,1,0,0,0,1,1,0,0,0,0,1,0,0,0,1,0,0,0,0,0,1,0,0,1,1,0,0,0,1,1,1,1,0,1,1
0,0,0,1,1,0,1,0,1,0,0,0,0,1,0,0,1,0,0,1,1,1,1,0,1,0,1,1,0,0,0,1,1,0,0,0,0,0,0,1
1,0,0,1,1,1,0,0,1,0,0,0,0,1,0,0,0,1,1,0,1,1,1,0,1,1,0,1,1,1,0,1,1,0,0,0,1,0,1,1
0,0,0,1,1,0,0,0,1,0,1,0,0,1,0,0,1,0,1,1,0,1,1,0,1,1,0,1,0,0,0,1,1,0,0,0,1,0,0,1
0,0,0,1,1,0,1,1,1,0,1,1,0,1,0,0,1,0,1,1,1,0,1,0,1,0,1,1,0,0,0,1,1,0,0,0,1,0,0,1
0,0,0,1,0,1,1,0,1,0,0,0,0,1,0,0,0,0,1,1,1,1,0,0,1,0,1,1,0,1,0,0,1,0,0,0,0,0,0,1
0,1,1,0,0,0,1,1,0,1,0,1,1,0,1,1,1,0,0,0,0,0,0,0,0,0,0,0,0,0,1,0,0,1,1,1,0,1,0,0
0,0,0,1,0,1,1,0,1,0,0,1,0,1,0,0,0,0,1,1,1,1,1,0,0,0,1,1,0,0,0,0,1,0,1,0,0,0,0,1
1,0,0,1,1,0,0,0,0,1,1,0,0,1,0,0,0,1,0,1,1,0,0,0,0,0,0,0,1,1,0,0,0,0,0,1,1,0,1,1
0,1,1,1,0,1,1,1,1,0,0,1,0,1,0,1,0,0,1,0,0,1,1,0,1,0,0,1,0,0,0,0,1,0,1,0,0,1,0,0
0,0,0,1,0,1,1,0,1,0,0,0,0,1,0,0,0,0,1,1,1,1,1,0,1,0,1,0,0,1,0,0,1,0,0,0,0,0,0,1
1,0,0,0,1,0,0,0,0,1,1,0,1,0,1,0,0,1,0,1,0,0,0,0,0,1,0,0,0,1,1,0,0,1,0,1,1,0,1,1
1,0,0,1,0,1,0,0,0,1,0,0,0,1,0,1,0,1,0,1,0,0,1,0,0,1,0,1,1,0,0,0,1,1,1,1,0,0,1,1
0,1,1,0,1,0,1,1,0,1,1,1,1,0,1,1,1,0,0,0,0,0,0,1,0,0,0,0,1,0,0,1,0,1,0,0,1,1,0,0
0,0,0,0,1,0,1,1,1,0,1,1,1,0,0,0,1,0,1,1,1,1,0,0,0,0,0,0,0,0,1,0,0,0,0,0,1,0,0,0
0,0,0,1,0,1,1,0,1,0,0,0,0,1,0,1,0,0,1,1,1,1,1,0,1,0,1,1,0,1,0,0,0,0,1,1,0,0,0,1
1,1,1,0,0,0,0,1,0,1,1,1,1,0,1,1,1,1,0,0,0,0,0,1,0,0,0,0,1,1,1,0,0,0,1,1,1,1,1,0
0,1,1,1,0,1,0,0,0,1,0,1,0,1,1,1,0,1,0,0,0,0,0,1,1,0,1,0,0,1,0,0,1,1,0,1,0,1,1,0
1,1,1,1,0,1,0,0,0,1,0,0,0,0,1,1,0,1,0,0,0,0,0,1,0,1,0,0,1,1,0,0,1,1,1,0,0,1,1,1
1,0,0,0,1,0,0,1,0,0,1,0,1,0,1,0,1,1,0,1,1,1,0,0,0,1,0,0,1,0,1,1,0,1,0,0,0,0,1,0
0,1,1,0,0,1,1,1,0,1,0,1,1,0,1,1,0,0,0,0,0,0,0,1,0,0,1,0,0,0,1,0,0,1,1,1,0,0,0,0
1,0,0,0,1,1,0,0,0,1,1,0,1,0,1,1,0,1,0,1,0,0,0,0,0,1,0,0,1,1,0,0,0,1,1,1,1,0,0,1
1,0,0,1,1,1,0,0,1,0,0,0,0,1,0,0,0,1,1,1,1,1,1,0,1,1,0,1,1,1,0,0,1,0,0,1,0,0,1,0
Time: 2025-10-24 00:18:00, Timestep: 19, Round: 1, Phase: REDISTRIBUTION, Aggregation Server: 21, Redistribution Server: 21, Target Node: 21, Phase Length: 20, Timestep in Phase: 4, Current Connections: 20, Cumulative Connections: 20/25, Connected Sats: [3, 4, 6, 7, 8, 10, 11, 13, 16, 18, 19, 20, 22, 24, 26, 27, 31, 32, 36, 39], Missing Sats: [0, 17, 25, 30, 33], Target Sats: [0, 3, 4, 6, 7, 8, 10, 11, 13, 16, 17, 18, 19, 20, 22, 24, 25, 26, 27, 30, 31, 32, 33, 36, 39], Phase Complete: False
0,0,0,0,1,0,0,0,0,1,1,0,1,0,1,0,0,1,0,1,1,0,0,0,0,1,0,0,1,1,0,0,0,1,0,1,1,0,1,1
0,0,1,0,0,1,1,1,0,1,0,1,1,0,1,1,1,0,0,0,0,0,0,1,0,0,0,0,0,0,1,0,0,1,1,1,0,1,1,0
0,1,0,0,0,1,1,1,0,1,0,1,1,0,1,1,0,0,0,0,0,0,0,1,0,0,1,0,0,0,1,0,0,1,1,1,0,1,0,0
0,0,0,0,0,1,0,0,1,0,0,0,0,1,0,0,0,1,1,1,1,1,1,0,1,1,1,1,0,1,0,0,1,0,1,1,0,0,0,1
1,0,0,0,0,0,0,0,0,0,1,0,1,0,0,0,1,1,1,1,1,1,0,0,0,1,0,0,1,0,1,1,0,0,0,0,1,0,1,1
0,1,1,1,0,0,0,0,1,1,0,0,0,1,0,1,0,1,1,1,0,0,1,0,1,0,1,1,0,1,0,0,1,0,1,1,0,1,1,1
0,1,1,0,0,0,0,1,1,0,0,1,1,0,0,0,1,0,1,0,0,1,1,1,1,0,1,1,0,0,1,1,0,0,0,0,0,1,0,0
0,1,1,0,0,0,1,0,1,0,1,1,1,0,1,1,1,0,0,0,0,1,0,1,0,0,1,0,0,0,1,1,0,1,0,0,1,1,0,0
0,0,0,1,0,1,1,1,0,0,0,1,0,1,0,0,1,0,1,1,1,1,1,0,1,0,1,1,0,0,0,1,1,0,0,0,0,0,0,1
1,1,1,0,0,1,0,0,0,0,0,0,1,0,1,1,0,1,0,0,0,0,0,1,0,1,0,0,1,1,1,0,0,1,1,1,0,1,1,0
1,0,0,0,1,0,0,1,0,0,0,0,1,0,1,0,1,1,0,0,1,1,0,0,0,1,0,0,1,0,1,1,0,1,0,0,1,0,1,0
0,1,1,0,0,0,1,1,1,0,0,0,1,0,1,1,1,0,0,0,0,1,0,1,0,0,1,0,0,0,1,1,0,1,1,0,0,1,0,0
1,1,1,0,1,0,1,1,0,1,1,1,0,0,1,1,1,0,0,0,0,0,0,1,0,0,0,0,1,0,1,1,0,1,0,0,1,1,1,0
0,0,0,1,0,1,0,0,1,0,0,0,0,0,0,0,0,0,1,1,1,1,1,0,1,1,1,1,0,1,0,0,1,0,1,0,0,0,0,1
1,1,1,0,0,0,0,1,0,1,1,1,1,0,0,1,1,0,0,0,0,0,0,1,0,0,0,0,1,0,1,0,0,1,1,1,1,1,1,0
0,1,1,0,0,1,0,1,0,1,0,1,1,0,1,0,0,1,0,0,0,0,0,1,0,0,1,0,0,1,1,0,1,1,1,1,0,1,1,0
0,1,0,0,1,0,1,1,1,0,1,1,1,0,1,0,0,0,1,0,1,1,0,1,0,0,0,0,0,0,1,1,0,1,0,0,1,0,0,0
1,0,0,1,1,1,0,0,0,1,1,0,0,0,0,1,0,0,0,1,1,0,0,0,0,1,0,0,1,1,0,0,0,1,1,1,1,0,1,1
0,0,0,1,1,1,1,0,1,0,0,0,0,1,0,0,1,0,0,1,1,1,1,0,1,0,1,1,0,0,0,1,1,0,0,0,0,0,0,1
1,0,0,1,1,1,0,0,1,0,0,0,0,1,0,0,0,1,1,0,1,1,1,0,1,1,0,1,1,1,0,0,1,0,0,0,1,0,1,1
1,0,0,1,1,0,0,0,1,0,1,0,0,1,0,0,1,1,1,1,0,1,1,0,1,1,0,1,1,0,0,1,1,0,0,0,1,0,0,1
0,0,0,1,1,0,1,1,1,0,1,1,0,1,0,0,1,0,1,1,1,0,1,0,1,0,1,1,0,0,0,1,1,0,0,0,1,0,0,1
0,0,0,1,0,1,1,0,1,0,0,0,0,1,0,0,0,0,1,1,1,1,0,0,1,0,1,1,0,1,0,0,1,0,0,0,0,0,0,1
0,1,1,0,0,0,1,1,0,1,0,1,1,0,1,1,1,0,0,0,0,0,0,0,0,0,1,0,0,0,1,0,0,1,1,1,0,1,0,0
0,0,0,1,0,1,1,0,1,0,0,0,0,1,0,0,0,0,1,1,1,1,1,0,0,0,1,1,0,0,0,0,1,0,1,0,0,0,0,1
1,0,0,1,1,0,0,0,0,1,1,0,0,1,0,0,0,1,0,1,1,0,0,0,0,0,0,0,1,1,0,0,0,0,0,1,1,0,1,1
0,0,1,1,0,1,1,1,1,0,0,1,0,1,0,1,0,0,1,0,0,1,1,1,1,0,0,1,0,0,0,1,1,0,1,0,0,1,0,0
0,0,0,1,0,1,1,0,1,0,0,0,0,1,0,0,0,0,1,1,1,1,1,0,1,0,1,0,0,1,0,0,1,0,0,0,0,0,0,1
1,0,0,0,1,0,0,0,0,1,1,0,1,0,1,0,0,1,0,1,1,0,0,0,0,1,0,0,0,1,1,0,0,1,0,1,1,0,1,1
1,0,0,1,0,1,0,0,0,1,0,0,0,1,0,1,0,1,0,1,0,0,1,0,0,1,0,1,1,0,0,0,1,1,1,1,0,0,1,1
0,1,1,0,1,0,1,1,0,1,1,1,1,0,1,1,1,0,0,0,0,0,0,1,0,0,0,0,1,0,0,1,0,1,0,0,1,1,0,0
0,0,0,0,1,0,1,1,1,0,1,1,1,0,0,0,1,0,1,0,1,1,0,0,0,0,1,0,0,0,1,0,0,0,0,0,1,0,0,0
0,0,0,1,0,1,0,0,1,0,0,0,0,1,0,1,0,0,1,1,1,1,1,0,1,0,1,1,0,1,0,0,0,0,1,1,0,0,0,1
1,1,1,0,0,0,0,1,0,1,1,1,1,0,1,1,1,1,0,0,0,0,0,1,0,0,0,0,1,1,1,0,0,0,1,1,1,1,1,0
0,1,1,1,0,1,0,0,0,1,0,1,0,1,1,1,0,1,0,0,0,0,0,1,1,0,1,0,0,1,0,0,1,1,0,1,0,1,1,0
1,1,1,1,0,1,0,0,0,1,0,0,0,0,1,1,0,1,0,0,0,0,0,1,0,1,0,0,1,1,0,0,1,1,1,0,0,1,1,1
1,0,0,0,1,0,0,1,0,0,1,0,1,0,1,0,1,1,0,1,1,1,0,0,0,1,0,0,1,0,1,1,0,1,0,0,0,0,1,0
0,1,1,0,0,1,1,1,0,1,0,1,1,0,1,1,0,0,0,0,0,0,0,1,0,0,1,0,0,0,1,0,0,1,1,1,0,0,0,0
1,1,0,0,1,1,0,0,0,1,1,0,1,0,1,1,0,1,0,1,0,0,0,0,0,1,0,0,1,1,0,0,0,1,1,1,1,0,0,1
1,0,0,1,1,1,0,0,1,0,0,0,0,1,0,0,0,1,1,1,1,1,1,0,1,1,0,1,1,1,0,0,1,0,0,1,0,0,1,0
Time: 2025-10-24 00:19:00, Timestep: 20, Round: 1, Phase: REDISTRIBUTION, Aggregation Server: 21, Redistribution Server: 21, Target Node: 21, Phase Length: 20, Timestep in Phase: 5, Current Connections: 20, Cumulative Connections: 20/25, Connected Sats: [3, 4, 6, 7, 8, 10, 11, 13, 16, 18, 19, 20, 22, 24, 26, 27, 31, 32, 36, 39], Missing Sats: [0, 17, 25, 30, 33], Target Sats: [0, 3, 4, 6, 7, 8, 10, 11, 13, 16, 17, 18, 19, 20, 22, 24, 25, 26, 27, 30, 31, 32, 33, 36, 39], Phase Complete: False
0,0,0,0,1,0,0,0,0,1,1,0,0,0,1,0,0,1,0,1,1,0,0,0,0,1,0,0,1,1,0,0,0,1,0,1,1,0,1,1
0,0,1,0,0,0,1,1,0,1,1,1,1,0,1,1,1,0,0,0,0,0,0,1,0,0,0,0,0,0,1,0,0,1,1,1,0,1,1,0
0,1,0,0,0,1,1,1,0,1,0,1,1,0,1,1,0,0,0,0,0,0,0,1,0,0,1,0,0,0,1,0,0,1,1,1,0,1,0,0
0,0,0,0,0,1,0,0,1,0,0,0,0,1,0,0,0,1,1,1,1,1,1,0,1,1,1,1,0,1,0,0,1,0,1,1,0,0,0,1
1,0,0,0,0,0,0,0,0,0,1,0,1,0,0,0,1,1,1,1,1,1,0,0,0,1,0,0,1,0,1,1,0,0,0,0,1,0,0,1
0,0,1,1,0,0,0,0,1,1,0,1,0,1,0,1,0,0,1,1,0,0,1,1,1,0,1,1,0,1,0,0,1,0,1,1,0,1,1,1
0,1,1,0,0,0,0,1,1,0,0,1,1,0,0,0,1,0,1,0,0,1,1,1,1,0,1,1,0,0,1,1,0,0,0,0,0,1,0,0
0,1,1,0,0,0,1,0,1,0,1,1,1,0,1,0,1,0,0,0,0,1,0,1,0,0,1,0,0,0,1,1,0,1,0,0,1,1,0,0
0,0,0,1,0,1,1,1,0,0,0,1,0,1,0,0,1,0,1,1,1,1,1,0,1,0,1,1,0,0,0,1,1,0,0,0,0,0,0,1
1,1,1,0,0,1,0,0,0,0,0,0,1,0,1,1,0,1,0,0,0,0,0,1,0,1,0,0,1,1,1,0,0,1,1,1,0,1,1,0
1,1,0,0,1,0,0,1,0,0,0,0,1,0,1,0,1,1,0,0,1,1,0,0,0,1,0,0,1,0,1,1,0,1,0,0,1,0,1,0
0,1,1,0,0,1,1,1,1,0,0,0,1,0,1,1,1,0,0,0,0,1,0,1,0,0,1,0,0,0,1,1,0,1,1,0,0,1,0,0
0,1,1,0,1,0,1,1,0,1,1,1,0,0,1,1,1,0,0,0,0,0,0,1,0,0,0,0,1,0,1,1,0,1,0,0,1,1,1,0
0,0,0,1,0,1,0,0,1,0,0,0,0,0,0,0,0,0,1,1,1,1,1,0,1,1,1,1,0,1,0,0,1,0,1,0,0,0,0,1
1,1,1,0,0,0,0,1,0,1,1,1,1,0,0,1,1,0,0,0,0,0,0,1,0,0,0,0,1,0,1,0,0,1,1,1,1,1,1,0
0,1,1,0,0,1,0,0,0,1,0,1,1,0,1,0,0,1,0,0,0,0,0,1,0,0,0,0,0,1,1,0,1,1,1,1,0,1,1,0
0,1,0,0,1,0,1,1,1,0,1,1,1,0,1,0,0,0,0,0,1,1,0,1,0,0,1,0,0,0,1,1,0,1,0,0,1,0,0,0
1,0,0,1,1,0,0,0,0,1,1,0,0,0,0,1,0,0,0,1,1,0,0,0,0,1,0,0,1,1,0,0,0,1,1,1,1,0,1,1
0,0,0,1,1,1,1,0,1,0,0,0,0,1,0,0,0,0,0,1,1,1,1,0,1,0,1,1,0,0,0,1,1,0,0,0,0,0,0,1
1,0,0,1,1,1,0,0,1,0,0,0,0,1,0,0,0,1,1,0,1,1,1,0,1,1,0,1,1,1,0,0,1,0,0,1,0,0,1,1
1,0,0,1,1,0,0,0,1,0,1,0,0,1,0,0,1,1,1,1,0,1,1,0,1,1,0,1,1,0,0,1,1,0,0,0,1,0,0,1
0,0,0,1,1,0,1,1,1,0,1,1,0,1,0,0,1,0,1,1,1,0,1,0,1,0,1,1,0,0,0,1,1,0,0,0,1,0,0,1
0,0,0,1,0,1,1,0,1,0,0,0,0,1,0,0,0,0,1,1,1,1,0,0,1,0,1,1,0,1,0,0,1,0,1,0,0,0,0,1
0,1,1,0,0,1,1,1,0,1,0,1,1,0,1,1,1,0,0,0,0,0,0,0,0,0,1,0,0,0,1,0,0,1,1,1,0,1,0,0
0,0,0,1,0,1,1,0,1,0,0,0,0,1,0,0,0,0,1,1,1,1,1,0,0,0,1,1,0,0,0,0,1,0,0,0,0,0,0,1
1,0,0,1,1,0,0,0,0,1,1,0,0,1,0,0,0,1,0,1,1,0,0,0,0,0,0,1,1,1,0,0,0,0,0,1,1,0,1,1
0,0,1,1,0,1,1,1,1,0,0,1,0,1,0,0,1,0,1,0,0,1,1,1,1,0,0,1,0,0,0,1,1,0,1,0,0,1,0,0
0,0,0,1,0,1,1,0,1,0,0,0,0,1,0,0,0,0,1,1,1,1,1,0,1,1,1,0,0,1,0,0,1,0,0,0,0,0,0,1
1,0,0,0,1,0,0,0,0,1,1,0,1,0,1,0,0,1,0,1,1,0,0,0,0,1,0,0,0,1,1,0,0,1,0,1,1,0,1,1
1,0,0,1,0,1,0,0,0,1,0,0,0,1,0,1,0,1,0,1,0,0,1,0,0,1,0,1,1,0,0,0,1,1,1,1,0,1,1,1
0,1,1,0,1,0,1,1,0,1,1,1,1,0,1,1,1,0,0,0,0,0,0,1,0,0,0,0,1,0,0,1,0,1,0,0,1,1,0,0
0,0,0,0,1,0,1,1,1,0,1,1,1,0,0,0,1,0,1,0,1,1,0,0,0,0,1,0,0,0,1,0,0,0,0,0,1,0,0,0
0,0,0,1,0,1,0,0,1,0,0,0,0,1,0,1,0,0,1,1,1,1,1,0,1,0,1,1,0,1,0,0,0,0,1,1,0,0,0,1
1,1,1,0,0,0,0,1,0,1,1,1,1,0,1,1,1,1,0,0,0,0,0,1,0,0,0,0,1,1,1,0,0,0,1,1,1,1,1,0
0,1,1,1,0,1,0,0,0,1,0,1,0,1,1,1,0,1,0,0,0,0,1,1,0,0,1,0,0,1,0,0,1,1,0,1,0,1,1,0
1,1,1,1,0,1,0,0,0,1,0,0,0,0,1,1,0,1,0,1,0,0,0,1,0,1,0,0,1,1,0,0,1,1,1,0,0,1,1,1
1,0,0,0,1,0,0,1,0,0,1,0,1,0,1,0,1,1,0,0,1,1,0,0,0,1,0,0,1,0,1,1,0,1,0,0,0,0,1,0
0,1,1,0,0,1,1,1,0,1,0,1,1,0,1,1,0,0,0,0,0,0,0,1,0,0,1,0,0,1,1,0,0,1,1,1,0,0,0,0
1,1,0,0,0,1,0,0,0,1,1,0,1,0,1,1,0,1,0,1,0,0,0,0,0,1,0,0,1,1,0,0,0,1,1,1,1,0,0,1
1,0,0,1,1,1,0,0,1,0,0,0,0,1,0,0,0,1,1,1,1,1,1,0,1,1,0,1,1,1,0,0,1,0,0,1,0,0,1,0
Time: 2025-10-24 00:20:00, Timestep: 21, Round: 1, Phase: REDISTRIBUTION, Aggregation Server: 21, Redistribution Server: 21, Target Node: 21, Phase Length: 20, Timestep in Phase: 6, Current Connections: 19, Cumulative Connections: 20/25, Connected Sats: [3, 4, 6, 7, 8, 10, 11, 13, 16, 18, 19, 20, 22, 24, 26, 27, 31, 32, 36, 39], Missing Sats: [0, 17, 25, 30, 33], Target Sats: [0, 3, 4, 6, 7, 8, 10, 11, 13, 16, 17, 18, 19, 20, 22, 24, 25, 26, 27, 30, 31, 32, 33, 36, 39], Phase Complete: False
0,0,0,0,1,0,0,0,0,1,1,0,0,0,1,1,0,1,0,1,1,0,0,0,0,1,0,0,1,1,0,0,0,1,1,1,1,0,1,1
0,0,1,0,0,0,1,1,0,1,1,1,1,0,1,1,1,0,0,0,0,0,0,1,0,0,0,0,0,0,1,0,0,1,1,1,0,1,1,0
0,1,0,0,0,1,1,1,0,1,0,1,1,0,1,1,0,0,0,0,0,0,0,1,0,0,1,0,0,1,1,0,0,1,1,1,0,1,0,0
0,0,0,0,0,1,0,0,1,0,0,0,0,1,0,0,0,1,1,1,1,1,1,0,1,1,1,1,0,1,0,0,1,0,1,1,0,0,0,1
1,0,0,0,0,0,0,1,0,0,1,0,1,0,0,0,1,1,1,1,1,1,0,0,0,1,0,0,1,0,1,1,0,0,0,0,1,0,0,1
0,0,1,1,0,0,0,0,1,1,0,1,0,1,0,1,0,0,1,1,0,0,1,1,1,0,1,1,0,1,0,0,1,0,1,1,0,1,1,1
0,1,1,0,0,0,0,1,1,0,1,1,1,0,0,0,1,0,1,0,0,1,1,1,1,0,1,1,0,0,1,1,0,0,0,0,0,1,0,0
0,1,1,0,1,0,1,0,1,0,1,1,1,0,1,0,1,0,0,0,0,1,0,1,0,0,1,0,0,0,1,1,0,1,0,0,1,1,0,0
0,0,0,1,0,1,1,1,0,0,0,1,0,1,0,0,1,0,1,1,1,1,1,0,1,0,1,1,0,0,0,1,1,0,0,0,0,0,0,1
1,1,1,0,0,1,0,0,0,0,1,0,1,0,1,1,0,1,0,0,0,0,0,1,0,1,0,0,1,1,1,0,0,1,1,1,1,1,1,0
1,1,0,0,1,0,1,1,0,1,0,0,1,0,1,0,1,1,0,0,1,1,0,0,0,1,0,0,1,0,1,1,0,1,0,0,1,0,0,0
0,1,1,0,0,1,1,1,1,0,0,0,1,0,1,1,1,0,0,0,0,0,0,1,0,0,1,0,0,0,1,1,0,1,1,0,0,1,0,0
0,1,1,0,1,0,1,1,0,1,1,1,0,0,1,1,1,0,0,0,0,0,0,1,0,0,0,0,1,0,1,1,0,1,0,0,1,1,1,0
0,0,0,1,0,1,0,0,1,0,0,0,0,0,0,0,0,0,1,1,1,1,1,0,1,1,1,1,0,1,0,0,1,0,1,0,0,0,0,1
1,1,1,0,0,0,0,1,0,1,1,1,1,0,0,1,1,0,0,0,0,0,0,1,0,0,0,0,1,0,1,0,0,1,1,1,1,1,1,0
1,1,1,0,0,1,0,0,0,1,0,1,1,0,1,0,0,1,0,0,0,0,0,1,0,0,0,0,0,1,1,0,1,1,1,1,0,1,1,0
0,1,0,0,1,0,1,1,1,0,1,1,1,0,1,0,0,0,0,0,1,1,0,1,0,0,1,0,0,0,1,1,0,1,0,0,1,0,0,0
1,0,0,1,1,0,0,0,0,1,1,0,0,0,0,1,0,0,0,1,1,0,0,0,0,1,0,0,1,1,0,0,0,1,1,1,1,0,1,1
0,0,0,1,1,1,1,0,1,0,0,0,0,1,0,0,0,0,0,1,1,1,1,0,1,0,1,1,0,0,0,1,1,0,0,0,0,0,0,1
1,0,0,1,1,1,0,0,1,0,0,0,0,1,0,0,0,1,1,0,1,1,1,0,1,1,0,1,1,1,0,0,1,0,0,1,0,0,1,1
1,0,0,1,1,0,0,0,1,0,1,0,0,1,0,0,1,1,1,1,0,1,1,0,1,1,0,1,1,0,0,1,1,0,0,0,1,0,0,1
0,0,0,1,1,0,1,1,1,0,1,0,0,1,0,0,1,0,1,1,1,0,1,0,1,0,1,1,0,0,0,1,1,0,0,0,1,0,0,1
0,0,0,1,0,1,1,0,1,0,0,0,0,1,0,0,0,0,1,1,1,1,0,0,1,0,1,1,0,1,0,0,1,0,1,0,0,0,0,1
0,1,1,0,0,1,1,1,0,1,0,1,1,0,1,1,1,0,0,0,0,0,0,0,0,0,1,0,0,0,1,0,0,1,1,1,0,1,0,0
0,0,0,1,0,1,1,0,1,0,0,0,0,1,0,0,0,0,1,1,1,1,1,0,0,0,1,1,0,0,0,1,1,0,0,0,0,0,0,1
1,0,0,1,1,0,0,0,0,1,1,0,0,1,0,0,0,1,0,1,1,0,0,0,0,0,0,1,1,1,0,0,1,0,0,1,1,0,1,1
0,0,1,1,0,1,1,1,1,0,0,1,0,1,0,0,1,0,1,0,0,1,1,1,1,0,0,1,0,0,0,1,1,0,0,0,0,1,0,0
0,0,0,1,0,1,1,0,1,0,0,0,0,1,0,0,0,0,1,1,1,1,1,0,1,1,1,0,0,1,0,0,1,0,0,0,0,0,0,1
1,0,0,0,1,0,0,0,0,1,1,0,1,0,1,0,0,1,0,1,1,0,0,0,0,1,0,0,0,1,1,0,0,1,0,1,1,0,1,1
1,0,1,1,0,1,0,0,0,1,0,0,0,1,0,1,0,1,0,1,0,0,1,0,0,1,0,1,1,0,0,0,1,1,1,1,0,1,1,1
0,1,1,0,1,0,1,1,0,1,1,1,1,0,1,1,1,0,0,0,0,0,0,1,0,0,0,0,1,0,0,1,0,1,0,0,1,1,0,0
0,0,0,0,1,0,1,1,1,0,1,1,1,0,0,0,1,0,1,0,1,1,0,0,1,0,1,0,0,0,1,0,0,0,0,0,1,0,0,0
0,0,0,1,0,1,0,0,1,0,0,0,0,1,0,1,0,0,1,1,1,1,1,0,1,1,1,1,0,1,0,0,0,0,1,1,0,0,0,1
1,1,1,0,0,0,0,1,0,1,1,1,1,0,1,1,1,1,0,0,0,0,0,1,0,0,0,0,1,1,1,0,0,0,1,1,1,1,1,0
1,1,1,1,0,1,0,0,0,1,0,1,0,1,1,1,0,1,0,0,0,0,1,1,0,0,0,0,0,1,0,0,1,1,0,1,0,1,1,0
1,1,1,1,0,1,0,0,0,1,0,0,0,0,1,1,0,1,0,1,0,0,0,1,0,1,0,0,1,1,0,0,1,1,1,0,0,1,1,1
1,0,0,0,1,0,0,1,0,1,1,0,1,0,1,0,1,1,0,0,1,1,0,0,0,1,0,0,1,0,1,1,0,1,0,0,0,0,1,0
0,1,1,0,0,1,1,1,0,1,0,1,1,0,1,1,0,0,0,0,0,0,0,1,0,0,1,0,0,1,1,0,0,1,1,1,0,0,0,0
1,1,0,0,0,1,0,0,0,1,0,0,1,0,1,1,0,1,0,1,0,0,0,0,0,1,0,0,1,1,0,0,0,1,1,1,1,0,0,1
1,0,0,1,1,1,0,0,1,0,0,0,0,1,0,0,0,1,1,1,1,1,1,0,1,1,0,1,1,1,0,0,1,0,0,1,0,0,1,0
Time: 2025-10-24 00:21:00, Timestep: 22, Round: 1, Phase: REDISTRIBUTION, Aggregation Server: 21, Redistribution Server: 21, Target Node: 21, Phase Length: 20, Timestep in Phase: 7, Current Connections: 19, Cumulative Connections: 20/25, Connected Sats: [3, 4, 6, 7, 8, 10, 11, 13, 16, 18, 19, 20, 22, 24, 26, 27, 31, 32, 36, 39], Missing Sats: [0, 17, 25, 30, 33], Target Sats: [0, 3, 4, 6, 7, 8, 10, 11, 13, 16, 17, 18, 19, 20, 22, 24, 25, 26, 27, 30, 31, 32, 33, 36, 39], Phase Complete: False
0,0,0,0,1,0,0,0,0,1,1,0,0,0,1,1,0,1,0,1,1,0,0,0,0,1,0,0,1,1,0,0,0,1,1,1,1,0,1,1
0,0,1,0,0,0,1,1,0,1,1,1,1,0,1,1,1,0,0,0,0,0,0,1,0,0,0,0,0,0,1,0,0,1,1,1,1,1,1,0
0,1,0,0,0,1,1,1,0,1,0,1,1,0,1,1,0,0,0,0,0,0,0,1,0,0,1,0,0,1,1,0,0,1,1,1,0,1,1,0
0,0,0,0,0,1,0,0,1,0,0,0,0,1,0,0,0,1,1,1,1,1,1,0,1,1,1,1,0,1,0,0,1,0,1,1,0,0,0,1
1,0,0,0,0,0,1,1,0,0,1,0,1,0,0,0,1,1,0,1,1,1,0,0,0,1,0,0,1,0,1,1,0,1,0,0,1,0,0,1
0,0,1,1,0,0,0,0,1,0,0,1,0,1,0,1,0,0,1,1,0,0,1,1,1,0,1,1,0,1,0,0,1,0,1,1,0,1,1,1
0,1,1,0,1,0,0,1,1,0,1,1,1,1,0,0,1,0,1,0,0,1,1,1,1,0,1,0,0,0,1,1,0,0,0,0,0,1,0,0
0,1,1,0,1,0,1,0,1,0,1,1,1,0,1,0,1,0,0,0,0,1,0,1,0,0,1,0,0,0,1,1,0,1,0,0,1,1,0,0
0,0,0,1,0,1,1,1,0,0,0,1,0,1,0,0,1,0,1,1,1,1,1,0,1,0,1,1,0,0,0,1,1,0,0,0,0,0,0,1
1,1,1,0,0,0,0,0,0,0,1,0,1,0,1,1,0,1,0,0,0,0,0,1,0,1,0,0,1,1,1,0,0,1,1,1,1,1,1,0
1,1,0,0,1,0,1,1,0,1,0,0,1,0,1,0,1,1,0,0,1,1,0,0,0,1,0,0,1,0,1,1,0,1,0,0,1,0,0,0
0,1,1,0,0,1,1,1,1,0,0,0,1,0,1,1,1,0,0,0,0,0,0,1,0,0,1,0,0,0,1,1,0,1,0,0,0,1,0,0
0,1,1,0,1,0,1,1,0,1,1,1,0,0,1,1,1,0,0,0,0,0,0,1,0,0,0,0,0,0,1,1,0,1,0,0,1,1,0,0
0,0,0,1,0,1,1,0,1,0,0,0,0,0,0,0,0,0,1,1,1,1,1,0,1,1,1,1,0,1,0,0,1,0,1,0,0,0,0,1
1,1,1,0,0,0,0,1,0,1,1,1,1,0,0,1,1,0,0,0,0,0,0,1,0,0,0,0,1,0,1,0,0,1,1,1,1,1,1,0
1,1,1,0,0,1,0,0,0,1,0,1,1,0,1,0,0,1,0,0,0,0,0,1,0,0,0,0,1,1,1,0,1,1,1,1,0,1,1,0
0,1,0,0,1,0,1,1,1,0,1,1,1,0,1,0,0,0,0,0,1,1,0,1,0,0,1,0,0,0,1,1,0,1,0,0,1,0,0,0
1,0,0,1,1,0,0,0,0,1,1,0,0,0,0,1,0,0,0,1,1,0,0,0,0,1,0,0,1,1,0,0,1,1,1,1,1,0,1,1
0,0,0,1,0,1,1,0,1,0,0,0,0,1,0,0,0,0,0,1,1,1,1,0,1,0,1,1,0,0,0,1,1,0,0,0,0,0,0,1
1,0,0,1,1,1,0,0,1,0,0,0,0,1,0,0,0,1,1,0,1,1,1,0,1,1,0,1,1,1,0,0,1,0,0,1,0,0,1,1
1,0,0,1,1,0,0,0,1,0,1,0,0,1,0,0,1,1,1,1,0,1,1,0,1,1,0,1,1,0,0,1,1,0,0,0,1,0,0,1
0,0,0,1,1,0,1,1,1,0,1,0,0,1,0,0,1,0,1,1,1,0,1,0,1,0,1,1,0,0,0,1,1,0,0,0,1,0,0,1
0,0,0,1,0,1,1,0,1,0,0,0,0,1,0,0,0,0,1,1,1,1,0,0,1,0,1,1,0,1,0,0,1,0,1,0,0,0,0,1
0,1,1,0,0,1,1,1,0,1,0,1,1,0,1,1,1,0,0,0,0,0,0,0,0,0,1,0,0,0,1,0,0,1,1,1,0,1,0,0
0,0,0,1,0,1,1,0,1,0,0,0,0,1,0,0,0,0,1,1,1,1,1,0,0,0,1,1,0,1,0,1,1,0,0,0,0,0,0,1
1,0,0,1,1,0,0,0,0,1,1,0,0,1,0,0,0,1,0,1,1,0,0,0,0,0,0,1,1,1,0,0,1,0,0,1,1,0,1,1
0,0,1,1,0,1,1,1,1,0,0,1,0,1,0,0,1,0,1,0,0,1,1,1,1,0,0,1,0,0,0,1,1,0,0,0,0,1,0,0
0,0,0,1,0,1,0,0,1,0,0,0,0,1,0,0,0,0,1,1,1,1,1,0,1,1,1,0,0,1,0,0,1,0,0,0,0,0,0,1
1,0,0,0,1,0,0,0,0,1,1,0,0,0,1,1,0,1,0,1,1,0,0,0,0,1,0,0,0,1,1,0,0,1,0,1,1,0,1,1
1,0,1,1,0,1,0,0,0,1,0,0,0,1,0,1,0,1,0,1,0,0,1,0,1,1,0,1,1,0,0,0,1,1,1,1,0,1,1,1
0,1,1,0,1,0,1,1,0,1,1,1,1,0,1,1,1,0,0,0,0,0,0,1,0,0,0,0,1,0,0,1,0,1,0,0,1,1,0,0
0,0,0,0,1,0,1,1,1,0,1,1,1,0,0,0,1,0,1,0,1,1,0,0,1,0,1,0,0,0,1,0,0,0,0,0,1,0,0,0
0,0,0,1,0,1,0,0,1,0,0,0,0,1,0,1,0,1,1,1,1,1,1,0,1,1,1,1,0,1,0,0,0,0,1,1,0,0,0,1
1,1,1,0,1,0,0,1,0,1,1,1,1,0,1,1,1,1,0,0,0,0,0,1,0,0,0,0,1,1,1,0,0,0,1,1,1,1,1,0
1,1,1,1,0,1,0,0,0,1,0,0,0,1,1,1,0,1,0,0,0,0,1,1,0,0,0,0,0,1,0,0,1,1,0,1,0,1,1,0
1,1,1,1,0,1,0,0,0,1,0,0,0,0,1,1,0,1,0,1,0,0,0,1,0,1,0,0,1,1,0,0,1,1,1,0,0,1,1,1
1,1,0,0,1,0,0,1,0,1,1,0,1,0,1,0,1,1,0,0,1,1,0,0,0,1,0,0,1,0,1,1,0,1,0,0,0,0,1,0
0,1,1,0,0,1,1,1,0,1,0,1,1,0,1,1,0,0,0,0,0,0,0,1,0,0,1,0,0,1,1,0,0,1,1,1,0,0,0,0
1,1,1,0,0,1,0,0,0,1,0,0,0,0,1,1,0,1,0,1,0,0,0,0,0,1,0,0,1,1,0,0,0,1,1,1,1,0,0,1
1,0,0,1,1,1,0,0,1,0,0,0,0,1,0,0,0,1,1,1,1,1,1,0,1,1,0,1,1,1,0,0,1,0,0,1,0,0,1,0
Time: 2025-10-24 00:22:00, Timestep: 23, Round: 1, Phase: REDISTRIBUTION, Aggregation Server: 21, Redistribution Server: 21, Target Node: 21, Phase Length: 20, Timestep in Phase: 8, Current Connections: 19, Cumulative Connections: 20/25, Connected Sats: [3, 4, 6, 7, 8, 10, 11, 13, 16, 18, 19, 20, 22, 24, 26, 27, 31, 32, 36, 39], Missing Sats: [0, 17, 25, 30, 33], Target Sats: [0, 3, 4, 6, 7, 8, 10, 11, 13, 16, 17, 18, 19, 20, 22, 24, 25, 26, 27, 30, 31, 32, 33, 36, 39], Phase Complete: False
0,0,0,1,1,0,0,0,0,1,1,0,0,0,1,1,0,1,0,1,1,0,0,0,0,1,0,0,1,1,0,0,0,1,1,1,1,0,1,1
0,0,1,0,0,0,0,1,0,1,1,1,1,0,1,1,1,0,0,0,0,0,0,1,0,0,0,0,1,0,1,0,0,1,1,1,1,1,1,0
0,1,0,0,0,1,1,1,0,1,0,1,1,0,1,1,0,0,0,0,0,0,0,1,0,0,1,0,0,1,1,0,0,1,1,1,0,1,1,0
1,0,0,0,0,1,0,0,1,0,0,0,0,1,0,0,0,1,1,1,1,1,1,0,1,1,1,1,0,1,0,0,1,0,1,1,0,0,1,1
1,0,0,0,0,0,1,1,0,0,1,0,1,0,0,0,1,1,0,1,1,1,0,0,0,1,0,0,1,0,1,1,0,1,0,0,1,0,0,1
0,0,1,1,0,0,0,0,1,0,0,1,0,1,0,1,0,0,1,1,0,0,1,1,1,0,1,1,0,1,0,0,1,0,1,1,0,1,1,0
0,0,1,0,1,0,0,1,1,0,1,1,1,1,0,0,1,0,1,0,0,1,1,1,1,0,1,0,0,0,1,1,0,0,0,0,0,1,0,0
0,1,1,0,1,0,1,0,1,0,1,1,1,0,1,0,1,0,0,0,0,1,0,1,0,0,1,0,0,0,1,1,0,1,0,0,1,1,0,0
0,0,0,1,0,1,1,1,0,0,0,1,0,1,0,0,1,0,1,1,1,1,1,0,1,0,1,1,0,0,0,1,1,0,0,0,0,0,0,1
1,1,1,0,0,0,0,0,0,0,1,0,1,0,1,1,0,1,0,0,0,0,0,1,0,1,0,0,1,1,1,0,0,1,1,1,1,1,1,0
1,1,0,0,1,0,1,1,0,1,0,1,1,0,1,0,1,0,0,0,1,1,0,0,0,0,0,0,1,0,1,1,0,1,0,0,1,0,0,0
0,1,1,0,0,1,1,1,1,0,1,0,1,0,1,1,1,0,0,0,0,0,0,1,0,0,1,0,0,0,1,1,0,1,0,0,0,1,0,0
0,1,1,0,1,0,1,1,0,1,1,1,0,0,1,1,1,0,0,0,0,0,0,1,0,0,0,0,0,0,1,1,0,1,0,0,1,1,0,0
0,0,0,1,0,1,1,0,1,0,0,0,0,0,0,0,0,0,1,1,1,1,1,0,1,1,1,1,0,1,0,0,1,0,1,0,0,0,0,1
1,1,1,0,0,0,0,1,0,1,1,1,1,0,0,1,1,0,0,0,0,0,0,1,0,0,0,0,1,0,1,0,0,1,1,1,1,1,1,0
1,1,1,0,0,1,0,0,0,1,0,1,1,0,1,0,0,1,0,0,0,0,0,1,0,0,0,0,1,1,1,0,0,1,1,1,0,1,1,0
0,1,0,0,1,0,1,1,1,0,1,1,1,0,1,0,0,0,0,0,1,1,0,1,0,0,1,0,0,0,1,1,0,1,0,0,1,0,0,0
1,0,0,1,1,0,0,0,0,1,0,0,0,0,0,1,0,0,0,1,1,0,0,0,0,1,0,1,1,1,0,0,1,1,1,1,1,0,1,1
0,0,0,1,0,1,1,0,1,0,0,0,0,1,0,0,0,0,0,1,1,1,1,0,1,0,1,1,0,0,0,1,1,0,0,0,0,0,0,1
1,0,0,1,1,1,0,0,1,0,0,0,0,1,0,0,0,1,1,0,1,1,1,0,1,1,0,1,1,1,0,0,1,0,0,1,0,0,1,1
1,0,0,1,1,0,0,0,1,0,1,0,0,1,0,0,1,1,1,1,0,1,1,0,1,1,0,1,1,0,0,1,1,0,0,0,1,0,0,1
0,0,0,1,1,0,1,1,1,0,1,0,0,1,0,0,1,0,1,1,1,0,1,0,1,0,1,1,0,0,0,1,1,0,0,0,1,0,0,1
0,0,0,1,0,1,1,0,1,0,0,0,0,1,0,0,0,0,1,1,1,1,0,0,1,0,1,1,0,1,0,0,1,0,1,0,0,0,0,1
0,1,1,0,0,1,1,1,0,1,0,1,1,0,1,1,1,0,0,0,0,0,0,0,0,0,1,0,0,0,1,0,0,1,1,1,0,1,0,0
0,0,0,1,0,1,1,0,1,0,0,0,0,1,0,0,0,0,1,1,1,1,1,0,0,1,1,1,0,1,0,1,1,0,0,0,0,0,0,1
1,0,0,1,1,0,0,0,0,1,0,0,0,1,0,0,0,1,0,1,1,0,0,0,1,0,0,1,1,1,0,0,1,0,1,1,1,0,1,1
0,0,1,1,0,1,1,1,1,0,0,1,0,1,0,0,1,0,1,0,0,1,1,1,1,0,0,1,0,0,0,1,1,0,0,0,0,1,0,0
0,0,0,1,0,1,0,0,1,0,0,0,0,1,0,0,0,1,1,1,1,1,1,0,1,1,1,0,0,1,0,0,1,0,0,0,0,0,0,1
1,1,0,0,1,0,0,0,0,1,1,0,0,0,1,1,0,1,0,1,1,0,0,0,0,1,0,0,0,1,1,0,0,1,1,1,1,0,1,1
1,0,1,1,0,1,0,0,0,1,0,0,0,1,0,1,0,1,0,1,0,0,1,0,1,1,0,1,1,0,0,0,1,1,1,1,0,1,1,1
0,1,1,0,1,0,1,1,0,1,1,1,1,0,1,1,1,0,0,0,0,0,0,1,0,0,0,0,1,0,0,1,0,1,0,0,1,1,0,0
0,0,0,0,1,0,1,1,1,0,1,1,1,0,0,0,1,0,1,0,1,1,0,0,1,0,1,0,0,0,1,0,0,0,0,0,1,0,0,0
0,0,0,1,0,1,0,0,1,0,0,0,0,1,0,0,0,1,1,1,1,1,1,0,1,1,1,1,0,1,0,0,0,0,1,1,0,0,0,1
1,1,1,0,1,0,0,1,0,1,1,1,1,0,1,1,1,1,0,0,0,0,0,1,0,0,0,0,1,1,1,0,0,0,1,1,1,1,1,0
1,1,1,1,0,1,0,0,0,1,0,0,0,1,1,1,0,1,0,0,0,0,1,1,0,1,0,0,1,1,0,0,1,1,0,1,0,1,1,0
1,1,1,1,0,1,0,0,0,1,0,0,0,0,1,1,0,1,0,1,0,0,0,1,0,1,0,0,1,1,0,0,1,1,1,0,0,1,1,1
1,1,0,0,1,0,0,1,0,1,1,0,1,0,1,0,1,1,0,0,1,1,0,0,0,1,0,0,1,0,1,1,0,1,0,0,0,0,1,1
0,1,1,0,0,1,1,1,0,1,0,1,1,0,1,1,0,0,0,0,0,0,0,1,0,0,1,0,0,1,1,0,0,1,1,1,0,0,1,0
1,1,1,1,0,1,0,0,0,1,0,0,0,0,1,1,0,1,0,1,0,0,0,0,0,1,0,0,1,1,0,0,0,1,1,1,1,1,0,1
1,0,0,1,1,0,0,0,1,0,0,0,0,1,0,0,0,1,1,1,1,1,1,0,1,1,0,1,1,1,0,0,1,0,0,1,1,0,1,0
Time: 2025-10-24 00:23:00, Timestep: 24, Round: 1, Phase: REDISTRIBUTION, Aggregation Server: 21, Redistribution Server: 21, Target Node: 21, Phase Length: 20, Timestep in Phase: 9, Current Connections: 19, Cumulative Connections: 20/25, Connected Sats: [3, 4, 6, 7, 8, 10, 11, 13, 16, 18, 19, 20, 22, 24, 26, 27, 31, 32, 36, 39], Missing Sats: [0, 17, 25, 30, 33], Target Sats: [0, 3, 4, 6, 7, 8, 10, 11, 13, 16, 17, 18, 19, 20, 22, 24, 25, 26, 27, 30, 31, 32, 33, 36, 39], Phase Complete: False
0,0,0,1,1,0,0,0,0,1,1,0,0,0,1,1,0,1,0,1,1,0,0,0,0,1,0,0,1,1,0,0,0,1,1,1,1,0,1,1
0,0,1,0,0,0,0,1,0,1,1,1,1,0,1,1,1,0,0,0,0,0,0,1,0,0,0,0,1,0,1,0,0,1,1,1,1,1,1,0
0,1,0,0,0,1,0,1,0,1,0,1,1,0,1,1,0,0,0,0,0,0,0,1,0,0,1,0,0,1,1,0,0,1,1,1,0,1,1,0
1,0,0,0,0,1,0,0,1,0,0,0,0,1,0,0,0,1,1,1,1,1,1,0,1,1,0,1,0,1,0,0,1,0,1,1,0,0,1,1
1,0,0,0,0,0,1,1,0,0,1,0,1,0,1,0,1,1,0,1,1,1,0,0,0,1,0,0,1,0,1,1,0,1,0,0,1,0,0,1
0,0,1,1,0,0,0,0,1,0,0,1,0,1,0,1,0,0,1,1,0,0,1,1,1,0,1,1,0,1,0,0,1,0,1,1,0,1,1,0
0,0,0,0,1,0,0,1,1,0,1,1,1,1,0,0,1,0,1,0,1,1,1,1,1,0,1,0,0,0,1,1,0,0,0,0,0,0,0,0
0,1,1,0,1,0,1,0,1,0,1,1,1,0,1,0,1,0,0,0,0,1,0,1,0,0,1,0,0,0,1,1,0,1,0,0,1,1,0,0
0,0,0,1,0,1,1,1,0,0,0,1,0,1,0,0,1,0,1,1,1,1,1,0,1,0,1,1,0,0,0,1,1,0,0,0,0,0,0,0
1,1,1,0,0,0,0,0,0,0,1,0,1,0,1,1,0,1,0,0,0,0,0,1,0,1,0,0,1,1,1,0,0,1,1,1,1,1,1,0
1,1,0,0,1,0,1,1,0,1,0,1,1,0,1,0,1,0,0,0,1,1,0,0,0,0,0,0,1,0,1,1,0,1,0,0,1,0,0,0
0,1,1,0,0,1,1,1,1,0,1,0,1,0,1,1,1,0,0,0,0,0,0,1,0,0,1,0,0,0,1,1,0,1,0,0,0,1,0,0
0,1,1,0,1,0,1,1,0,1,1,1,0,0,1,1,1,0,0,0,0,0,0,1,0,0,0,0,0,0,1,1,0,1,0,0,1,1,0,0
0,0,0,1,0,1,1,0,1,0,0,0,0,0,0,0,0,0,1,1,1,1,1,0,1,0,1,1,0,1,0,0,1,0,1,0,0,0,0,1
1,1,1,0,1,0,0,1,0,1,1,1,1,0,0,1,1,0,0,0,0,0,0,1,0,0,0,0,1,0,1,0,0,1,1,1,1,1,1,0
1,1,1,0,0,1,0,0,0,1,0,1,1,0,1,0,0,1,0,0,0,0,0,1,0,0,0,0,1,1,0,0,0,1,1,1,0,1,1,0
0,1,0,0,1,0,1,1,1,0,1,1,1,0,1,0,0,0,1,0,1,1,0,1,0,0,1,0,0,0,1,1,0,1,0,0,1,0,0,0
1,0,0,1,1,0,0,0,0,1,0,0,0,0,0,1,0,0,0,1,1,0,0,0,0,1,0,1,1,1,0,0,1,1,1,1,1,0,1,1
0,0,0,1,0,1,1,0,1,0,0,0,0,1,0,0,1,0,0,1,1,1,1,0,1,0,1,1,0,0,0,1,1,0,0,0,0,0,0,1
1,0,0,1,1,1,0,0,1,0,0,0,0,1,0,0,0,1,1,0,1,1,1,0,1,1,0,1,1,1,0,0,1,0,0,1,0,0,1,1
1,0,0,1,1,0,1,0,1,0,1,0,0,1,0,0,1,1,1,1,0,1,1,0,1,1,0,1,1,0,0,1,1,0,0,0,1,0,0,1
0,0,0,1,1,0,1,1,1,0,1,0,0,1,0,0,1,0,1,1,1,0,1,0,1,0,1,1,0,0,0,1,1,0,0,0,1,0,0,1
0,0,0,1,0,1,1,0,1,0,0,0,0,1,0,0,0,0,1,1,1,1,0,0,1,0,1,1,0,1,0,0,1,0,1,0,0,0,0,1
0,1,1,0,0,1,1,1,0,1,0,1,1,0,1,1,1,0,0,0,0,0,0,0,0,0,1,0,0,1,1,0,0,1,1,1,0,1,0,0
0,0,0,1,0,1,1,0,1,0,0,0,0,1,0,0,0,0,1,1,1,1,1,0,0,1,1,1,0,1,0,1,1,0,0,0,0,0,0,1
1,0,0,1,1,0,0,0,0,1,0,0,0,0,0,0,0,1,0,1,1,0,0,0,1,0,0,1,1,1,0,0,1,0,1,1,1,0,1,1
0,0,1,0,0,1,1,1,1,0,0,1,0,1,0,0,1,0,1,0,0,1,1,1,1,0,0,1,0,0,0,1,1,0,0,0,0,1,0,0
0,0,0,1,0,1,0,0,1,0,0,0,0,1,0,0,0,1,1,1,1,1,1,0,1,1,1,0,0,1,0,0,1,0,0,0,0,0,0,1
1,1,0,0,1,0,0,0,0,1,1,0,0,0,1,1,0,1,0,1,1,0,0,0,0,1,0,0,0,1,1,0,0,1,1,1,1,0,1,1
1,0,1,1,0,1,0,0,0,1,0,0,0,1,0,1,0,1,0,1,0,0,1,1,1,1,0,1,1,0,0,0,1,0,1,1,0,1,1,1
0,1,1,0,1,0,1,1,0,1,1,1,1,0,1,0,1,0,0,0,0,0,0,1,0,0,0,0,1,0,0,1,0,1,0,0,1,1,0,0
0,0,0,0,1,0,1,1,1,0,1,1,1,0,0,0,1,0,1,0,1,1,0,0,1,0,1,0,0,0,1,0,0,0,0,0,1,0,0,0
0,0,0,1,0,1,0,0,1,0,0,0,0,1,0,0,0,1,1,1,1,1,1,0,1,1,1,1,0,1,0,0,0,0,1,1,0,0,0,1
1,1,1,0,1,0,0,1,0,1,1,1,1,0,1,1,1,1,0,0,0,0,0,1,0,0,0,0,1,0,1,0,0,0,1,1,1,1,1,0
1,1,1,1,0,1,0,0,0,1,0,0,0,1,1,1,0,1,0,0,0,0,1,1,0,1,0,0,1,1,0,0,1,1,0,1,0,1,1,0
1,1,1,1,0,1,0,0,0,1,0,0,0,0,1,1,0,1,0,1,0,0,0,1,0,1,0,0,1,1,0,0,1,1,1,0,0,1,1,1
1,1,0,0,1,0,0,1,0,1,1,0,1,0,1,0,1,1,0,0,1,1,0,0,0,1,0,0,1,0,1,1,0,1,0,0,0,0,1,1
0,1,1,0,0,1,0,1,0,1,0,1,1,0,1,1,0,0,0,0,0,0,0,1,0,0,1,0,0,1,1,0,0,1,1,1,0,0,1,0
1,1,1,1,0,1,0,0,0,1,0,0,0,0,1,1,0,1,0,1,0,0,0,0,0,1,0,0,1,1,0,0,0,1,1,1,1,1,0,1
1,0,0,1,1,0,0,0,0,0,0,0,0,1,0,0,0,1,1,1,1,1,1,0,1,1,0,1,1,1,0,0,1,0,0,1,1,0,1,0
Time: 2025-10-24 00:24:00, Timestep: 25, Round: 1, Phase: REDISTRIBUTION, Aggregation Server: 21, Redistribution Server: 21, Target Node: 21, Phase Length: 20, Timestep in Phase: 10, Current Connections: 20, Cumulative Connections: 21/25, Connected Sats: [3, 4, 6, 7, 8, 10, 11, 13, 16, 18, 19, 20, 22, 24, 25, 26, 27, 31, 32, 36, 39], Missing Sats: [0, 17, 30, 33], Target Sats: [0, 3, 4, 6, 7, 8, 10, 11, 13, 16, 17, 18, 19, 20, 22, 24, 25, 26, 27, 30, 31, 32, 33, 36, 39], Phase Complete: False
0,0,0,1,1,0,0,0,0,1,1,0,0,0,1,1,0,1,0,1,1,0,0,0,0,1,0,1,1,1,0,0,1,1,1,1,1,0,1,1
0,0,1,0,0,0,0,1,0,1,1,1,1,0,1,1,1,0,0,0,0,0,0,1,0,0,0,0,1,0,1,0,0,1,1,1,1,1,1,0
0,1,0,0,0,1,0,1,0,1,0,1,1,0,1,1,0,0,0,0,0,0,0,1,0,0,0,0,0,1,1,0,0,1,1,1,0,1,1,0
1,0,0,0,0,1,0,0,1,0,0,0,0,1,0,0,0,1,1,1,1,1,1,0,1,1,0,1,1,1,0,0,1,0,1,1,0,0,1,1
1,0,0,0,0,0,1,1,0,0,1,0,1,0,1,0,1,1,0,0,1,1,0,0,0,1,0,0,1,0,1,1,0,1,0,0,1,0,0,1
0,0,1,1,0,0,0,0,1,0,0,1,0,1,0,1,0,0,1,1,0,0,1,1,1,0,1,1,0,1,0,0,1,0,1,1,0,1,1,0
0,0,0,0,1,0,0,1,1,0,1,1,1,1,0,0,1,0,1,0,1,1,1,1,1,0,1,0,0,0,1,1,0,0,0,0,0,0,0,0
0,1,1,0,1,0,1,0,1,0,1,1,1,0,1,0,1,0,0,0,0,1,0,1,0,0,1,0,0,0,1,1,0,1,0,0,1,1,0,0
0,0,0,1,0,1,1,1,0,0,0,1,0,1,0,0,1,0,1,1,1,1,1,0,1,0,1,1,0,0,0,1,1,0,0,0,0,0,0,0
1,1,1,0,0,0,0,0,0,0,1,0,1,0,1,1,0,1,0,0,0,0,0,1,0,1,0,0,1,1,1,0,0,1,1,1,1,1,1,0
1,1,0,0,1,0,1,1,0,1,0,1,1,0,1,0,1,0,0,0,1,1,0,0,0,0,0,0,1,0,1,1,0,1,0,0,1,0,0,0
0,1,1,0,0,1,1,1,1,0,1,0,1,0,1,1,1,0,0,0,0,0,0,1,0,0,1,0,0,0,1,1,0,1,0,0,0,1,0,0
0,1,1,0,1,0,1,1,0,1,1,1,0,0,1,1,1,0,0,0,0,0,0,1,0,0,1,0,0,0,1,1,0,1,0,0,1,1,0,0
0,0,0,1,0,1,1,0,1,0,0,0,0,0,0,0,0,0,1,1,1,1,1,0,1,0,1,1,0,1,0,0,1,0,1,0,0,0,0,1
1,1,1,0,1,0,0,1,0,1,1,1,1,0,0,1,1,0,0,0,0,0,0,1,0,0,0,0,1,0,1,0,0,1,1,1,1,1,1,0
1,1,1,0,0,1,0,0,0,1,0,1,1,0,1,0,0,1,0,0,0,0,0,1,0,0,0,0,1,1,0,0,0,1,1,1,0,1,1,0
0,1,0,0,1,0,1,1,1,0,1,1,1,0,1,0,0,0,1,0,1,1,0,1,0,0,1,0,0,0,1,1,0,1,0,0,1,0,0,0
1,0,0,1,1,0,0,0,0,1,0,0,0,0,0,1,0,0,0,1,1,0,0,0,0,1,0,1,1,1,0,0,1,1,1,1,1,0,1,1
0,0,0,1,0,1,1,0,1,0,0,0,0,1,0,0,1,0,0,1,1,1,1,0,1,0,1,1,0,0,0,1,1,0,0,0,0,0,0,1
1,0,0,1,0,1,0,0,1,0,0,0,0,1,0,0,0,1,1,0,1,1,1,0,1,1,0,1,1,1,0,0,1,0,0,1,0,0,0,1
1,0,0,1,1,0,1,0,1,0,1,0,0,1,0,0,1,1,1,1,0,1,1,0,1,1,0,1,1,0,0,1,1,0,0,0,1,0,0,1
0,0,0,1,1,0,1,1,1,0,1,0,0,1,0,0,1,0,1,1,1,0,1,0,1,1,1,1,0,0,0,1,1,0,0,0,1,0,0,1
0,0,0,1,0,1,1,0,1,0,0,0,0,1,0,0,0,0,1,1,1,1,0,0,1,0,1,1,0,1,0,0,1,0,1,0,0,0,0,1
0,1,1,0,0,1,1,1,0,1,0,1,1,0,1,1,1,0,0,0,0,0,0,0,0,0,1,0,0,1,1,0,0,1,1,1,0,1,1,0
0,0,0,1,0,1,1,0,1,0,0,0,0,1,0,0,0,0,1,1,1,1,1,0,0,1,1,1,0,1,0,1,1,0,0,0,0,0,0,1
1,0,0,1,1,0,0,0,0,1,0,0,0,0,0,0,0,1,0,1,1,1,0,0,1,0,0,1,1,1,0,0,1,0,1,1,1,0,1,1
0,0,0,0,0,1,1,1,1,0,0,1,1,1,0,0,1,0,1,0,0,1,1,1,1,0,0,1,0,0,0,1,1,0,0,0,0,1,0,0
1,0,0,1,0,1,0,0,1,0,0,0,0,1,0,0,0,1,1,1,1,1,1,0,1,1,1,0,0,1,0,0,1,0,0,0,0,0,0,1
1,1,0,1,1,0,0,0,0,1,1,0,0,0,1,1,0,1,0,1,1,0,0,0,0,1,0,0,0,1,1,0,0,1,1,1,1,0,1,1
1,0,1,1,0,1,0,0,0,1,0,0,0,1,0,1,0,1,0,1,0,0,1,1,1,1,0,1,1,0,0,0,1,0,1,1,0,1,1,1
0,1,1,0,1,0,1,1,0,1,1,1,1,0,1,0,1,0,0,0,0,0,0,1,0,0,0,0,1,0,0,1,0,1,0,0,1,1,0,0
0,0,0,0,1,0,1,1,1,0,1,1,1,0,0,0,1,0,1,0,1,1,0,0,1,0,1,0,0,0,1,0,0,0,0,0,1,0,0,0
1,0,0,1,0,1,0,0,1,0,0,0,0,1,0,0,0,1,1,1,1,1,1,0,1,1,1,1,0,1,0,0,0,0,1,1,0,0,1,1
1,1,1,0,1,0,0,1,0,1,1,1,1,0,1,1,1,1,0,0,0,0,0,1,0,0,0,0,1,0,1,0,0,0,1,1,1,1,1,0
1,1,1,1,0,1,0,0,0,1,0,0,0,1,1,1,0,1,0,0,0,0,1,1,0,1,0,0,1,1,0,0,1,1,0,1,0,1,1,0
1,1,1,1,0,1,0,0,0,1,0,0,0,0,1,1,0,1,0,1,0,0,0,1,0,1,0,0,1,1,0,0,1,1,1,0,0,1,1,1
1,1,0,0,1,0,0,1,0,1,1,0,1,0,1,0,1,1,0,0,1,1,0,0,0,1,0,0,1,0,1,1,0,1,0,0,0,0,1,1
0,1,1,0,0,1,0,1,0,1,0,1,1,0,1,1,0,0,0,0,0,0,0,1,0,0,1,0,0,1,1,0,0,1,1,1,0,0,1,0
1,1,1,1,0,1,0,0,0,1,0,0,0,0,1,1,0,1,0,0,0,0,0,1,0,1,0,0,1,1,0,0,1,1,1,1,1,1,0,1
1,0,0,1,1,0,0,0,0,0,0,0,0,1,0,0,0,1,1,1,1,1,1,0,1,1,0,1,1,1,0,0,1,0,0,1,1,0,1,0
Time: 2025-10-24 00:25:00, Timestep: 26, Round: 1, Phase: REDISTRIBUTION, Aggregation Server: 21, Redistribution Server: 21, Target Node: 21, Phase Length: 20, Timestep in Phase: 11, Current Connections: 20, Cumulative Connections: 21/25, Connected Sats: [3, 4, 6, 7, 8, 10, 11, 13, 16, 18, 19, 20, 22, 24, 25, 26, 27, 31, 32, 36, 39], Missing Sats: [0, 17, 30, 33], Target Sats: [0, 3, 4, 6, 7, 8, 10, 11, 13, 16, 17, 18, 19, 20, 22, 24, 25, 26, 27, 30, 31, 32, 33, 36, 39], Phase Complete: False
0,0,0,1,1,0,0,0,0,1,0,0,0,0,1,1,0,1,0,1,1,0,0,0,0,1,0,1,1,1,0,0,1,1,1,1,1,0,1,1
0,0,1,0,0,0,0,1,0,1,1,1,1,0,1,1,1,0,0,0,0,0,0,1,0,0,0,0,1,0,1,0,0,1,1,1,1,1,1,0
0,1,0,0,0,1,0,1,0,1,1,1,1,0,1,1,0,0,0,0,0,0,0,1,0,0,0,0,0,1,1,0,0,1,1,1,0,1,1,0
1,0,0,0,0,1,0,0,1,0,0,0,0,1,0,0,0,1,1,1,1,1,1,0,1,1,0,1,1,1,0,0,1,0,1,1,0,0,1,1
1,0,0,0,0,0,1,1,0,0,1,0,1,0,1,0,1,1,0,0,1,1,0,0,0,1,0,0,1,0,1,1,0,1,0,0,1,0,0,1
0,0,1,1,0,0,0,0,1,0,0,1,0,1,0,1,0,0,1,1,0,0,1,1,1,0,1,1,0,1,0,0,1,0,1,1,0,1,1,0
0,0,0,0,1,0,0,1,1,0,1,1,1,1,0,0,1,0,1,0,1,1,1,1,1,0,1,0,0,0,1,1,0,0,0,0,0,0,0,0
0,1,1,0,1,0,1,0,1,0,1,1,1,0,1,0,1,0,0,0,0,1,0,1,0,0,1,0,0,0,1,1,0,1,0,0,1,1,0,0
0,0,0,1,0,1,1,1,0,0,0,1,0,1,0,0,1,0,1,1,0,1,1,0,1,0,1,1,0,0,0,1,1,0,0,0,0,0,0,0
1,1,1,0,0,0,0,0,0,0,1,0,1,0,1,1,0,1,0,0,0,0,0,1,0,1,0,0,1,1,1,0,0,1,1,1,1,1,1,0
0,1,1,0,1,0,1,1,0,1,0,1,1,0,1,0,1,0,0,0,1,1,0,0,0,0,0,0,1,0,1,1,0,1,0,0,1,0,0,0
0,1,1,0,0,1,1,1,1,0,1,0,1,0,1,1,1,0,0,0,0,0,0,1,0,0,1,0,0,0,1,1,0,1,0,0,0,1,0,0
0,1,1,0,1,0,1,1,0,1,1,1,0,0,1,1,1,0,0,0,0,0,0,1,0,0,1,0,0,0,1,1,0,1,0,0,1,1,0,0
0,0,0,1,0,1,1,0,1,0,0,0,0,0,0,0,0,0,1,1,0,1,1,0,1,0,1,1,0,1,0,0,1,0,1,0,0,0,0,1
1,1,1,0,1,0,0,1,0,1,1,1,1,0,0,1,1,0,0,0,0,0,0,1,0,0,0,0,1,0,1,0,0,1,1,1,1,1,1,0
1,1,1,0,0,1,0,0,0,1,0,1,1,0,1,0,0,1,0,0,0,0,0,1,0,0,0,0,1,1,0,0,0,1,1,1,0,1,1,0
0,1,0,0,1,0,1,1,1,0,1,1,1,0,1,0,0,0,1,0,1,1,0,1,0,0,1,0,0,0,1,1,0,1,0,0,1,0,0,0
1,0,0,1,1,0,0,0,0,1,0,0,0,0,0,1,0,0,0,1,1,0,0,0,1,1,0,1,1,1,0,0,1,1,1,1,1,0,1,1
0,0,0,1,0,1,1,0,1,0,0,0,0,1,0,0,1,0,0,1,1,1,1,0,1,0,1,1,0,0,0,1,1,0,0,0,0,0,0,1
1,0,0,1,0,1,0,0,1,0,0,0,0,1,0,0,0,1,1,0,1,1,1,0,1,1,0,1,1,1,0,0,1,0,0,1,0,0,0,1
1,0,0,1,1,0,1,0,0,0,1,0,0,0,0,0,1,1,1,1,0,1,0,0,1,1,0,1,1,0,0,1,1,0,0,0,1,0,0,1
0,0,0,1,1,0,1,1,1,0,1,0,0,1,0,0,1,0,1,1,1,0,1,0,1,1,1,1,0,0,0,1,1,0,0,0,1,0,0,1
0,0,0,1,0,1,1,0,1,0,0,0,0,1,0,0,0,0,1,1,0,1,0,0,1,0,1,1,0,1,0,0,1,0,1,0,0,0,0,1
0,1,1,0,0,1,1,1,0,1,0,1,1,0,1,1,1,0,0,0,0,0,0,0,0,0,1,0,0,1,1,0,0,1,1,1,0,1,1,0
0,0,0,1,0,1,1,0,1,0,0,0,0,1,0,0,0,1,1,1,1,1,1,0,0,1,1,1,0,0,0,1,1,0,0,0,0,0,0,1
1,0,0,1,1,0,0,0,0,1,0,0,0,0,0,0,0,1,0,1,1,1,0,0,1,0,0,1,1,1,0,0,1,0,1,1,1,0,1,1
0,0,0,0,0,1,1,1,1,0,0,1,1,1,0,0,1,0,1,0,0,1,1,1,1,0,0,1,0,0,0,1,1,0,0,0,0,1,0,0
1,0,0,1,0,1,0,0,1,0,0,0,0,1,0,0,0,1,1,1,1,1,1,0,1,1,1,0,0,1,0,0,1,0,0,0,0,0,0,1
1,1,0,1,1,0,0,0,0,1,1,0,0,0,1,1,0,1,0,1,1,0,0,0,0,1,0,0,0,1,1,0,0,1,1,1,1,0,1,1
1,0,1,1,0,1,0,0,0,1,0,0,0,1,0,1,0,1,0,1,0,0,1,1,0,1,0,1,1,0,0,0,1,0,1,1,0,1,1,1
0,1,1,0,1,0,1,1,0,1,1,1,1,0,1,0,1,0,0,0,0,0,0,1,0,0,0,0,1,0,0,1,0,1,0,0,1,0,0,0
0,0,0,0,1,0,1,1,1,0,1,1,1,0,0,0,1,0,1,0,1,1,0,0,1,0,1,0,0,0,1,0,0,0,0,0,1,0,0,0
1,0,0,1,0,1,0,0,1,0,0,0,0,1,0,0,0,1,1,1,1,1,1,0,1,1,1,1,0,1,0,0,0,0,1,1,0,0,1,1
1,1,1,0,1,0,0,1,0,1,1,1,1,0,1,1,1,1,0,0,0,0,0,1,0,0,0,0,1,0,1,0,0,0,1,1,1,1,1,0
1,1,1,1,0,1,0,0,0,1,0,0,0,1,1,1,0,1,0,0,0,0,1,1,0,1,0,0,1,1,0,0,1,1,0,1,0,1,1,0
1,1,1,1,0,1,0,0,0,1,0,0,0,0,1,1,0,1,0,1,0,0,0,1,0,1,0,0,1,1,0,0,1,1,1,0,1,1,1,1
1,1,0,0,1,0,0,1,0,1,1,0,1,0,1,0,1,1,0,0,1,1,0,0,0,1,0,0,1,0,1,1,0,1,0,1,0,0,1,1
0,1,1,0,0,1,0,1,0,1,0,1,1,0,1,1,0,0,0,0,0,0,0,1,0,0,1,0,0,1,0,0,0,1,1,1,0,0,1,0
1,1,1,1,0,1,0,0,0,1,0,0,0,0,1,1,0,1,0,0,0,0,0,1,0,1,0,0,1,1,0,0,1,1,1,1,1,1,0,1
1,0,0,1,1,0,0,0,0,0,0,0,0,1,0,0,0,1,1,1,1,1,1,0,1,1,0,1,1,1,0,0,1,0,0,1,1,0,1,0
Time: 2025-10-24 00:26:00, Timestep: 27, Round: 1, Phase: REDISTRIBUTION, Aggregation Server: 21, Redistribution Server: 21, Target Node: 21, Phase Length: 20, Timestep in Phase: 12, Current Connections: 21, Cumulative Connections: 22/25, Connected Sats: [3, 4, 6, 7, 8, 10, 11, 13, 16, 17, 18, 19, 20, 22, 24, 25, 26, 27, 31, 32, 36, 39], Missing Sats: [0, 30, 33], Target Sats: [0, 3, 4, 6, 7, 8, 10, 11, 13, 16, 17, 18, 19, 20, 22, 24, 25, 26, 27, 30, 31, 32, 33, 36, 39], Phase Complete: False
0,0,0,1,1,0,0,0,0,1,0,0,0,0,1,1,0,1,0,1,1,0,0,0,1,1,0,1,1,1,0,0,1,1,1,1,1,0,1,1
0,0,1,0,1,0,0,1,0,1,1,1,1,0,1,1,1,0,0,0,0,0,0,1,0,0,0,0,1,0,1,0,0,1,1,1,1,1,1,0
0,1,0,0,0,1,0,1,0,1,1,1,1,0,1,1,0,0,0,0,0,0,0,1,0,0,0,0,0,1,1,0,0,1,1,1,0,1,1,0
1,0,0,0,0,1,0,0,1,0,0,0,0,1,0,0,0,1,1,1,1,1,1,0,1,1,0,1,1,1,0,0,1,0,1,1,0,0,1,1
1,1,0,0,0,0,1,1,0,1,1,0,1,0,1,0,1,1,0,0,1,1,0,0,0,1,0,0,1,0,1,1,0,1,0,0,1,0,0,1
0,0,1,1,0,0,0,0,1,0,0,1,0,1,0,1,0,0,1,1,0,0,1,1,1,0,1,1,0,1,0,0,1,0,1,1,0,1,1,0
0,0,0,0,1,0,0,1,1,0,1,1,1,1,0,0,1,0,1,0,1,1,1,1,1,0,1,0,0,0,1,1,0,0,0,0,0,0,0,0
0,1,1,0,1,0,1,0,1,0,1,1,1,0,1,0,1,0,0,0,0,1,0,1,0,0,1,0,0,0,1,1,0,1,0,0,1,0,0,0
0,0,0,1,0,1,1,1,0,0,0,1,0,1,0,0,1,0,1,1,0,1,1,0,1,0,1,1,0,0,0,1,1,0,0,0,0,0,0,0
1,1,1,0,1,0,0,0,0,0,1,0,1,0,1,1,0,1,0,0,0,0,0,1,0,1,0,0,1,1,1,0,0,1,1,1,1,1,1,0
0,1,1,0,1,0,1,1,0,1,0,1,1,0,1,0,1,0,0,0,1,1,0,0,0,0,0,0,0,0,1,1,0,1,0,0,1,0,0,0
0,1,1,0,0,1,1,1,1,0,1,0,1,0,1,1,1,0,0,0,0,0,0,1,0,0,1,0,0,0,1,1,0,1,0,0,0,1,0,0
0,1,1,0,1,0,1,1,0,1,1,1,0,0,1,1,1,0,0,0,0,0,0,1,0,0,1,0,0,0,1,1,0,1,0,0,1,1,0,0
0,0,0,1,0,1,1,0,1,0,0,0,0,0,0,0,0,0,1,1,0,1,1,0,1,0,1,1,0,1,0,0,1,0,1,0,0,1,0,1
1,1,1,0,1,0,0,1,0,1,1,1,1,0,0,1,1,0,0,0,0,0,0,1,0,0,0,0,1,0,1,0,0,1,1,1,1,1,1,0
1,1,1,0,0,1,0,0,0,1,0,1,1,0,1,0,0,1,0,0,0,0,0,1,0,0,0,0,1,1,0,0,0,1,1,1,0,1,1,0
0,1,0,0,1,0,1,1,1,0,1,1,1,0,1,0,0,0,1,0,1,1,0,1,0,0,1,0,0,0,1,1,0,1,0,0,1,0,0,0
1,0,0,1,1,0,0,0,0,1,0,0,0,0,0,1,0,0,0,1,1,1,0,0,1,1,0,1,1,1,0,0,1,1,1,1,1,0,1,1
0,0,0,1,0,1,1,0,1,0,0,0,0,1,0,0,1,0,0,1,1,1,1,0,1,0,1,1,0,0,0,1,1,0,0,0,0,0,0,1
1,0,0,1,0,1,0,0,1,0,0,0,0,1,0,0,0,1,1,0,1,1,1,0,1,1,0,1,1,1,0,0,1,0,1,1,0,0,0,1
1,0,0,1,1,0,1,0,0,0,1,0,0,0,0,0,1,1,1,1,0,1,0,0,1,1,0,1,1,0,1,1,1,0,0,0,1,0,0,1
0,0,0,1,1,0,1,1,1,0,1,0,0,1,0,0,1,1,1,1,1,0,1,0,1,1,1,1,0,0,0,1,1,0,0,0,1,0,0,1
0,0,0,1,0,1,1,0,1,0,0,0,0,1,0,0,0,0,1,1,0,1,0,0,1,0,1,1,0,1,0,1,1,0,1,0,0,1,0,1
0,1,1,0,0,1,1,1,0,1,0,1,1,0,1,1,1,0,0,0,0,0,0,0,0,0,1,0,0,1,1,0,0,1,1,0,0,1,1,0
1,0,0,1,0,1,1,0,1,0,0,0,0,1,0,0,0,1,1,1,1,1,1,0,0,1,1,1,0,0,0,1,1,0,0,0,0,0,0,1
1,0,0,1,1,0,0,0,0,1,0,0,0,0,0,0,0,1,0,1,1,1,0,0,1,0,0,1,1,1,0,0,1,0,1,1,1,0,1,1
0,0,0,0,0,1,1,1,1,0,0,1,1,1,0,0,1,0,1,0,0,1,1,1,1,0,0,1,0,0,0,1,0,0,0,0,0,1,0,0
1,0,0,1,0,1,0,0,1,0,0,0,0,1,0,0,0,1,1,1,1,1,1,0,1,1,1,0,1,1,0,0,1,0,0,0,0,0,0,1
1,1,0,1,1,0,0,0,0,1,0,0,0,0,1,1,0,1,0,1,1,0,0,0,0,1,0,1,0,1,1,0,1,1,1,1,1,0,1,1
1,0,1,1,0,1,0,0,0,1,0,0,0,1,0,1,0,1,0,1,0,0,1,1,0,1,0,1,1,0,0,0,1,0,1,1,0,1,1,1
0,1,1,0,1,0,1,1,0,1,1,1,1,0,1,0,1,0,0,0,1,0,0,1,0,0,0,0,1,0,0,1,0,1,0,0,1,0,0,0
0,0,0,0,1,0,1,1,1,0,1,1,1,0,0,0,1,0,1,0,1,1,1,0,1,0,1,0,0,0,1,0,0,0,0,0,1,0,0,0
1,0,0,1,0,1,0,0,1,0,0,0,0,1,0,0,0,1,1,1,1,1,1,0,1,1,0,1,1,1,0,0,0,0,1,1,0,0,1,1
1,1,1,0,1,0,0,1,0,1,1,1,1,0,1,1,1,1,0,0,0,0,0,1,0,0,0,0,1,0,1,0,0,0,1,1,1,1,1,0
1,1,1,1,0,1,0,0,0,1,0,0,0,1,1,1,0,1,0,1,0,0,1,1,0,1,0,0,1,1,0,0,1,1,0,1,0,1,1,0
1,1,1,1,0,1,0,0,0,1,0,0,0,0,1,1,0,1,0,1,0,0,0,0,0,1,0,0,1,1,0,0,1,1,1,0,1,1,1,1
1,1,0,0,1,0,0,1,0,1,1,0,1,0,1,0,1,1,0,0,1,1,0,0,0,1,0,0,1,0,1,1,0,1,0,1,0,0,1,1
0,1,1,0,0,1,0,0,0,1,0,1,1,1,1,1,0,0,0,0,0,0,1,1,0,0,1,0,0,1,0,0,0,1,1,1,0,0,1,0
1,1,1,1,0,1,0,0,0,1,0,0,0,0,1,1,0,1,0,0,0,0,0,1,0,1,0,0,1,1,0,0,1,1,1,1,1,1,0,1
1,0,0,1,1,0,0,0,0,0,0,0,0,1,0,0,0,1,1,1,1,1,1,0,1,1,0,1,1,1,0,0,1,0,0,1,1,0,1,0
Time: 2025-10-24 00:27:00, Timestep: 28, Round: 1, Phase: REDISTRIBUTION, Aggregation Server: 21, Redistribution Server: 21, Target Node: 21, Phase Length: 20, Timestep in Phase: 13, Current Connections: 21, Cumulative Connections: 22/25, Connected Sats: [3, 4, 6, 7, 8, 10, 11, 13, 16, 17, 18, 19, 20, 22, 24, 25, 26, 27, 31, 32, 36, 39], Missing Sats: [0, 30, 33], Target Sats: [0, 3, 4, 6, 7, 8, 10, 11, 13, 16, 17, 18, 19, 20, 22, 24, 25, 26, 27, 30, 31, 32, 33, 36, 39], Phase Complete: False
0,0,0,1,1,0,0,0,0,1,0,0,0,0,1,1,0,1,0,1,1,0,0,0,1,1,0,1,1,1,0,0,1,1,1,1,1,0,1,1
0,0,1,0,1,0,0,1,0,1,1,1,1,0,1,1,1,0,0,0,0,0,0,1,0,0,0,0,1,0,1,0,0,1,1,1,1,1,1,0
0,1,0,0,0,1,0,1,0,1,1,1,1,0,1,1,1,0,0,0,0,0,0,1,0,0,0,0,0,1,1,0,0,1,1,1,1,1,1,0
1,0,0,0,0,1,0,0,1,0,0,0,0,1,0,0,0,1,1,1,1,1,1,0,1,1,0,1,1,1,0,0,1,0,1,1,0,0,1,1
1,1,0,0,0,0,1,1,0,1,1,0,1,0,1,0,1,1,0,0,1,1,0,0,0,1,0,0,1,0,1,1,0,1,0,0,1,0,0,1
0,0,1,1,0,0,0,0,1,0,0,1,0,1,0,1,0,0,1,1,0,0,1,1,1,0,1,1,0,1,0,0,1,0,1,1,0,1,1,0
0,0,0,0,1,0,0,1,1,0,1,1,1,1,0,0,1,0,1,0,1,1,1,0,1,0,1,0,0,0,1,1,0,0,0,0,0,0,0,0
0,1,1,0,1,0,1,0,1,0,1,1,1,0,1,0,1,0,0,0,0,1,0,1,0,0,1,0,0,0,1,1,0,1,0,0,1,0,0,0
0,0,0,1,0,1,1,1,0,0,0,1,0,1,0,0,1,0,1,1,0,1,1,1,1,0,1,1,0,0,0,1,1,0,0,0,0,0,0,0
1,1,1,0,1,0,0,0,0,0,1,0,1,0,1,1,0,1,0,0,0,0,0,1,0,1,0,0,1,1,1,0,0,1,1,1,1,1,1,0
0,1,1,0,1,0,1,1,0,1,0,1,1,0,1,0,1,0,0,0,1,1,0,0,0,0,0,0,0,0,1,1,0,1,0,0,1,0,0,0
0,1,1,0,0,1,1,1,1,0,1,0,1,0,1,1,1,0,0,0,0,0,0,1,0,0,1,0,0,0,1,1,0,1,0,0,0,1,0,0
0,1,1,0,1,0,1,1,0,1,1,1,0,0,1,1,1,0,0,0,0,0,0,1,0,0,1,0,0,0,1,1,0,1,0,0,1,1,0,0
0,0,0,1,0,1,1,0,1,0,0,0,0,0,0,0,0,0,1,1,0,1,1,0,1,0,1,1,0,1,0,0,1,0,1,0,0,1,0,1
1,1,1,0,1,0,0,1,0,1,1,1,1,0,0,1,1,0,0,0,0,0,0,1,0,0,0,0,1,0,1,0,0,1,1,1,1,1,1,0
1,1,1,0,0,1,0,0,0,1,0,1,1,0,1,0,0,1,0,0,0,0,0,1,0,0,0,0,1,1,0,0,0,1,1,1,0,1,1,0
0,1,1,0,1,0,1,1,1,0,1,1,1,0,1,0,0,0,1,0,1,1,0,1,0,0,1,0,0,0,1,1,0,0,0,0,1,0,0,0
1,0,0,1,1,0,0,0,0,1,0,0,0,0,0,1,0,0,0,1,1,1,0,0,1,1,0,1,1,1,0,0,1,1,1,1,1,0,1,1
0,0,0,1,0,1,1,0,1,0,0,0,0,1,0,0,1,0,0,1,1,1,1,0,1,0,1,1,0,0,0,1,1,0,0,0,0,0,0,1
1,0,0,1,0,1,0,0,1,0,0,0,0,1,0,0,0,1,1,0,1,1,1,0,1,1,0,1,1,1,0,0,1,0,1,1,0,0,0,1
1,0,0,1,1,0,1,0,0,0,1,0,0,0,0,0,1,1,1,1,0,1,0,0,1,1,0,1,1,0,1,1,1,0,0,0,1,0,0,1
0,0,0,1,1,0,1,1,1,0,1,0,0,1,0,0,1,1,1,1,1,0,1,0,1,1,1,1,0,0,0,1,1,0,0,0,1,0,0,1
0,0,0,1,0,1,1,0,1,0,0,0,0,1,0,0,0,0,1,1,0,1,0,0,1,0,1,1,0,1,0,1,1,0,1,0,0,1,0,1
0,1,1,0,0,1,0,1,1,1,0,1,1,0,1,1,1,0,0,0,0,0,0,0,0,0,1,0,0,1,1,0,0,1,1,0,0,1,1,0
1,0,0,1,0,1,1,0,1,0,0,0,0,1,0,0,0,1,1,1,1,1,1,0,0,1,1,1,0,0,0,1,1,0,0,0,0,0,0,1
1,0,0,1,1,0,0,0,0,1,0,0,0,0,0,0,0,1,0,1,1,1,0,0,1,0,0,1,1,1,0,0,1,0,1,1,1,0,1,1
0,0,0,0,0,1,1,1,1,0,0,1,1,1,0,0,1,0,1,0,0,1,1,1,1,0,0,1,0,0,0,1,0,0,0,0,0,0,0,0
1,0,0,1,0,1,0,0,1,0,0,0,0,1,0,0,0,1,1,1,1,1,1,0,1,1,1,0,1,1,0,0,1,0,0,0,0,0,0,1
1,1,0,1,1,0,0,0,0,1,0,0,0,0,1,1,0,1,0,1,1,0,0,0,0,1,0,1,0,1,1,0,1,1,1,1,1,0,1,1
1,0,1,1,0,1,0,0,0,1,0,0,0,1,0,1,0,1,0,1,0,0,1,1,0,1,0,1,1,0,0,0,1,0,1,1,0,1,1,0
0,1,1,0,1,0,1,1,0,1,1,1,1,0,1,0,1,0,0,0,1,0,0,1,0,0,0,0,1,0,0,1,0,1,0,0,1,0,0,0
0,0,0,0,1,0,1,1,1,0,1,1,1,0,0,0,1,0,1,0,1,1,1,0,1,0,1,0,0,0,1,0,0,0,0,0,1,0,0,0
1,0,0,1,0,1,0,0,1,0,0,0,0,1,0,0,0,1,1,1,1,1,1,0,1,1,0,1,1,1,0,0,0,0,1,1,0,0,1,1
1,1,1,0,1,0,0,1,0,1,1,1,1,0,1,1,0,1,0,0,0,0,0,1,0,0,0,0,1,0,1,0,0,0,1,1,1,1,1,0
1,1,1,1,0,1,0,0,0,1,0,0,0,1,1,1,0,1,0,1,0,0,1,1,0,1,0,0,1,1,0,0,1,1,0,1,0,1,1,0
1,1,1,1,0,1,0,0,0,1,0,0,0,0,1,1,0,1,0,1,0,0,0,0,0,1,0,0,1,1,0,0,1,1,1,0,1,1,1,1
1,1,1,0,1,0,0,1,0,1,1,0,1,0,1,0,1,1,0,0,1,1,0,0,0,1,0,0,1,0,1,1,0,1,0,1,0,0,1,1
0,1,1,0,0,1,0,0,0,1,0,1,1,1,1,1,0,0,0,0,0,0,1,1,0,0,0,0,0,1,0,0,0,1,1,1,0,0,1,0
1,1,1,1,0,1,0,0,0,1,0,0,0,0,1,1,0,1,0,0,0,0,0,1,0,1,0,0,1,1,0,0,1,1,1,1,1,1,0,1
1,0,0,1,1,0,0,0,0,0,0,0,0,1,0,0,0,1,1,1,1,1,1,0,1,1,0,1,1,0,0,0,1,0,0,1,1,0,1,0
Time: 2025-10-24 00:28:00, Timestep: 29, Round: 1, Phase: REDISTRIBUTION, Aggregation Server: 21, Redistribution Server: 21, Target Node: 21, Phase Length: 20, Timestep in Phase: 14, Current Connections: 23, Cumulative Connections: 24/25, Connected Sats: [0, 3, 4, 6, 7, 8, 10, 11, 13, 16, 17, 18, 19, 20, 22, 24, 25, 26, 27, 30, 31, 32, 36, 39], Missing Sats: [33], Target Sats: [0, 3, 4, 6, 7, 8, 10, 11, 13, 16, 17, 18, 19, 20, 22, 24, 25, 26, 27, 30, 31, 32, 33, 36, 39], Phase Complete: False
0,0,0,1,1,0,0,0,0,1,0,0,0,0,1,1,0,1,0,1,1,1,0,0,1,1,0,1,1,1,0,0,1,1,1,1,1,0,1,1
0,0,1,0,1,0,0,1,0,1,1,1,1,0,1,1,1,0,0,0,0,0,0,1,0,0,0,0,1,0,1,0,0,1,1,1,1,1,1,0
0,1,0,0,0,1,0,1,0,1,1,1,1,0,1,1,1,0,0,0,0,0,0,1,0,0,0,0,0,1,1,0,0,1,1,1,1,1,1,0
1,0,0,0,0,1,0,0,1,0,0,0,0,1,0,0,0,1,1,1,1,1,1,0,1,1,0,1,1,1,0,0,1,0,1,1,0,0,1,1
1,1,0,0,0,0,1,1,0,1,1,1,1,0,1,0,1,1,0,0,1,1,0,0,0,0,0,0,1,0,1,1,0,1,0,0,1,0,0,1
0,0,1,1,0,0,0,0,1,0,0,0,0,1,0,1,0,0,1,1,0,0,1,1,1,0,1,1,0,1,0,0,1,0,1,0,0,1,1,0
0,0,0,0,1,0,0,1,1,0,1,1,1,0,0,0,1,0,1,0,1,1,1,0,1,0,1,0,0,0,1,1,0,0,0,0,0,0,0,0
0,1,1,0,1,0,1,0,1,0,1,1,1,0,1,0,1,0,0,0,1,1,0,1,0,0,1,0,0,0,1,1,0,1,0,0,1,0,0,0
0,0,0,1,0,1,1,1,0,0,0,1,0,1,0,0,1,0,1,1,0,1,1,1,1,0,1,1,0,0,0,1,1,0,0,0,0,0,0,0
1,1,1,0,1,0,0,0,0,0,1,0,1,0,1,1,0,1,0,0,0,0,0,1,0,1,0,0,1,1,1,0,0,1,1,1,1,1,1,0
0,1,1,0,1,0,1,1,0,1,0,1,1,0,1,0,1,0,0,0,1,1,0,0,0,0,1,0,0,0,1,1,0,1,0,0,1,0,0,0
0,1,1,0,1,0,1,1,1,0,1,0,1,0,1,1,1,0,0,0,0,0,0,1,0,0,1,0,0,0,1,1,0,1,0,0,0,1,0,0
0,1,1,0,1,0,1,1,0,1,1,1,0,0,1,1,1,0,0,0,0,0,0,1,0,0,1,0,0,0,1,1,0,1,0,0,1,1,1,0
0,0,0,1,0,1,0,0,1,0,0,0,0,0,0,0,0,0,1,1,0,1,1,0,1,0,1,1,0,1,0,0,1,0,1,0,0,1,0,1
1,1,1,0,1,0,0,1,0,1,1,1,1,0,0,1,1,0,0,0,0,0,0,1,0,0,0,0,1,0,1,0,0,1,1,1,1,1,1,0
1,1,1,0,0,1,0,0,0,1,0,1,1,0,1,0,0,1,0,0,0,0,0,1,0,0,0,0,1,1,0,0,0,1,1,1,1,1,1,0
0,1,1,0,1,0,1,1,1,0,1,1,1,0,1,0,0,0,1,0,1,1,0,1,0,0,1,0,0,0,1,1,0,0,0,0,1,0,0,0
1,0,0,1,1,0,0,0,0,1,0,0,0,0,0,1,0,0,0,1,1,1,0,0,1,1,0,1,1,1,0,0,1,1,1,1,1,0,1,1
0,0,0,1,0,1,1,0,1,0,0,0,0,1,0,0,1,0,0,1,1,1,1,0,1,0,1,1,0,0,0,1,1,0,0,0,0,0,0,1
1,0,0,1,0,1,0,0,1,0,0,0,0,1,0,0,0,1,1,0,1,1,1,0,1,1,0,1,1,1,0,0,1,0,1,1,0,0,0,1
1,0,0,1,1,0,1,1,0,0,1,0,0,0,0,0,1,1,1,1,0,1,0,0,1,1,0,1,1,0,1,1,1,0,0,0,1,0,0,1
1,0,0,1,1,0,1,1,1,0,1,0,0,1,0,0,1,1,1,1,1,0,1,0,1,1,1,1,0,0,1,1,1,0,0,0,1,0,0,1
0,0,0,1,0,1,1,0,1,0,0,0,0,1,0,0,0,0,1,1,0,1,0,0,1,0,1,1,0,1,0,1,1,0,0,0,0,1,0,0
0,1,1,0,0,1,0,1,1,1,0,1,1,0,1,1,1,0,0,0,0,0,0,0,0,0,1,0,0,1,1,0,0,1,1,0,0,1,1,0
1,0,0,1,0,1,1,0,1,0,0,0,0,1,0,0,0,1,1,1,1,1,1,0,0,1,1,1,0,0,0,1,1,0,0,0,0,0,0,1
1,0,0,1,0,0,0,0,0,1,0,0,0,0,0,0,0,1,0,1,1,1,0,0,1,0,0,1,1,1,0,0,1,0,1,1,1,0,1,1
0,0,0,0,0,1,1,1,1,0,1,1,1,1,0,0,1,0,1,0,0,1,1,1,1,0,0,1,0,0,0,1,0,0,0,0,0,0,0,0
1,0,0,1,0,1,0,0,1,0,0,0,0,1,0,0,0,1,1,1,1,1,1,0,1,1,1,0,1,0,0,0,1,0,0,0,0,0,0,1
1,1,0,1,1,0,0,0,0,1,0,0,0,0,1,1,0,1,0,1,1,0,0,0,0,1,0,1,0,1,1,0,1,1,1,1,1,0,1,1
1,0,1,1,0,1,0,0,0,1,0,0,0,1,0,1,0,1,0,1,0,0,1,1,0,1,0,0,1,0,0,0,1,0,1,1,0,1,1,0
0,1,1,0,1,0,1,1,0,1,1,1,1,0,1,0,1,0,0,0,1,1,0,1,0,0,0,0,1,0,0,1,0,1,0,0,1,0,0,0
0,0,0,0,1,0,1,1,1,0,1,1,1,0,0,0,1,0,1,0,1,1,1,0,1,0,1,0,0,0,1,0,0,0,0,0,0,0,0,0
1,0,0,1,0,1,0,0,1,0,0,0,0,1,0,0,0,1,1,1,1,1,1,0,1,1,0,1,1,1,0,0,0,0,1,1,0,0,1,1
1,1,1,0,1,0,0,1,0,1,1,1,1,0,1,1,0,1,0,0,0,0,0,1,0,0,0,0,1,0,1,0,0,0,1,1,1,1,1,0
1,1,1,1,0,1,0,0,0,1,0,0,0,1,1,1,0,1,0,1,0,0,0,1,0,1,0,0,1,1,0,0,1,1,0,1,0,1,1,0
1,1,1,1,0,0,0,0,0,1,0,0,0,0,1,1,0,1,0,1,0,0,0,0,0,1,0,0,1,1,0,0,1,1,1,0,1,1,1,1
1,1,1,0,1,0,0,1,0,1,1,0,1,0,1,1,1,1,0,0,1,1,0,0,0,1,0,0,1,0,1,0,0,1,0,1,0,0,1,1
0,1,1,0,0,1,0,0,0,1,0,1,1,1,1,1,0,0,0,0,0,0,1,1,0,0,0,0,0,1,0,0,0,1,1,1,0,0,1,0
1,1,1,1,0,1,0,0,0,1,0,0,1,0,1,1,0,1,0,0,0,0,0,1,0,1,0,0,1,1,0,0,1,1,1,1,1,1,0,0
1,0,0,1,1,0,0,0,0,0,0,0,0,1,0,0,0,1,1,1,1,1,0,0,1,1,0,1,1,0,0,0,1,0,0,1,1,0,0,0
Time: 2025-10-24 00:29:00, Timestep: 30, Round: 1, Phase: REDISTRIBUTION, Aggregation Server: 21, Redistribution Server: 21, Target Node: 21, Phase Length: 20, Timestep in Phase: 15, Current Connections: 22, Cumulative Connections: 24/25, Connected Sats: [0, 3, 4, 6, 7, 8, 10, 11, 13, 16, 17, 18, 19, 20, 22, 24, 25, 26, 27, 30, 31, 32, 36, 39], Missing Sats: [33], Target Sats: [0, 3, 4, 6, 7, 8, 10, 11, 13, 16, 17, 18, 19, 20, 22, 24, 25, 26, 27, 30, 31, 32, 33, 36, 39], Phase Complete: False
0,0,0,1,0,0,0,0,0,1,0,0,0,0,1,1,0,1,0,1,1,1,0,0,1,1,0,1,1,1,0,0,1,1,1,1,1,0,1,1
0,0,1,0,1,0,0,1,0,1,1,1,1,0,1,1,1,0,0,0,0,0,0,1,0,0,0,0,1,0,1,0,0,1,1,1,1,1,1,0
0,1,0,0,0,0,0,1,0,1,1,1,1,0,1,1,1,0,0,0,0,0,0,1,0,0,0,0,1,1,1,0,0,1,1,1,1,1,1,0
1,0,0,0,0,1,0,0,1,0,0,0,0,1,0,0,0,1,1,1,1,1,1,0,1,1,0,1,1,1,0,0,1,0,1,1,0,0,1,1
0,1,0,0,0,0,1,1,0,1,1,1,1,0,1,0,1,1,0,0,1,1,0,0,0,0,0,0,1,0,1,1,0,1,0,0,1,0,0,1
0,0,0,1,0,0,0,0,1,0,0,0,0,1,0,1,0,0,1,1,0,0,1,1,1,0,1,1,0,1,0,0,1,0,1,0,0,1,1,0
0,0,0,0,1,0,0,1,1,0,1,1,1,0,0,0,1,0,1,0,1,1,1,0,1,0,1,0,0,0,1,1,0,0,0,0,0,0,0,0
0,1,1,0,1,0,1,0,0,0,1,1,1,0,1,0,1,0,0,0,1,1,0,1,0,0,1,0,0,0,1,1,0,1,0,0,1,0,0,0
0,0,0,1,0,1,1,0,0,0,0,1,0,1,0,0,1,0,1,1,0,1,1,1,1,0,1,1,0,0,0,1,1,0,0,0,0,1,0,0
1,1,1,0,1,0,0,0,0,0,1,0,1,0,1,1,0,1,0,0,0,0,0,1,0,1,0,0,1,1,1,0,0,1,1,1,1,1,1,0
0,1,1,0,1,0,1,1,0,1,0,1,1,0,1,0,1,0,0,0,1,1,0,0,0,0,1,0,0,0,1,1,0,1,0,0,1,0,0,0
0,1,1,0,1,0,1,1,1,0,1,0,1,0,1,1,1,0,0,0,0,0,0,1,0,0,1,0,0,0,1,1,0,1,0,0,1,1,0,0
0,1,1,0,1,0,1,1,0,1,1,1,0,0,1,1,1,0,0,0,0,0,0,1,0,0,1,0,0,0,1,1,0,1,0,0,1,1,1,0
0,0,0,1,0,1,0,0,1,0,0,0,0,0,0,0,0,0,1,1,0,0,1,1,1,0,1,1,0,1,0,1,1,0,1,0,0,1,0,0
1,1,1,0,1,0,0,1,0,1,1,1,1,0,0,1,1,1,0,0,0,0,0,1,0,0,0,0,1,0,1,0,0,1,1,1,1,1,1,0
1,1,1,0,0,1,0,0,0,1,0,1,1,0,1,0,0,1,0,0,0,0,0,1,0,1,0,0,1,1,0,0,0,1,1,1,1,1,1,0
0,1,1,0,1,0,1,1,1,0,1,1,1,0,1,0,0,0,1,0,1,1,0,1,0,0,1,0,0,0,1,1,0,0,0,0,1,0,0,0
1,0,0,1,1,0,0,0,0,1,0,0,0,0,1,1,0,0,0,1,1,1,0,0,1,1,0,1,1,1,0,0,1,1,1,1,1,0,1,1
0,0,0,1,0,1,1,0,1,0,0,0,0,1,0,0,1,0,0,1,0,1,1,0,1,0,1,1,0,0,0,1,1,0,0,0,0,0,0,1
1,0,0,1,0,1,0,0,1,0,0,0,0,1,0,0,0,1,1,0,1,1,1,0,1,1,1,1,1,1,0,0,1,0,1,1,0,0,0,1
1,0,0,1,1,0,1,1,0,0,1,0,0,0,0,0,1,1,0,1,0,1,0,0,1,1,0,1,1,0,1,1,1,0,0,0,1,0,0,1
1,0,0,1,1,0,1,1,1,0,1,0,0,0,0,0,1,1,1,1,1,0,1,0,1,1,1,1,0,0,1,1,1,0,0,0,1,0,0,1
0,0,0,1,0,1,1,0,1,0,0,0,0,1,0,0,0,0,1,1,0,1,0,1,1,0,1,1,0,1,0,1,1,0,0,0,0,1,0,0
0,1,1,0,0,1,0,1,1,1,0,1,1,1,1,1,1,0,0,0,0,0,1,0,0,0,1,0,0,1,0,0,0,1,1,0,0,1,1,0
1,0,0,1,0,1,1,0,1,0,0,0,0,1,0,0,0,1,1,1,1,1,1,0,0,1,1,1,0,0,0,1,1,0,0,0,0,0,0,1
1,0,0,1,0,0,0,0,0,1,0,0,0,0,0,1,0,1,0,1,1,1,0,0,1,0,0,1,1,1,0,0,1,0,1,1,1,0,1,1
0,0,0,0,0,1,1,1,1,0,1,1,1,1,0,0,1,0,1,1,0,1,1,1,1,0,0,0,0,0,0,1,0,0,0,0,0,0,0,0
1,0,0,1,0,1,0,0,1,0,0,0,0,1,0,0,0,1,1,1,1,1,1,0,1,1,0,0,1,0,0,0,1,0,0,1,0,0,0,1
1,1,1,1,1,0,0,0,0,1,0,0,0,0,1,1,0,1,0,1,1,0,0,0,0,1,0,1,0,1,1,0,1,1,1,1,1,0,1,1
1,0,1,1,0,1,0,0,0,1,0,0,0,1,0,1,0,1,0,1,0,0,1,1,0,1,0,0,1,0,0,0,1,0,1,1,0,1,1,0
0,1,1,0,1,0,1,1,0,1,1,1,1,0,1,0,1,0,0,0,1,1,0,0,0,0,0,0,1,0,0,1,0,1,0,0,1,0,0,0
0,0,0,0,1,0,1,1,1,0,1,1,1,1,0,0,1,0,1,0,1,1,1,0,1,0,1,0,0,0,1,0,0,0,0,0,0,0,0,0
1,0,0,1,0,1,0,0,1,0,0,0,0,1,0,0,0,1,1,1,1,1,1,0,1,1,0,1,1,1,0,0,0,0,1,1,0,0,1,1
1,1,1,0,1,0,0,1,0,1,1,1,1,0,1,1,0,1,0,0,0,0,0,1,0,0,0,0,1,0,1,0,0,0,1,1,1,1,1,0
1,1,1,1,0,1,0,0,0,1,0,0,0,1,1,1,0,1,0,1,0,0,0,1,0,1,0,0,1,1,0,0,1,1,0,1,0,1,1,0
1,1,1,1,0,0,0,0,0,1,0,0,0,0,1,1,0,1,0,1,0,0,0,0,0,1,0,1,1,1,0,0,1,1,1,0,1,1,1,1
1,1,1,0,1,0,0,1,0,1,1,1,1,0,1,1,1,1,0,0,1,1,0,0,0,1,0,0,1,0,1,0,0,1,0,1,0,0,1,1
0,1,1,0,0,1,0,0,1,1,0,1,1,1,1,1,0,0,0,0,0,0,1,1,0,0,0,0,0,1,0,0,0,1,1,1,0,0,1,0
1,1,1,1,0,1,0,0,0,1,0,0,1,0,1,1,0,1,0,0,0,0,0,1,0,1,0,0,1,1,0,0,1,1,1,1,1,1,0,0
1,0,0,1,1,0,0,0,0,0,0,0,0,0,0,0,0,1,1,1,1,1,0,0,1,1,0,1,1,0,0,0,1,0,0,1,1,0,0,0
Time: 2025-10-24 00:30:00, Timestep: 31, Round: 1, Phase: REDISTRIBUTION, Aggregation Server: 21, Redistribution Server: 21, Target Node: 21, Phase Length: 20, Timestep in Phase: 16, Current Connections: 21, Cumulative Connections: 24/25, Connected Sats: [0, 3, 4, 6, 7, 8, 10, 11, 13, 16, 17, 18, 19, 20, 22, 24, 25, 26, 27, 30, 31, 32, 36, 39], Missing Sats: [33], Target Sats: [0, 3, 4, 6, 7, 8, 10, 11, 13, 16, 17, 18, 19, 20, 22, 24, 25, 26, 27, 30, 31, 32, 33, 36, 39], Phase Complete: False
0,0,0,1,0,0,0,0,0,1,0,0,0,0,1,1,0,1,0,1,1,1,0,0,1,1,0,1,1,1,0,0,1,1,1,1,1,0,1,1
0,0,1,0,1,0,0,1,0,1,1,1,1,0,1,1,1,0,0,0,0,0,0,1,0,0,0,0,1,0,1,0,0,1,1,1,1,1,1,0
0,1,0,0,0,0,0,1,0,1,1,1,1,0,1,1,1,0,0,0,0,0,0,1,0,0,0,0,1,1,1,0,0,1,1,1,1,1,1,0
1,0,0,0,0,1,0,0,0,0,0,0,0,1,0,0,0,1,1,1,1,1,1,0,1,1,0,1,1,1,0,0,1,0,1,1,0,0,1,1
0,1,0,0,0,0,1,1,0,1,1,1,1,0,1,0,1,0,0,0,1,1,0,0,0,0,1,0,0,0,1,1,0,1,0,0,1,0,0,1
0,0,0,1,0,0,0,0,1,0,0,0,0,1,0,0,0,0,1,1,0,0,1,1,1,0,1,1,0,1,0,0,1,0,1,0,0,1,1,0
0,0,0,0,1,0,0,1,1,0,1,1,1,0,0,0,1,0,1,0,1,1,1,0,1,0,1,0,0,0,1,1,0,0,0,0,0,0,0,0
0,1,1,0,1,0,1,0,0,0,1,1,1,0,1,0,1,0,0,0,1,1,0,1,0,0,1,0,0,0,1,1,0,1,0,0,1,0,0,0
0,0,0,0,0,1,1,0,0,0,0,1,1,1,0,0,1,0,1,1,0,1,1,1,1,0,1,1,0,0,0,1,1,0,0,0,0,1,0,0
1,1,1,0,1,0,0,0,0,0,1,0,1,0,1,1,0,1,0,0,0,0,0,1,0,1,0,0,1,1,1,0,0,1,1,1,1,1,1,0
0,1,1,0,1,0,1,1,0,1,0,1,1,0,1,0,1,0,0,0,1,1,0,0,0,0,1,0,0,0,1,1,0,1,0,0,1,0,0,0
0,1,1,0,1,0,1,1,1,0,1,0,1,0,1,1,1,0,0,0,0,0,0,1,0,0,1,0,0,0,1,1,0,1,0,0,1,1,0,0
0,1,1,0,1,0,1,1,1,1,1,1,0,0,1,1,1,0,0,0,0,0,0,1,0,0,1,0,0,0,1,1,0,1,0,0,1,1,1,0
0,0,0,1,0,1,0,0,1,0,0,0,0,0,0,0,0,0,1,1,0,0,1,1,1,0,1,1,0,1,0,1,1,0,1,0,0,1,0,0
1,1,1,0,1,0,0,1,0,1,1,1,1,0,0,1,0,1,0,0,0,0,0,1,0,0,0,0,1,0,1,0,0,1,1,1,1,1,1,0
1,1,1,0,0,0,0,0,0,1,0,1,1,0,1,0,0,1,0,0,0,0,0,1,0,1,0,0,1,1,0,0,0,1,1,1,1,1,1,0
0,1,1,0,1,0,1,1,1,0,1,1,1,0,0,0,0,0,1,0,1,1,1,1,0,0,1,0,0,0,1,1,0,0,0,0,0,0,0,0
1,0,0,1,0,0,0,0,0,1,0,0,0,0,1,1,0,0,0,1,1,1,0,0,1,1,0,1,1,1,0,0,1,1,1,1,1,0,1,1
0,0,0,1,0,1,1,0,1,0,0,0,0,1,0,0,1,0,0,1,0,1,1,0,1,0,1,1,0,0,0,1,1,0,0,0,0,0,0,0
1,0,0,1,0,1,0,0,1,0,0,0,0,1,0,0,0,1,1,0,1,1,1,0,1,1,1,1,1,1,0,0,1,0,1,1,0,0,0,1
1,0,0,1,1,0,1,1,0,0,1,0,0,0,0,0,1,1,0,1,0,1,0,0,1,1,1,1,1,0,1,1,1,1,0,0,1,0,0,1
1,0,0,1,1,0,1,1,1,0,1,0,0,0,0,0,1,1,1,1,1,0,0,0,1,1,1,1,0,0,1,1,1,0,0,0,1,0,0,1
0,0,0,1,0,1,1,0,1,0,0,0,0,1,0,0,1,0,1,1,0,0,0,1,1,0,1,1,0,1,0,1,1,0,0,0,0,1,0,0
0,1,1,0,0,1,0,1,1,1,0,1,1,1,1,1,1,0,0,0,0,0,1,0,0,0,1,0,0,1,0,0,0,1,1,0,0,1,1,0
1,0,0,1,0,1,1,0,1,0,0,0,0,1,0,0,0,1,1,1,1,1,1,0,0,1,1,1,1,0,0,1,1,0,0,0,0,0,0,1
1,0,0,1,0,0,0,0,0,1,0,0,0,0,0,1,0,1,0,1,1,1,0,0,1,0,0,1,1,1,0,0,1,0,1,1,1,0,1,1
0,0,0,0,1,1,1,1,1,0,1,1,1,1,0,0,1,0,1,1,1,1,1,1,1,0,0,0,0,0,0,1,0,0,0,0,0,0,0,0
1,0,0,1,0,1,0,0,1,0,0,0,0,1,0,0,0,1,1,1,1,1,1,0,1,1,0,0,1,0,0,0,1,0,0,1,0,0,0,1
1,1,1,1,0,0,0,0,0,1,0,0,0,0,1,1,0,1,0,1,1,0,0,0,1,1,0,1,0,1,1,0,1,1,1,1,1,0,1,1
1,0,1,1,0,1,0,0,0,1,0,0,0,1,0,1,0,1,0,1,0,0,1,1,0,1,0,0,1,0,0,0,1,0,1,1,0,1,1,0
0,1,1,0,1,0,1,1,0,1,1,1,1,0,1,0,1,0,0,0,1,1,0,0,0,0,0,0,1,0,0,1,0,1,0,0,1,0,0,0
0,0,0,0,1,0,1,1,1,0,1,1,1,1,0,0,1,0,1,0,1,1,1,0,1,0,1,0,0,0,1,0,0,0,0,0,0,0,0,0
1,0,0,1,0,1,0,0,1,0,0,0,0,1,0,0,0,1,1,1,1,1,1,0,1,1,0,1,1,1,0,0,0,0,1,1,0,0,1,1
1,1,1,0,1,0,0,1,0,1,1,1,1,0,1,1,0,1,0,0,1,0,0,1,0,0,0,0,1,0,1,0,0,0,1,1,1,1,1,0
1,1,1,1,0,1,0,0,0,1,0,0,0,1,1,1,0,1,0,1,0,0,0,1,0,1,0,0,1,1,0,0,1,1,0,1,0,1,1,0
1,1,1,1,0,0,0,0,0,1,0,0,0,0,1,1,0,1,0,1,0,0,0,0,0,1,0,1,1,1,0,0,1,1,1,0,1,1,1,1
1,1,1,0,1,0,0,1,0,1,1,1,1,0,1,1,0,1,0,0,1,1,0,0,0,1,0,0,1,0,1,0,0,1,0,1,0,0,1,1
0,1,1,0,0,1,0,0,1,1,0,1,1,1,1,1,0,0,0,0,0,0,1,1,0,0,0,0,0,1,0,0,0,1,1,1,0,0,1,0
1,1,1,1,0,1,0,0,0,1,0,0,1,0,1,1,0,1,0,0,0,0,0,1,0,1,0,0,1,1,0,0,1,1,1,1,1,1,0,0
1,0,0,1,1,0,0,0,0,0,0,0,0,0,0,0,0,1,0,1,1,1,0,0,1,1,0,1,1,0,0,0,1,0,0,1,1,0,0,0
Time: 2025-10-24 00:31:00, Timestep: 32, Round: 1, Phase: REDISTRIBUTION, Aggregation Server: 21, Redistribution Server: 21, Target Node: 21, Phase Length: 20, Timestep in Phase: 17, Current Connections: 20, Cumulative Connections: 24/25, Connected Sats: [0, 3, 4, 6, 7, 8, 10, 11, 13, 16, 17, 18, 19, 20, 22, 24, 25, 26, 27, 30, 31, 32, 36, 39], Missing Sats: [33], Target Sats: [0, 3, 4, 6, 7, 8, 10, 11, 13, 16, 17, 18, 19, 20, 22, 24, 25, 26, 27, 30, 31, 32, 33, 36, 39], Phase Complete: False
0,0,0,1,0,0,0,0,0,1,0,0,0,0,1,1,0,1,0,1,1,1,0,0,1,1,0,1,1,1,0,0,1,1,1,1,1,0,1,1
0,0,1,0,1,0,0,1,0,1,1,1,1,0,1,1,1,0,0,0,0,0,0,1,0,0,0,0,1,0,1,0,0,1,1,1,1,1,1,0
0,1,0,0,0,0,0,1,0,1,1,1,1,0,1,1,1,0,0,0,0,0,0,1,0,0,0,0,1,1,1,0,0,1,1,1,1,1,1,0
1,0,0,0,0,1,0,0,0,0,0,0,0,1,0,0,0,1,1,1,1,1,1,0,1,1,0,1,1,1,0,0,1,0,1,1,0,0,1,1
0,1,0,0,0,0,1,1,0,1,1,1,1,0,1,0,1,0,0,0,1,1,0,0,0,0,1,0,0,0,1,1,0,1,0,0,1,0,0,1
0,0,0,1,0,0,0,0,1,0,0,0,1,1,0,0,0,0,1,1,0,0,1,1,1,0,1,1,0,1,0,0,1,0,1,0,0,1,1,0
0,0,0,0,1,0,0,1,1,0,1,1,1,0,0,0,1,0,1,0,1,1,1,0,1,0,1,0,0,0,1,1,0,0,0,0,0,0,0,0
0,1,1,0,1,0,1,0,0,0,1,1,1,0,1,0,1,0,0,0,1,1,0,0,0,0,1,0,0,0,1,1,0,1,0,0,1,0,0,0
0,0,0,0,0,1,1,0,0,0,0,1,1,1,0,0,1,0,1,1,0,0,1,1,1,0,1,1,0,1,0,1,1,0,0,0,0,0,0,0
1,1,1,0,1,0,0,0,0,0,1,0,1,0,1,1,0,1,0,0,0,0,0,1,0,1,0,0,1,1,1,0,0,1,1,1,1,1,1,1
0,1,1,0,1,0,1,1,0,1,0,1,1,0,1,0,1,0,0,0,1,1,0,0,0,0,1,0,0,0,1,1,0,1,0,0,1,0,0,0
0,1,1,0,1,0,1,1,1,0,1,0,1,0,1,1,1,0,0,0,0,0,0,1,0,0,1,0,0,0,1,1,0,1,0,0,1,1,0,0
0,1,1,0,1,1,1,1,1,1,1,1,0,0,1,1,1,0,0,0,0,0,0,1,0,0,1,0,0,1,1,1,0,1,0,0,1,1,1,0
0,0,0,1,0,1,0,0,1,0,0,0,0,0,0,0,0,0,1,1,0,0,1,1,1,0,1,1,0,1,0,1,1,0,0,0,0,1,0,0
1,1,1,0,1,0,0,1,0,1,1,1,1,0,0,1,0,1,0,0,1,0,0,1,0,0,0,0,1,0,1,0,0,1,1,1,1,1,1,0
1,1,1,0,0,0,0,0,0,1,0,1,1,0,1,0,0,1,0,0,0,0,0,1,0,1,0,0,1,1,1,0,0,1,1,1,1,1,1,0
0,1,1,0,1,0,1,1,1,0,1,1,1,0,0,0,0,0,1,0,1,1,1,1,0,0,1,0,0,0,1,1,0,0,0,0,0,0,0,0
1,0,0,1,0,0,0,0,0,1,0,0,0,0,1,1,0,0,0,1,1,1,0,0,1,1,0,1,1,1,0,0,1,1,1,1,1,0,1,1
0,0,0,1,0,1,1,0,1,0,0,0,0,1,0,0,1,0,0,1,0,1,1,0,1,0,1,1,0,1,0,1,1,0,0,0,0,0,0,0
1,0,0,1,0,1,0,0,1,0,0,0,0,1,0,0,0,1,1,0,1,1,1,0,1,1,1,1,1,1,0,0,1,0,1,1,0,0,0,1
1,0,0,1,1,0,1,1,0,0,1,0,0,0,1,0,1,1,0,1,0,1,0,0,1,1,1,1,1,0,1,1,1,1,0,0,1,0,0,1
1,0,0,1,1,0,1,1,0,0,1,0,0,0,0,0,1,1,1,1,1,0,0,0,1,1,1,1,0,0,1,1,1,0,0,0,1,0,0,1
0,0,0,1,0,1,1,0,1,0,0,0,0,1,0,0,1,0,1,1,0,0,0,1,1,0,1,1,0,1,0,1,1,0,0,0,0,1,0,0
0,1,1,0,0,1,0,0,1,1,0,1,1,1,1,1,1,0,0,0,0,0,1,0,0,0,0,0,0,1,0,0,0,0,1,0,0,1,1,0
1,0,0,1,0,1,1,0,1,0,0,0,0,1,0,0,0,1,1,1,1,1,1,0,0,1,1,1,1,0,0,0,1,0,0,0,0,0,0,1
1,0,0,1,0,0,0,0,0,1,0,0,0,0,0,1,0,1,0,1,1,1,0,0,1,0,0,1,1,1,0,0,1,0,1,1,0,0,1,1
0,0,0,0,1,1,1,1,1,0,1,1,1,1,0,0,1,0,1,1,1,1,1,0,1,0,0,0,0,0,0,1,0,0,0,0,0,0,0,0
1,0,0,1,0,1,0,0,1,0,0,0,0,1,0,0,0,1,1,1,1,1,1,0,1,1,0,0,1,0,0,0,1,0,0,1,0,0,0,1
1,1,1,1,0,0,0,0,0,1,0,0,0,0,1,1,0,1,0,1,1,0,0,0,1,1,0,1,0,1,1,0,1,1,1,1,1,1,1,1
1,0,1,1,0,1,0,0,1,1,0,0,1,1,0,1,0,1,1,1,0,0,1,1,0,1,0,0,1,0,0,0,1,0,1,1,0,1,1,0
0,1,1,0,1,0,1,1,0,1,1,1,1,0,1,1,1,0,0,0,1,1,0,0,0,0,0,0,1,0,0,1,0,1,0,0,1,0,0,0
0,0,0,0,1,0,1,1,1,0,1,1,1,1,0,0,1,0,1,0,1,1,1,0,0,0,1,0,0,0,1,0,0,0,0,0,0,0,0,0
1,0,0,1,0,1,0,0,1,0,0,0,0,1,0,0,0,1,1,1,1,1,1,0,1,1,0,1,1,1,0,0,0,0,1,1,0,0,1,1
1,1,1,0,1,0,0,1,0,1,1,1,1,0,1,1,0,1,0,0,1,0,0,0,0,0,0,0,1,0,1,0,0,0,1,1,1,1,1,0
1,1,1,1,0,1,0,0,0,1,0,0,0,0,1,1,0,1,0,1,0,0,0,1,0,1,0,0,1,1,0,0,1,1,0,1,0,1,1,0
1,1,1,1,0,0,0,0,0,1,0,0,0,0,1,1,0,1,0,1,0,0,0,0,0,1,0,1,1,1,0,0,1,1,1,0,1,1,1,1
1,1,1,0,1,0,0,1,0,1,1,1,1,0,1,1,0,1,0,0,1,1,0,0,0,0,0,0,1,0,1,0,0,1,0,1,0,0,1,1
0,1,1,0,0,1,0,0,0,1,0,1,1,1,1,1,0,0,0,0,0,0,1,1,0,0,0,0,1,1,0,0,0,1,1,1,0,0,1,0
1,1,1,1,0,1,0,0,0,1,0,0,1,0,1,1,0,1,0,0,0,0,0,1,0,1,0,0,1,1,0,0,1,1,1,1,1,1,0,0
1,0,0,1,1,0,0,0,0,1,0,0,0,0,0,0,0,1,0,1,1,1,0,0,1,1,0,1,1,0,0,0,1,0,0,1,1,0,0,0
Time: 2025-10-24 00:32:00, Timestep: 33, Round: 1, Phase: REDISTRIBUTION, Aggregation Server: 21, Redistribution Server: 21, Target Node: 21, Phase Length: 20, Timestep in Phase: 18, Current Connections: 20, Cumulative Connections: 24/25, Connected Sats: [0, 3, 4, 6, 7, 8, 10, 11, 13, 16, 17, 18, 19, 20, 22, 24, 25, 26, 27, 30, 31, 32, 36, 39], Missing Sats: [33], Target Sats: [0, 3, 4, 6, 7, 8, 10, 11, 13, 16, 17, 18, 19, 20, 22, 24, 25, 26, 27, 30, 31, 32, 33, 36, 39], Phase Complete: False
0,0,0,1,0,0,0,0,0,1,0,0,0,0,1,1,0,1,0,1,1,1,0,0,1,1,0,1,1,1,0,0,1,1,1,1,1,0,1,1
0,0,1,0,1,0,0,1,0,1,1,1,1,0,1,1,1,0,0,0,0,0,0,1,0,0,0,0,1,0,1,0,0,1,1,1,1,1,1,0
0,1,0,0,0,0,0,1,0,1,1,1,1,0,1,1,1,0,0,0,0,0,0,1,0,0,0,0,1,1,1,0,0,1,1,1,1,1,1,0
1,0,0,0,0,1,0,0,0,0,0,0,0,1,0,0,0,1,1,1,1,1,1,0,1,1,0,1,1,1,0,0,1,0,1,1,0,0,1,1
0,1,0,0,0,0,1,1,0,1,1,1,1,0,1,0,1,0,0,0,1,1,0,0,0,0,1,0,0,0,1,1,0,1,0,0,1,0,0,1
0,0,0,1,0,0,0,0,1,0,0,0,1,1,0,0,0,0,1,1,0,0,1,1,1,0,1,1,0,1,0,1,1,0,1,0,0,1,1,0
0,0,0,0,1,0,0,1,1,0,1,1,1,0,0,0,1,0,1,0,1,1,1,0,1,0,1,0,0,0,1,1,0,0,0,0,0,0,0,1
0,1,1,0,1,0,1,0,0,0,1,1,1,0,1,0,1,0,0,0,1,1,0,0,0,0,1,0,0,0,1,1,0,1,0,0,1,0,0,0
0,0,0,0,0,1,1,0,0,0,0,1,1,1,0,0,1,0,1,1,0,0,1,1,1,0,1,0,0,1,0,1,0,0,0,0,0,0,0,0
1,1,1,0,1,0,0,0,0,0,1,0,0,0,1,1,0,1,0,0,0,0,0,0,0,1,0,0,1,1,1,0,0,1,1,1,1,1,1,1
0,1,1,0,1,0,1,1,0,1,0,1,1,0,1,0,1,0,0,0,1,1,0,0,0,0,1,0,0,0,1,1,0,1,0,0,1,0,0,0
0,1,1,0,1,0,1,1,1,0,1,0,1,0,1,0,1,0,0,0,0,0,0,1,0,0,1,0,0,0,1,1,0,1,0,0,1,1,0,0
0,1,1,0,1,1,1,1,1,0,1,1,0,0,1,1,1,0,0,0,0,0,0,1,0,0,1,0,0,1,1,1,0,1,0,0,1,1,1,0
0,0,0,1,0,1,0,0,1,0,0,0,0,0,0,0,1,0,1,1,0,0,1,1,1,0,1,1,0,1,0,1,1,0,0,0,0,1,0,0
1,1,1,0,1,0,0,1,0,1,1,1,1,0,0,1,0,1,0,0,1,0,0,1,0,0,0,0,1,0,1,0,0,1,1,1,1,1,1,0
1,1,1,0,0,0,0,0,0,1,0,0,1,0,1,0,0,1,0,0,0,0,0,1,0,1,0,0,1,1,1,0,0,1,1,1,1,1,1,0
0,1,1,0,1,0,1,1,1,0,1,1,1,1,0,0,0,0,1,0,0,1,1,1,0,0,1,0,0,0,1,1,0,0,0,0,0,0,0,0
1,0,0,1,0,0,0,0,0,1,0,0,0,0,1,1,0,0,0,1,1,1,0,0,1,1,0,1,1,0,0,0,1,1,1,1,1,0,1,1
0,0,0,1,0,1,1,0,1,0,0,0,0,1,0,0,1,0,0,1,0,1,1,0,1,0,1,1,0,1,0,1,1,0,0,0,0,0,0,0
1,0,0,1,0,1,0,0,1,0,0,0,0,1,0,0,0,1,1,0,1,1,1,0,1,1,1,1,1,1,0,0,1,0,1,1,0,0,0,1
1,0,0,1,1,0,1,1,0,0,1,0,0,0,1,0,0,1,0,1,0,1,0,0,1,1,1,1,1,0,1,1,1,1,0,0,1,0,0,1
1,0,0,1,1,0,1,1,0,0,1,0,0,0,0,0,1,1,1,1,1,0,0,0,1,1,1,1,0,0,1,1,1,0,0,0,1,0,0,1
0,0,0,1,0,1,1,0,1,0,0,0,0,1,0,0,1,0,1,1,0,0,0,1,1,0,1,1,0,1,0,1,1,0,0,0,0,1,0,0
0,1,1,0,0,1,0,0,1,0,0,1,1,1,1,1,1,0,0,0,0,0,1,0,0,0,0,0,0,1,0,0,0,0,1,0,0,1,1,0
1,0,0,1,0,1,1,0,1,0,0,0,0,1,0,0,0,1,1,1,1,1,1,0,0,1,1,1,1,0,0,0,1,0,0,0,0,0,0,1
1,0,0,1,0,0,0,0,0,1,0,0,0,0,0,1,0,1,0,1,1,1,0,0,1,0,0,1,1,1,0,0,1,0,1,1,0,0,1,1
0,0,0,0,1,1,1,1,1,0,1,1,1,1,0,0,1,0,1,1,1,1,1,0,1,0,0,0,0,0,0,1,0,0,0,0,0,0,0,0
1,0,0,1,0,1,0,0,0,0,0,0,0,1,0,0,0,1,1,1,1,1,1,0,1,1,0,0,1,0,0,0,1,0,0,1,0,0,0,1
1,1,1,1,0,0,0,0,0,1,0,0,0,0,1,1,0,1,0,1,1,0,0,0,1,1,0,1,0,1,1,0,1,1,1,1,1,1,1,1
1,0,1,1,0,1,0,0,1,1,0,0,1,1,0,1,0,0,1,1,0,0,1,1,0,1,0,0,1,0,0,0,1,0,1,1,0,1,1,0
0,1,1,0,1,0,1,1,0,1,1,1,1,0,1,1,1,0,0,0,1,1,0,0,0,0,0,0,1,0,0,1,0,1,0,0,1,0,0,0
0,0,0,0,1,1,1,1,1,0,1,1,1,1,0,0,1,0,1,0,1,1,1,0,0,0,1,0,0,0,1,0,0,0,0,0,0,0,0,0
1,0,0,1,0,1,0,0,0,0,0,0,0,1,0,0,0,1,1,1,1,1,1,0,1,1,0,1,1,1,0,0,0,0,1,1,0,0,1,1
1,1,1,0,1,0,0,1,0,1,1,1,1,0,1,1,0,1,0,0,1,0,0,0,0,0,0,0,1,0,1,0,0,0,1,1,1,1,1,0
1,1,1,1,0,1,0,0,0,1,0,0,0,0,1,1,0,1,0,1,0,0,0,1,0,1,0,0,1,1,0,0,1,1,0,1,0,1,1,0
1,1,1,1,0,0,0,0,0,1,0,0,0,0,1,1,0,1,0,1,0,0,0,0,0,1,0,1,1,1,0,0,1,1,1,0,1,1,1,1
1,1,1,0,1,0,0,1,0,1,1,1,1,0,1,1,0,1,0,0,1,1,0,0,0,0,0,0,1,0,1,0,0,1,0,1,0,0,1,1
0,1,1,0,0,1,0,0,0,1,0,1,1,1,1,1,0,0,0,0,0,0,1,1,0,0,0,0,1,1,0,0,0,1,1,1,0,0,1,0
1,1,1,1,0,1,0,0,0,1,0,0,1,0,1,1,0,1,0,0,0,0,0,1,0,1,0,0,1,1,0,0,1,1,1,1,1,1,0,0
1,0,0,1,1,0,1,0,0,1,0,0,0,0,0,0,0,1,0,1,1,1,0,0,1,1,0,1,1,0,0,0,1,0,0,1,1,0,0,0
Time: 2025-10-24 00:33:00, Timestep: 34, Round: 1, Phase: REDISTRIBUTION, Aggregation Server: 21, Redistribution Server: 21, Target Node: 21, Phase Length: 20, Timestep in Phase: 19, Current Connections: 20, Cumulative Connections: 24/25, Connected Sats: [0, 3, 4, 6, 7, 8, 10, 11, 13, 16, 17, 18, 19, 20, 22, 24, 25, 26, 27, 30, 31, 32, 36, 39], Missing Sats: [33], Target Sats: [0, 3, 4, 6, 7, 8, 10, 11, 13, 16, 17, 18, 19, 20, 22, 24, 25, 26, 27, 30, 31, 32, 33, 36, 39], Phase Complete: False
0,0,0,1,0,0,0,0,0,1,0,0,0,0,1,1,0,1,0,1,1,1,0,0,1,1,0,1,1,1,0,0,1,1,1,1,1,0,1,1
0,0,1,0,1,0,0,1,0,1,1,1,1,0,1,1,1,0,0,0,0,0,0,1,0,0,0,0,1,0,1,0,0,1,1,1,1,1,1,0
0,1,0,0,0,0,0,1,0,1,1,1,1,0,1,1,1,0,0,0,0,0,0,1,0,0,0,0,1,1,1,0,0,1,1,1,1,1,1,0
1,0,0,0,0,1,0,0,0,0,0,0,0,1,0,0,0,1,1,1,1,1,1,0,1,1,0,1,1,1,0,0,1,0,1,1,0,0,0,1
0,1,0,0,0,0,1,1,0,1,1,1,1,0,1,0,1,0,0,0,1,1,0,0,0,0,1,0,0,0,1,1,0,1,0,0,1,0,0,1
0,0,0,1,0,0,0,0,1,0,0,0,1,1,0,0,1,0,1,1,0,0,1,1,1,0,1,0,0,1,0,1,1,0,1,0,0,1,1,0
0,0,0,0,1,0,0,1,1,0,1,1,0,0,0,0,1,0,1,0,1,1,1,0,1,0,1,1,0,0,1,1,0,0,0,0,1,0,0,1
0,1,1,0,1,0,1,0,0,0,1,1,1,0,1,0,1,0,0,0,1,1,0,0,0,0,1,0,0,0,1,1,0,1,0,0,1,0,0,0
0,0,0,0,0,1,1,0,0,0,0,1,1,1,0,0,1,0,1,1,0,0,1,1,1,0,1,0,0,1,0,1,0,0,0,0,0,0,0,0
1,1,1,0,1,0,0,0,0,0,1,0,0,0,1,1,0,1,0,0,1,0,0,0,0,1,0,0,1,0,1,0,0,1,1,1,1,1,1,1
0,1,1,0,1,0,1,1,0,1,0,1,1,0,1,0,1,0,0,0,1,1,0,0,0,0,1,0,0,0,1,1,0,1,0,0,1,0,0,0
0,1,1,0,1,0,1,1,1,0,1,0,1,0,1,0,1,0,0,0,0,0,0,1,0,0,1,0,0,0,1,1,0,1,0,0,1,1,0,0
0,1,1,0,1,1,0,1,1,0,1,1,0,0,1,1,1,0,0,0,0,0,0,1,0,0,1,0,0,1,1,1,0,1,0,0,1,1,1,0
0,0,0,1,0,1,0,0,1,0,0,0,0,0,0,0,1,0,1,1,0,0,1,1,1,0,1,1,0,1,0,1,1,0,0,0,0,1,0,0
1,1,1,0,1,0,0,1,0,1,1,1,1,0,0,1,0,1,0,0,1,0,0,0,0,0,0,0,1,0,1,0,0,1,1,1,1,1,1,0
1,1,1,0,0,0,0,0,0,1,0,0,1,0,1,0,0,1,0,0,0,0,0,1,0,1,0,0,1,1,1,0,0,1,1,1,1,1,1,0
0,1,1,0,1,1,1,1,1,0,1,1,1,1,0,0,0,0,1,0,0,1,1,1,0,0,1,0,0,0,1,1,0,0,0,0,0,0,0,0
1,0,0,1,0,0,0,0,0,1,0,0,0,0,1,1,0,0,0,1,1,1,0,0,1,1,0,1,1,0,0,0,1,1,1,1,1,0,1,1
0,0,0,1,0,1,1,0,1,0,0,0,0,1,0,0,1,0,0,1,0,1,1,1,1,0,1,1,0,1,0,1,1,0,0,0,0,0,0,0
1,0,0,1,0,1,0,0,1,0,0,0,0,1,0,0,0,1,1,0,0,1,1,0,1,1,1,1,1,1,0,0,1,0,1,1,0,0,0,1
1,0,0,1,1,0,1,1,0,1,1,0,0,0,1,0,0,1,0,0,0,1,0,0,1,1,1,1,0,0,1,1,1,1,0,0,1,0,0,1
1,0,0,1,1,0,1,1,0,0,1,0,0,0,0,0,1,1,1,1,1,0,0,0,1,1,1,1,0,0,1,1,1,0,0,0,1,0,0,1
0,0,0,1,0,1,1,0,1,0,0,0,0,1,0,0,1,0,1,1,0,0,0,1,1,0,1,1,0,1,0,1,1,0,0,0,0,1,0,0
0,1,1,0,0,1,0,0,1,0,0,1,1,1,0,1,1,0,1,0,0,0,1,0,0,0,0,0,0,1,0,0,0,0,1,0,0,1,1,0
1,0,0,1,0,1,1,0,1,0,0,0,0,1,0,0,0,1,1,1,1,1,1,0,0,1,1,1,1,0,0,0,1,0,0,1,0,0,0,1
1,0,0,1,0,0,0,0,0,1,0,0,0,0,0,1,0,1,0,1,1,1,0,0,1,0,0,1,1,1,0,0,1,0,1,1,0,0,1,1
0,0,0,0,1,1,1,1,1,0,1,1,1,1,0,0,1,0,1,1,1,1,1,0,1,0,0,0,0,0,0,1,0,0,0,0,0,0,0,0
1,0,0,1,0,0,1,0,0,0,0,0,0,1,0,0,0,1,1,1,1,1,1,0,1,1,0,0,1,0,0,0,1,0,0,1,0,0,0,1
1,1,1,1,0,0,0,0,0,1,0,0,0,0,1,1,0,1,0,1,0,0,0,0,1,1,0,1,0,1,1,0,1,1,1,1,1,1,1,1
1,0,1,1,0,1,0,0,1,0,0,0,1,1,0,1,0,0,1,1,0,0,1,1,0,1,0,0,1,0,0,0,1,0,1,1,0,1,1,0
0,1,1,0,1,0,1,1,0,1,1,1,1,0,1,1,1,0,0,0,1,1,0,0,0,0,0,0,1,0,0,1,0,1,0,1,1,0,0,1
0,0,0,0,1,1,1,1,1,0,1,1,1,1,0,0,1,0,1,0,1,1,1,0,0,0,1,0,0,0,1,0,0,0,0,0,0,0,0,0
1,0,0,1,0,1,0,0,0,0,0,0,0,1,0,0,0,1,1,1,1,1,1,0,1,1,0,1,1,1,0,0,0,0,1,1,0,0,1,1
1,1,1,0,1,0,0,1,0,1,1,1,1,0,1,1,0,1,0,0,1,0,0,0,0,0,0,0,1,0,1,0,0,0,1,1,1,1,1,1
1,1,1,1,0,1,0,0,0,1,0,0,0,0,1,1,0,1,0,1,0,0,0,1,0,1,0,0,1,1,0,0,1,1,0,1,1,1,1,0
1,1,1,1,0,0,0,0,0,1,0,0,0,0,1,1,0,1,0,1,0,0,0,0,1,1,0,1,1,1,1,0,1,1,1,0,1,1,1,1
1,1,1,0,1,0,1,1,0,1,1,1,1,0,1,1,0,1,0,0,1,1,0,0,0,0,0,0,1,0,1,0,0,1,1,1,0,0,1,1
0,1,1,0,0,1,0,0,0,1,0,1,1,1,1,1,0,0,0,0,0,0,1,1,0,0,0,0,1,1,0,0,0,1,1,1,0,0,1,0
1,1,1,0,0,1,0,0,0,1,0,0,1,0,1,1,0,1,0,0,0,0,0,1,0,1,0,0,1,1,0,0,1,1,1,1,1,1,0,0
1,0,0,1,1,0,1,0,0,1,0,0,0,0,0,0,0,1,0,1,1,1,0,0,1,1,0,1,1,0,1,0,1,1,0,1,1,0,0,0
Time: 2025-10-24 00:34:00, Timestep: 35, Round: 1, Phase: REDISTRIBUTION, Aggregation Server: 21, Redistribution Server: 21, Target Node: 21, Phase Length: 20, Timestep in Phase: 20, Current Connections: 19, Cumulative Connections: 25/25, Connected Sats: [0, 3, 4, 6, 7, 8, 10, 11, 13, 16, 17, 18, 19, 20, 22, 24, 25, 26, 27, 30, 31, 32, 33, 36, 39], Missing Sats: [], Target Sats: [0, 3, 4, 6, 7, 8, 10, 11, 13, 16, 17, 18, 19, 20, 22, 24, 25, 26, 27, 30, 31, 32, 33, 36, 39], Phase Complete: True
0,0,0,1,0,0,0,0,0,1,0,0,0,0,1,1,0,1,0,1,1,1,0,0,1,1,0,1,1,1,0,0,1,1,1,1,1,1,1,1
0,0,1,0,1,0,0,1,0,1,1,1,1,0,1,1,1,0,0,0,0,0,0,1,0,0,0,0,1,0,1,0,0,1,1,1,1,1,1,0
0,1,0,0,1,0,0,1,0,1,1,1,1,0,1,1,0,0,0,0,0,0,0,1,0,0,0,0,1,1,1,0,0,1,1,1,1,1,1,0
1,0,0,0,0,1,0,0,0,1,0,0,0,1,0,0,0,1,0,1,1,1,0,0,1,1,0,1,1,1,0,0,1,0,1,1,0,0,0,1
0,1,1,0,0,0,1,1,0,1,1,1,1,0,1,0,1,0,0,0,1,1,0,0,0,0,1,0,0,0,1,1,0,1,0,0,1,0,0,1
0,0,0,1,0,0,0,0,1,0,0,0,1,1,0,0,1,0,1,1,0,0,1,1,1,1,1,0,0,1,0,1,1,0,0,0,0,1,1,0
0,0,0,0,1,0,0,1,1,0,1,1,0,0,0,0,1,0,1,0,1,1,1,0,1,0,1,1,0,0,1,1,0,0,0,0,1,0,0,1
0,1,1,0,1,0,1,0,0,0,1,1,1,0,1,0,1,0,0,0,1,1,0,0,0,0,1,0,0,0,1,1,0,1,0,0,1,0,0,0
0,0,0,0,0,1,1,0,0,0,1,1,1,1,0,0,1,0,1,1,0,0,1,1,0,0,1,0,0,1,0,1,0,0,0,0,0,0,0,0
1,1,1,1,1,0,0,0,0,0,1,0,0,0,1,1,0,1,0,0,1,0,0,0,0,1,0,0,1,0,1,0,0,1,1,1,1,1,1,1
0,1,1,0,1,0,1,1,1,1,0,1,1,0,1,0,1,0,0,0,1,1,0,1,0,0,1,0,0,0,1,1,0,1,0,0,1,0,0,0
0,1,1,0,1,0,1,1,1,0,1,0,1,0,1,0,1,0,0,0,0,0,0,1,0,0,1,0,0,0,1,1,0,1,0,0,1,1,0,0
0,1,1,0,1,1,0,1,1,0,1,1,0,1,1,1,1,0,0,0,0,0,1,1,0,0,1,0,0,1,1,1,0,0,0,0,1,1,1,0
0,0,0,1,0,1,0,0,1,0,0,0,1,0,0,0,1,0,1,1,0,0,1,1,1,0,1,1,0,1,0,1,1,0,0,0,0,1,0,0
1,1,1,0,1,0,0,1,0,1,1,1,1,0,0,1,0,1,0,0,1,0,0,0,0,0,0,0,1,0,1,0,0,1,1,1,1,1,1,0
1,1,1,0,0,0,0,0,0,1,0,0,1,0,1,0,0,1,0,0,0,0,0,1,0,1,0,0,1,1,1,0,0,1,1,1,1,1,1,0
0,1,0,0,1,1,1,1,1,0,1,1,1,1,0,0,0,0,1,0,0,0,1,1,0,0,1,0,0,0,1,1,0,0,0,0,0,0,0,0
1,0,0,1,0,0,0,0,0,1,0,0,0,0,1,1,0,0,0,1,1,1,0,0,1,1,0,1,1,0,0,0,1,1,1,1,1,0,1,1
0,0,0,0,0,1,1,0,1,0,0,0,0,1,0,0,1,0,0,1,0,0,1,1,1,0,1,1,0,1,0,1,1,0,0,0,0,0,0,0
1,0,0,1,0,1,0,0,1,0,0,0,0,1,0,0,0,1,1,0,0,1,1,0,1,1,1,1,1,1,0,0,1,0,1,0,0,0,0,1
1,0,0,1,1,0,1,1,0,1,1,0,0,0,1,0,0,1,0,0,0,1,0,0,1,1,1,1,0,0,1,1,1,1,0,0,1,0,0,1
1,0,0,1,1,0,1,1,0,0,1,0,0,0,0,0,0,1,0,1,1,0,0,0,1,1,1,1,0,0,1,1,1,1,0,0,1,0,0,1
0,0,0,0,0,1,1,0,1,0,0,0,1,1,0,0,1,0,1,1,0,0,0,1,1,0,1,1,0,1,0,1,1,0,0,0,0,1,0,0
0,1,1,0,0,1,0,0,1,0,1,1,1,1,0,1,1,0,1,0,0,0,1,0,0,0,0,0,0,1,0,0,0,0,1,0,0,1,1,0
1,0,0,1,0,1,1,0,0,0,0,0,0,1,0,0,0,1,1,1,1,1,1,0,0,1,1,1,1,0,0,0,1,0,0,1,0,0,0,1
1,0,0,1,0,1,0,0,0,1,0,0,0,0,0,1,0,1,0,1,1,1,0,0,1,0,0,1,1,1,0,0,1,0,1,1,0,0,1,1
0,0,0,0,1,1,1,1,1,0,1,1,1,1,0,0,1,0,1,1,1,1,1,0,1,0,0,1,0,0,0,1,0,0,0,0,0,0,0,0
1,0,0,1,0,0,1,0,0,0,0,0,0,1,0,0,0,1,1,1,1,1,1,0,1,1,1,0,1,0,0,0,1,0,0,1,0,0,0,1
1,1,1,1,0,0,0,0,0,1,0,0,0,0,1,1,0,1,0,1,0,0,0,0,1,1,0,1,0,1,1,0,1,1,1,1,1,1,1,1
1,0,1,1,0,1,0,0,1,0,0,0,1,1,0,1,0,0,1,1,0,0,1,1,0,1,0,0,1,0,0,0,1,0,1,1,0,1,1,0
0,1,1,0,1,0,1,1,0,1,1,1,1,0,1,1,1,0,0,0,1,1,0,0,0,0,0,0,1,0,0,0,0,1,0,1,1,0,0,1
0,0,0,0,1,1,1,1,1,0,1,1,1,1,0,0,1,0,1,0,1,1,1,0,0,0,1,0,0,0,0,0,0,0,0,0,0,0,0,0
1,0,0,1,0,1,0,0,0,0,0,0,0,1,0,0,0,1,1,1,1,1,1,0,1,1,0,1,1,1,0,0,0,0,1,1,0,0,1,1
1,1,1,0,1,0,0,1,0,1,1,1,0,0,1,1,0,1,0,0,1,1,0,0,0,0,0,0,1,0,1,0,0,0,1,1,1,1,1,1
1,1,1,1,0,0,0,0,0,1,0,0,0,0,1,1,0,1,0,1,0,0,0,1,0,1,0,0,1,1,0,0,1,1,0,1,1,1,1,0
1,1,1,1,0,0,0,0,0,1,0,0,0,0,1,1,0,1,0,0,0,0,0,0,1,1,0,1,1,1,1,0,1,1,1,0,1,1,1,1
1,1,1,0,1,0,1,1,0,1,1,1,1,0,1,1,0,1,0,0,1,1,0,0,0,0,0,0,1,0,1,0,0,1,1,1,0,0,1,0
1,1,1,0,0,1,0,0,0,1,0,1,1,1,1,1,0,0,0,0,0,0,1,1,0,0,0,0,1,1,0,0,0,1,1,1,0,0,1,0
1,1,1,0,0,1,0,0,0,1,0,0,1,0,1,1,0,1,0,0,0,0,0,1,0,1,0,0,1,1,0,0,1,1,1,1,1,1,0,0
1,0,0,1,1,0,1,0,0,1,0,0,0,0,0,0,0,1,0,1,1,1,0,0,1,1,0,1,1,0,1,0,1,1,0,1,0,0,0,0
Time: 2025-10-24 00:35:00, Timestep: 36, Round: 2, Phase: TRANSMITTING, Aggregation Server: 21, Redistribution Server: TBD, Target Node: 21, Phase Length: 20, Timestep in Phase: 1, Current Connections: 20, Cumulative Connections: 20/30, Connected Sats: [0, 3, 4, 6, 7, 10, 14, 17, 19, 20, 24, 25, 26, 27, 30, 31, 32, 33, 36, 39], Missing Sats: [1, 2, 8, 9, 11, 15, 18, 22, 34, 35], Target Sats: [0, 1, 2, 3, 4, 6, 7, 8, 9, 10, 11, 14, 15, 17, 18, 19, 20, 22, 24, 25, 26, 27, 30, 31, 32, 33, 34, 35, 36, 39], Phase Complete: False
0,0,0,1,0,0,0,0,0,1,0,0,0,0,1,1,0,1,0,1,0,1,0,0,1,1,0,1,1,1,0,0,1,1,1,1,1,1,1,1
0,0,1,0,1,0,0,1,0,1,1,1,1,0,1,1,1,0,0,0,1,0,0,1,0,0,0,0,1,0,1,0,0,1,1,1,1,1,1,0
0,1,0,0,1,0,0,1,0,1,1,1,1,0,1,1,0,0,0,0,0,0,0,1,0,0,0,0,1,1,1,0,0,1,1,1,1,1,1,0
1,0,0,0,0,1,0,0,0,1,0,0,0,0,0,0,0,1,0,1,1,1,0,0,1,1,0,1,1,0,0,0,1,0,1,1,0,0,0,1
0,1,1,0,0,0,1,1,0,1,1,1,1,0,1,0,1,0,0,0,1,1,0,0,0,0,1,0,0,0,1,1,0,1,0,0,1,0,0,1
0,0,0,1,0,0,0,0,1,0,0,0,1,1,0,0,1,0,1,1,0,0,1,1,1,1,1,0,0,1,0,1,1,0,0,0,0,1,1,0
0,0,0,0,1,0,0,1,1,0,1,1,0,0,0,0,1,0,1,0,1,1,1,0,1,0,1,1,0,0,1,1,0,0,0,0,1,0,0,1
0,1,1,0,1,0,1,0,0,1,1,1,1,0,1,0,1,0,0,0,1,1,0,0,0,0,1,0,0,0,1,1,0,1,0,0,1,0,0,0
0,0,0,0,0,1,1,0,0,0,1,1,1,1,0,0,1,0,1,1,0,0,1,1,0,0,1,0,0,1,0,1,0,0,0,0,0,0,0,0
1,1,1,1,1,0,0,1,0,0,0,0,0,0,1,1,0,1,0,0,1,0,0,0,0,1,0,0,1,0,1,0,0,1,1,1,1,1,1,1
0,1,1,0,1,0,1,1,1,0,0,1,1,0,1,0,1,0,0,0,1,1,0,1,0,0,1,0,0,0,1,1,0,1,0,0,1,0,0,0
0,1,1,0,1,0,1,1,1,0,1,0,1,0,1,0,1,0,0,0,0,0,0,1,0,0,1,0,0,0,1,1,0,1,0,0,1,1,0,0
0,1,1,0,1,1,0,1,1,0,1,1,0,1,1,1,1,0,1,0,0,0,1,1,0,0,1,0,0,1,0,1,0,0,0,0,1,1,1,0
0,0,0,0,0,1,0,0,1,0,0,0,1,0,0,0,1,0,1,1,0,0,1,1,1,0,1,0,0,1,0,1,1,0,0,0,0,1,0,0
1,1,1,0,1,0,0,1,0,1,1,1,1,0,0,1,0,1,0,0,1,1,0,0,0,0,0,0,1,0,1,0,0,1,1,1,1,1,1,0
1,1,1,0,0,0,0,0,0,1,0,0,1,0,1,0,0,1,0,0,0,0,0,1,0,1,0,0,1,1,1,0,0,1,1,1,1,1,1,0
0,1,0,0,1,1,1,1,1,0,1,1,1,1,0,0,0,0,1,0,0,0,1,1,0,0,1,0,0,0,1,1,0,0,0,0,0,0,0,0
1,0,0,1,0,0,0,0,0,1,0,0,0,0,1,1,0,0,0,1,1,1,0,0,1,1,0,1,1,0,0,0,1,1,1,1,0,0,1,1
0,0,0,0,0,1,1,0,1,0,0,0,1,1,0,0,1,0,0,1,0,0,1,1,1,0,1,1,0,1,0,1,1,0,0,0,0,0,0,0
1,0,0,1,0,1,0,0,1,0,0,0,0,1,0,0,0,1,1,0,0,1,1,0,1,1,1,1,1,1,0,0,1,0,1,0,0,0,0,1
0,1,0,1,1,0,1,1,0,1,1,0,0,0,1,0,0,1,0,0,0,1,0,0,1,1,1,1,0,0,1,1,1,1,0,0,1,0,0,1
1,0,0,1,1,0,1,1,0,0,1,0,0,0,1,0,0,1,0,1,1,0,0,0,1,1,1,1,0,0,1,1,1,1,0,0,1,0,0,1
0,0,0,0,0,1,1,0,1,0,0,0,1,1,0,0,1,0,1,1,0,0,0,1,1,0,1,0,0,1,0,1,1,0,0,0,0,0,0,0
0,1,1,0,0,1,0,0,1,0,1,1,1,1,0,1,1,0,1,0,0,0,1,0,0,0,0,0,0,1,0,0,0,0,1,0,0,1,1,0
1,0,0,1,0,1,1,0,0,0,0,0,0,1,0,0,0,1,1,1,1,1,1,0,0,1,1,1,1,0,0,0,1,0,0,1,0,0,0,1
1,0,0,1,0,1,0,0,0,1,0,0,0,0,0,1,0,1,0,1,1,1,0,0,1,0,0,1,1,1,0,0,1,0,1,1,0,0,1,1
0,0,0,0,1,1,1,1,1,0,1,1,1,1,0,0,1,0,1,1,1,1,1,0,1,0,0,1,0,0,0,1,0,0,0,0,0,0,0,1
1,0,0,1,0,0,1,0,0,0,0,0,0,0,0,0,0,1,1,1,1,1,0,0,1,1,1,0,1,0,0,0,1,0,0,1,0,0,0,1
1,1,1,1,0,0,0,0,0,1,0,0,0,0,1,1,0,1,0,1,0,0,0,0,1,1,0,1,0,1,1,0,1,1,1,1,1,1,1,1
1,0,1,0,0,1,0,0,1,0,0,0,1,1,0,1,0,0,1,1,0,0,1,1,0,1,0,0,1,0,0,0,1,0,1,1,0,1,1,0
0,1,1,0,1,0,1,1,0,1,1,1,0,0,1,1,1,0,0,0,1,1,0,0,0,0,0,0,1,0,0,0,0,1,0,1,1,0,0,1
0,0,0,0,1,1,1,1,1,0,1,1,1,1,0,0,1,0,1,0,1,1,1,0,0,0,1,0,0,0,0,0,0,0,0,0,0,0,0,0
1,0,0,1,0,1,0,0,0,0,0,0,0,1,0,0,0,1,1,1,1,1,1,0,1,1,0,1,1,1,0,0,0,0,1,1,0,0,0,1
1,1,1,0,1,0,0,1,0,1,1,1,0,0,1,1,0,1,0,0,1,1,0,0,0,0,0,0,1,0,1,0,0,0,1,1,1,1,1,1
1,1,1,1,0,0,0,0,0,1,0,0,0,0,1,1,0,1,0,1,0,0,0,1,0,1,0,0,1,1,0,0,1,1,0,1,1,1,1,0
1,1,1,1,0,0,0,0,0,1,0,0,0,0,1,1,0,1,0,0,0,0,0,0,1,1,0,1,1,1,1,0,1,1,1,0,1,1,1,1
1,1,1,0,1,0,1,1,0,1,1,1,1,0,1,1,0,0,0,0,1,1,0,0,0,0,0,0,1,0,1,0,0,1,1,1,0,0,1,0
1,1,1,0,0,1,0,0,0,1,0,1,1,1,1,1,0,0,0,0,0,0,0,1,0,0,0,0,1,1,0,0,0,1,1,1,0,0,1,0
1,1,1,0,0,1,0,0,0,1,0,0,1,0,1,1,0,1,0,0,0,0,0,1,0,1,0,0,1,1,0,0,0,1,1,1,1,1,0,0
1,0,0,1,1,0,1,0,0,1,0,0,0,0,0,0,0,1,0,1,1,1,0,0,1,1,1,1,1,0,1,0,1,1,0,1,0,0,0,0
Time: 2025-10-24 00:36:00, Timestep: 37, Round: 2, Phase: TRANSMITTING, Aggregation Server: 21, Redistribution Server: TBD, Target Node: 21, Phase Length: 20, Timestep in Phase: 2, Current Connections: 21, Cumulative Connections: 22/30, Connected Sats: [0, 3, 4, 6, 7, 9, 10, 14, 17, 19, 20, 24, 25, 26, 27, 30, 31, 32, 33, 35, 36, 39], Missing Sats: [1, 2, 8, 11, 15, 18, 22, 34], Target Sats: [0, 1, 2, 3, 4, 6, 7, 8, 9, 10, 11, 14, 15, 17, 18, 19, 20, 22, 24, 25, 26, 27, 30, 31, 32, 33, 34, 35, 36, 39], Phase Complete: False
0,0,0,1,0,0,0,0,0,1,0,0,0,0,1,1,0,1,0,1,0,1,0,0,1,1,0,1,1,1,0,0,1,1,1,1,0,1,1,1
0,0,1,0,1,0,0,1,0,1,1,1,1,0,1,1,0,0,0,0,1,0,0,1,0,0,0,0,1,0,1,0,0,1,1,1,1,1,1,0
0,1,0,0,1,0,0,1,0,1,1,1,1,0,1,1,0,0,0,0,0,0,0,1,0,0,0,0,1,1,1,0,0,1,1,1,1,1,1,0
1,0,0,0,0,1,0,0,0,1,0,0,0,0,0,0,0,1,0,1,1,1,0,0,1,1,0,1,1,0,0,0,1,0,1,1,0,0,0,1
0,1,1,0,0,0,1,1,0,1,1,1,1,0,1,0,1,0,0,0,1,1,0,0,0,0,1,0,0,0,1,1,0,1,0,0,1,0,0,1
0,0,0,1,0,0,0,0,1,0,0,0,1,1,0,0,1,0,1,1,0,0,1,1,1,1,1,0,0,1,0,1,1,0,0,0,0,1,1,0
0,0,0,0,1,0,0,1,1,0,1,1,0,0,0,0,1,0,1,0,1,1,1,0,1,0,1,1,0,0,1,1,0,0,0,0,1,0,0,1
0,1,1,0,1,0,1,0,0,1,1,1,1,0,1,0,1,0,0,0,1,1,0,0,0,0,1,0,0,0,1,1,0,1,0,0,1,0,0,1
0,0,0,0,0,1,1,0,0,0,1,1,1,1,0,0,1,0,1,1,0,0,1,1,0,0,1,0,0,1,0,1,0,0,0,0,0,0,0,0
1,1,1,1,1,0,0,1,0,0,0,0,0,0,1,1,0,1,0,0,1,1,0,0,0,1,0,1,1,0,1,0,1,1,1,1,1,1,1,1
0,1,1,0,1,0,1,1,1,0,0,1,1,0,1,0,1,0,0,0,1,1,0,1,0,0,1,0,0,0,1,1,0,1,0,0,1,0,0,0
0,1,1,0,1,0,1,1,1,0,1,0,1,0,1,0,1,0,0,0,0,0,0,1,0,0,1,0,0,0,1,1,0,1,0,0,1,1,0,0
0,1,1,0,1,1,0,1,1,0,1,1,0,1,1,1,1,0,1,0,0,0,1,1,0,0,0,0,0,1,0,1,0,0,0,0,1,1,1,0
0,0,0,0,0,1,0,0,1,0,0,0,1,0,0,0,1,0,1,1,0,0,1,1,1,0,1,0,0,1,0,1,1,0,0,0,0,1,0,0
1,1,1,0,1,0,0,1,0,1,1,1,1,0,0,1,0,1,0,0,1,1,0,0,0,0,0,0,1,0,1,0,0,1,1,1,1,1,1,0
1,1,1,0,0,0,0,0,0,1,0,0,1,0,1,0,0,1,0,0,0,0,0,1,0,1,0,0,1,1,1,0,0,1,1,1,1,1,1,0
0,0,0,0,1,1,1,1,1,0,1,1,1,1,0,0,0,0,1,0,0,0,1,1,0,0,1,0,0,0,0,1,0,0,0,0,0,0,0,0
1,0,0,1,0,0,0,0,0,1,0,0,0,0,1,1,0,0,0,1,1,1,0,0,1,1,0,1,1,0,0,0,1,1,1,1,0,0,0,1
0,0,0,0,0,1,1,0,1,0,0,0,1,1,0,0,1,0,0,1,0,0,1,1,1,0,1,0,0,1,0,1,0,0,0,0,0,0,0,0
1,0,0,1,0,1,0,0,1,0,0,0,0,1,0,0,0,1,1,0,0,0,1,0,1,1,1,1,1,1,0,0,1,0,1,0,0,0,0,1
0,1,0,1,1,0,1,1,0,1,1,0,0,0,1,0,0,1,0,0,0,1,0,0,1,1,1,1,0,0,1,1,1,1,0,0,1,0,0,1
1,0,0,1,1,0,1,1,0,1,1,0,0,0,1,0,0,1,0,0,1,0,0,0,1,1,1,1,0,0,1,1,1,1,0,1,1,0,0,1
0,0,0,0,0,1,1,0,1,0,0,0,1,1,0,0,1,0,1,1,0,0,0,1,1,0,1,0,0,1,0,1,1,0,0,0,0,0,0,0
0,1,1,0,0,1,0,0,1,0,1,1,1,1,0,1,1,0,1,0,0,0,1,0,0,0,0,0,0,1,0,0,0,0,1,0,0,1,1,0
1,0,0,1,0,1,1,0,0,0,0,0,0,1,0,0,0,1,1,1,1,1,1,0,0,1,1,1,1,0,0,0,1,0,0,1,0,0,0,1
1,0,0,1,0,1,0,0,0,1,0,0,0,0,0,1,0,1,0,1,1,1,0,0,1,0,0,1,1,1,0,0,1,0,1,1,0,0,1,1
0,0,0,0,1,1,1,1,1,0,1,1,0,1,0,0,1,0,1,1,1,1,1,0,1,0,0,1,0,0,0,1,0,0,0,0,0,0,0,1
1,0,0,1,0,0,1,0,0,1,0,0,0,0,0,0,0,1,0,1,1,1,0,0,1,1,1,0,1,0,0,0,1,0,1,1,0,0,0,1
1,1,1,1,0,0,0,0,0,1,0,0,0,0,1,1,0,1,0,1,0,0,0,0,1,1,0,1,0,1,1,0,1,1,1,1,1,1,1,1
1,0,1,0,0,1,0,0,1,0,0,0,1,1,0,1,0,0,1,1,0,0,1,1,0,1,0,0,1,0,0,0,1,0,1,1,0,1,1,0
0,1,1,0,1,0,1,1,0,1,1,1,0,0,1,1,0,0,0,0,1,1,0,0,0,0,0,0,1,0,0,0,0,1,0,1,1,0,0,1
0,0,0,0,1,1,1,1,1,0,1,1,1,1,0,0,1,0,1,0,1,1,1,0,0,0,1,0,0,0,0,0,0,0,0,0,0,0,0,0
1,0,0,1,0,1,0,0,0,1,0,0,0,1,0,0,0,1,0,1,1,1,1,0,1,1,0,1,1,1,0,0,0,0,1,1,0,0,0,1
1,1,1,0,1,0,0,1,0,1,1,1,0,0,1,1,0,1,0,0,1,1,0,0,0,0,0,0,1,0,1,0,0,0,1,1,1,1,1,1
1,1,1,1,0,0,0,0,0,1,0,0,0,0,1,1,0,1,0,1,0,0,0,1,0,1,0,1,1,1,0,0,1,1,0,1,1,1,1,0
1,1,1,1,0,0,0,0,0,1,0,0,0,0,1,1,0,1,0,0,0,1,0,0,1,1,0,1,1,1,1,0,1,1,1,0,1,1,1,1
0,1,1,0,1,0,1,1,0,1,1,1,1,0,1,1,0,0,0,0,1,1,0,0,0,0,0,0,1,0,1,0,0,1,1,1,0,1,1,0
1,1,1,0,0,1,0,0,0,1,0,1,1,1,1,1,0,0,0,0,0,0,0,1,0,0,0,0,1,1,0,0,0,1,1,1,1,0,1,0
1,1,1,0,0,1,0,0,0,1,0,0,1,0,1,1,0,0,0,0,0,0,0,1,0,1,0,0,1,1,0,0,0,1,1,1,1,1,0,0
1,0,0,1,1,0,1,1,0,1,0,0,0,0,0,0,0,1,0,1,1,1,0,0,1,1,1,1,1,0,1,0,1,1,0,1,0,0,0,0
Time: 2025-10-24 00:37:00, Timestep: 38, Round: 2, Phase: TRANSMITTING, Aggregation Server: 21, Redistribution Server: TBD, Target Node: 21, Phase Length: 20, Timestep in Phase: 3, Current Connections: 21, Cumulative Connections: 23/30, Connected Sats: [0, 1, 3, 4, 6, 7, 9, 10, 14, 17, 19, 20, 24, 25, 26, 27, 30, 31, 32, 33, 35, 36, 39], Missing Sats: [2, 8, 11, 15, 18, 22, 34], Target Sats: [0, 1, 2, 3, 4, 6, 7, 8, 9, 10, 11, 14, 15, 17, 18, 19, 20, 22, 24, 25, 26, 27, 30, 31, 32, 33, 34, 35, 36, 39], Phase Complete: False
0,0,0,1,0,0,0,0,0,1,0,0,0,0,1,1,0,1,0,1,0,0,0,0,1,1,0,1,1,1,0,0,1,1,1,1,0,1,1,1
0,0,1,0,1,0,0,1,0,1,1,1,1,0,1,1,0,0,0,0,1,1,0,1,0,0,0,0,1,0,1,0,0,1,1,1,1,1,1,0
0,1,0,0,1,0,0,1,0,1,1,1,1,0,1,1,0,0,0,0,0,0,0,1,0,0,0,0,1,1,1,0,0,1,1,1,1,1,1,0
1,0,0,0,0,0,0,0,0,1,0,0,0,0,0,0,0,1,0,1,1,1,0,0,1,1,0,1,1,0,0,0,1,1,1,1,0,0,0,1
0,1,1,0,0,0,1,1,0,1,1,1,1,0,1,0,1,0,0,0,1,1,0,0,0,0,1,0,0,0,1,1,0,1,0,0,1,0,0,1
0,0,0,0,0,0,0,0,1,0,0,0,1,1,0,0,1,0,1,1,0,0,1,1,1,1,1,0,0,1,0,1,1,0,0,0,0,1,1,0
0,0,0,0,1,0,0,1,1,0,1,1,0,0,0,0,1,0,1,0,1,1,0,0,1,0,1,1,0,0,1,1,0,0,0,0,1,0,0,1
0,1,1,0,1,0,1,0,0,1,1,1,1,0,1,0,1,0,0,0,1,1,0,0,0,0,1,0,0,0,1,1,0,1,0,0,1,0,0,1
0,0,0,0,0,1,1,0,0,0,1,1,1,1,0,0,1,0,1,1,0,0,1,1,0,0,1,0,0,1,0,1,0,0,0,0,0,0,0,0
1,1,1,1,1,0,0,1,0,0,0,0,0,0,1,1,0,1,0,0,1,1,0,0,0,1,0,1,1,0,1,0,1,1,1,1,1,1,1,1
0,1,1,0,1,0,1,1,1,0,0,1,1,0,1,0,1,0,0,0,1,1,0,1,0,0,1,0,0,0,1,1,0,1,0,0,1,0,0,0
0,1,1,0,1,0,1,1,1,0,1,0,1,0,1,0,1,0,0,0,1,0,0,1,0,0,1,0,0,0,1,1,0,1,0,0,1,0,0,0
0,1,1,0,1,1,0,1,1,0,1,1,0,1,0,1,1,0,1,0,0,0,1,1,0,0,0,0,0,1,0,1,0,0,0,0,1,1,1,0
0,0,0,0,0,1,0,0,1,0,0,0,1,0,0,0,1,0,1,1,0,0,1,1,1,0,1,0,0,1,0,1,1,0,0,0,0,0,0,0
1,1,1,0,1,0,0,1,0,1,1,1,0,0,0,1,0,1,0,0,1,1,0,0,0,0,0,0,1,0,1,0,0,1,1,1,1,1,1,0
1,1,1,0,0,0,0,0,0,1,0,0,1,0,1,0,0,1,0,0,0,0,0,1,0,1,0,0,1,1,1,0,0,1,1,1,1,1,1,0
0,0,0,0,1,1,1,1,1,0,1,1,1,1,0,0,0,0,1,0,0,0,1,1,0,0,1,0,0,0,0,1,0,0,0,0,0,0,0,0
1,0,0,1,0,0,0,0,0,1,0,0,0,0,1,1,0,0,0,1,1,1,0,0,1,1,0,1,1,0,0,0,1,1,1,1,0,0,0,1
0,0,0,0,0,1,1,0,1,0,0,0,1,1,0,0,1,0,0,1,0,0,1,1,1,0,1,0,0,1,0,1,0,0,0,0,0,0,0,0
1,0,0,1,0,1,0,0,1,0,0,0,0,1,0,0,0,1,1,0,0,0,1,0,1,1,1,1,1,1,0,0,1,0,1,0,0,0,0,1
0,1,0,1,1,0,1,1,0,1,1,1,0,0,1,0,0,1,0,0,0,1,0,0,1,0,1,1,0,0,1,1,1,1,0,0,1,0,0,1
0,1,0,1,1,0,1,1,0,1,1,0,0,0,1,0,0,1,0,0,1,0,0,0,1,1,1,1,0,0,1,1,1,1,0,1,1,0,0,1
0,0,0,0,0,1,0,0,1,0,0,0,1,1,0,0,1,0,1,1,0,0,0,1,1,0,1,0,0,1,0,1,0,0,0,0,0,0,0,0
0,1,1,0,0,1,0,0,1,0,1,1,1,1,0,1,1,0,1,0,0,0,1,0,0,0,0,0,1,1,0,0,0,0,1,0,0,1,1,0
1,0,0,1,0,1,1,0,0,0,0,0,0,1,0,0,0,1,1,1,1,1,1,0,0,1,1,1,1,0,0,0,1,0,0,1,0,0,0,1
1,0,0,1,0,1,0,0,0,1,0,0,0,0,0,1,0,1,0,1,0,1,0,0,1,0,0,1,1,1,0,0,1,0,1,1,0,0,1,1
0,0,0,0,1,1,1,1,1,0,1,1,0,1,0,0,1,0,1,1,1,1,1,0,1,0,0,1,0,0,0,1,0,0,0,0,0,0,0,1
1,0,0,1,0,0,1,0,0,1,0,0,0,0,0,0,0,1,0,1,1,1,0,0,1,1,1,0,1,0,0,0,1,0,1,1,0,0,0,1
1,1,1,1,0,0,0,0,0,1,0,0,0,0,1,1,0,1,0,1,0,0,0,1,1,1,0,1,0,1,1,0,1,1,1,1,1,1,1,1
1,0,1,0,0,1,0,0,1,0,0,0,1,1,0,1,0,0,1,1,0,0,1,1,0,1,0,0,1,0,0,0,1,0,1,0,0,1,1,0
0,1,1,0,1,0,1,1,0,1,1,1,0,0,1,1,0,0,0,0,1,1,0,0,0,0,0,0,1,0,0,0,0,1,0,1,1,0,0,1
0,0,0,0,1,1,1,1,1,0,1,1,1,1,0,0,1,0,1,0,1,1,1,0,0,0,1,0,0,0,0,0,0,0,0,0,0,0,0,0
1,0,0,1,0,1,0,0,0,1,0,0,0,1,0,0,0,1,0,1,1,1,0,0,1,1,0,1,1,1,0,0,0,0,1,1,0,0,0,1
1,1,1,1,1,0,0,1,0,1,1,1,0,0,1,1,0,1,0,0,1,1,0,0,0,0,0,0,1,0,1,0,0,0,1,1,1,1,1,1
1,1,1,1,0,0,0,0,0,1,0,0,0,0,1,1,0,1,0,1,0,0,0,1,0,1,0,1,1,1,0,0,1,1,0,1,1,1,1,0
1,1,1,1,0,0,0,0,0,1,0,0,0,0,1,1,0,1,0,0,0,1,0,0,1,1,0,1,1,0,1,0,1,1,1,0,1,1,1,1
0,1,1,0,1,0,1,1,0,1,1,1,1,0,1,1,0,0,0,0,1,1,0,0,0,0,0,0,1,0,1,0,0,1,1,1,0,1,1,0
1,1,1,0,0,1,0,0,0,1,0,0,1,0,1,1,0,0,0,0,0,0,0,1,0,0,0,0,1,1,0,0,0,1,1,1,1,0,1,0
1,1,1,0,0,1,0,0,0,1,0,0,1,0,1,1,0,0,0,0,0,0,0,1,0,1,0,0,1,1,0,0,0,1,1,1,1,1,0,0
1,0,0,1,1,0,1,1,0,1,0,0,0,0,0,0,0,1,0,1,1,1,0,0,1,1,1,1,1,0,1,0,1,1,0,1,0,0,0,0
Time: 2025-10-24 00:38:00, Timestep: 39, Round: 2, Phase: TRANSMITTING, Aggregation Server: 21, Redistribution Server: TBD, Target Node: 21, Phase Length: 20, Timestep in Phase: 4, Current Connections: 20, Cumulative Connections: 23/30, Connected Sats: [0, 1, 3, 4, 6, 7, 9, 10, 14, 17, 19, 20, 24, 25, 26, 27, 30, 31, 32, 33, 35, 36, 39], Missing Sats: [2, 8, 11, 15, 18, 22, 34], Target Sats: [0, 1, 2, 3, 4, 6, 7, 8, 9, 10, 11, 14, 15, 17, 18, 19, 20, 22, 24, 25, 26, 27, 30, 31, 32, 33, 34, 35, 36, 39], Phase Complete: False
0,0,0,1,0,0,0,0,0,1,0,0,0,0,1,1,0,1,0,1,0,0,0,0,1,1,0,1,1,1,0,0,1,1,1,1,0,1,1,1
0,0,1,0,1,0,0,1,0,1,1,1,1,0,1,1,0,0,0,0,1,1,0,0,0,0,0,0,1,0,1,0,0,1,1,1,1,1,1,0
0,1,0,0,1,0,0,1,0,1,1,1,1,0,1,1,0,0,0,0,0,0,0,1,0,0,0,0,1,0,1,0,0,1,1,1,1,1,1,0
1,0,0,0,0,0,0,0,0,1,0,0,0,0,0,1,0,1,0,1,1,1,0,0,1,1,0,1,1,0,0,0,1,1,1,1,0,0,0,1
0,1,1,0,0,0,1,1,1,0,1,1,1,0,1,0,1,0,0,0,1,1,0,0,0,0,1,0,0,0,1,1,0,1,0,0,1,0,0,1
0,0,0,0,0,0,0,0,1,0,0,0,1,1,0,0,1,0,1,1,0,0,1,1,1,1,1,0,0,1,0,1,1,0,0,0,0,1,1,0
0,0,0,0,1,0,0,1,1,0,1,1,0,0,0,0,1,0,1,0,1,1,0,0,1,0,1,1,0,0,1,1,0,0,0,0,1,0,0,1
0,1,1,0,1,0,1,0,0,1,1,1,0,0,1,0,1,0,0,0,1,1,0,0,0,0,1,0,0,0,1,1,0,1,0,0,1,0,0,1
0,0,0,0,1,1,1,0,0,0,1,1,1,1,0,0,1,0,1,1,0,0,1,1,0,0,1,0,0,1,0,1,0,0,0,0,0,0,0,0
1,1,1,1,0,0,0,1,0,0,0,0,0,0,1,1,0,1,0,0,1,1,0,0,1,1,0,1,1,0,1,0,1,1,1,1,1,1,1,1
0,1,1,0,1,0,1,1,1,0,0,1,1,0,1,0,1,0,1,0,1,1,0,1,0,0,1,0,0,0,1,1,0,1,0,0,1,0,0,0
0,1,1,0,1,0,1,1,1,0,1,0,1,0,1,0,1,0,0,0,1,0,0,1,0,0,1,0,0,0,1,1,0,1,0,0,1,0,0,0
0,1,1,0,1,1,0,0,1,0,1,1,0,1,0,1,1,0,1,0,0,0,1,1,0,0,0,0,0,1,0,1,0,0,0,0,1,1,1,0
0,0,0,0,0,1,0,0,1,0,0,0,1,0,0,0,1,0,1,1,0,0,1,1,0,0,1,0,0,1,0,1,0,0,0,0,0,0,0,0
1,1,1,0,1,0,0,1,0,1,1,1,0,0,0,1,0,1,0,0,1,1,0,0,0,0,0,0,1,0,1,0,0,1,1,1,1,1,1,1
1,1,1,1,0,0,0,0,0,1,0,0,1,0,1,0,0,1,0,0,0,0,0,1,0,1,0,0,1,1,1,0,1,1,1,1,1,1,1,0
0,0,0,0,1,1,1,1,1,0,1,1,1,1,0,0,0,0,1,0,0,0,1,1,0,0,1,0,0,0,0,1,0,0,0,0,0,0,0,0
1,0,0,1,0,0,0,0,0,1,0,0,0,0,1,1,0,0,0,1,1,1,0,0,1,1,0,1,1,0,0,0,1,1,1,1,0,0,0,1
0,0,0,0,0,1,1,0,1,0,1,0,1,1,0,0,1,0,0,1,0,0,1,1,0,0,1,0,0,1,0,1,0,0,0,0,0,0,0,0
1,0,0,1,0,1,0,0,1,0,0,0,0,1,0,0,0,1,1,0,0,0,1,0,1,1,1,1,1,1,0,0,1,0,1,0,0,0,0,1
0,1,0,1,1,0,1,1,0,1,1,1,0,0,1,0,0,1,0,0,0,1,0,0,1,0,1,1,0,0,1,1,1,1,0,0,1,0,0,1
0,1,0,1,1,0,1,1,0,1,1,0,0,0,1,0,0,1,0,0,1,0,0,0,1,1,1,1,0,0,1,0,1,1,0,1,1,0,0,1
0,0,0,0,0,1,0,0,1,0,0,0,1,1,0,0,1,0,1,1,0,0,0,1,0,0,1,0,0,1,0,1,0,0,0,0,0,0,0,0
0,0,1,0,0,1,0,0,1,0,1,1,1,1,0,1,1,0,1,0,0,0,1,0,0,0,0,0,1,1,0,0,0,0,1,0,0,1,1,0
1,0,0,1,0,1,1,0,0,1,0,0,0,0,0,0,0,1,0,1,1,1,0,0,0,1,1,1,1,0,0,0,1,0,0,1,0,0,0,1
1,0,0,1,0,1,0,0,0,1,0,0,0,0,0,1,0,1,0,1,0,1,0,0,1,0,0,1,1,1,0,0,1,0,1,1,0,0,1,1
0,0,0,0,1,1,1,1,1,0,1,1,0,1,0,0,1,0,1,1,1,1,1,0,1,0,0,1,0,0,0,1,0,0,0,0,0,0,0,1
1,0,0,1,0,0,1,0,0,1,0,0,0,0,0,0,0,1,0,1,1,1,0,0,1,1,1,0,1,0,1,0,1,1,1,1,0,0,0,1
1,1,1,1,0,0,0,0,0,1,0,0,0,0,1,1,0,1,0,1,0,0,0,1,1,1,0,1,0,1,1,0,1,1,1,1,1,1,1,1
1,0,0,0,0,1,0,0,1,0,0,0,1,1,0,1,0,0,1,1,0,0,1,1,0,1,0,0,1,0,0,0,0,0,1,0,0,1,1,0
0,1,1,0,1,0,1,1,0,1,1,1,0,0,1,1,0,0,0,0,1,1,0,0,0,0,0,1,1,0,0,0,0,1,1,1,1,0,0,1
0,0,0,0,1,1,1,1,1,0,1,1,1,1,0,0,1,0,1,0,1,0,1,0,0,0,1,0,0,0,0,0,0,0,0,0,0,0,0,0
1,0,0,1,0,1,0,0,0,1,0,0,0,0,0,1,0,1,0,1,1,1,0,0,1,1,0,1,1,0,0,0,0,0,1,1,0,0,0,1
1,1,1,1,1,0,0,1,0,1,1,1,0,0,1,1,0,1,0,0,1,1,0,0,0,0,0,1,1,0,1,0,0,0,1,1,1,1,1,1
1,1,1,1,0,0,0,0,0,1,0,0,0,0,1,1,0,1,0,1,0,0,0,1,0,1,0,1,1,1,1,0,1,1,0,1,1,1,1,0
1,1,1,1,0,0,0,0,0,1,0,0,0,0,1,1,0,1,0,0,0,1,0,0,1,1,0,1,1,0,1,0,1,1,1,0,1,1,1,1
0,1,1,0,1,0,1,1,0,1,1,1,1,0,1,1,0,0,0,0,1,1,0,0,0,0,0,0,1,0,1,0,0,1,1,1,0,1,1,0
1,1,1,0,0,1,0,0,0,1,0,0,1,0,1,1,0,0,0,0,0,0,0,1,0,0,0,0,1,1,0,0,0,1,1,1,1,0,1,0
1,1,1,0,0,1,0,0,0,1,0,0,1,0,1,1,0,0,0,0,0,0,0,1,0,1,0,0,1,1,0,0,0,1,1,1,1,1,0,0
1,0,0,1,1,0,1,1,0,1,0,0,0,0,1,0,0,1,0,1,1,1,0,0,1,1,1,1,1,0,1,0,1,1,0,1,0,0,0,0
Time: 2025-10-24 00:39:00, Timestep: 40, Round: 2, Phase: TRANSMITTING, Aggregation Server: 21, Redistribution Server: TBD, Target Node: 21, Phase Length: 20, Timestep in Phase: 5, Current Connections: 20, Cumulative Connections: 23/30, Connected Sats: [0, 1, 3, 4, 6, 7, 9, 10, 14, 17, 19, 20, 24, 25, 26, 27, 30, 31, 32, 33, 35, 36, 39], Missing Sats: [2, 8, 11, 15, 18, 22, 34], Target Sats: [0, 1, 2, 3, 4, 6, 7, 8, 9, 10, 11, 14, 15, 17, 18, 19, 20, 22, 24, 25, 26, 27, 30, 31, 32, 33, 34, 35, 36, 39], Phase Complete: False
0,0,0,1,0,0,0,0,0,1,0,0,0,0,1,1,0,1,0,1,0,0,0,0,1,1,0,1,1,1,0,0,1,1,1,1,0,1,1,1
0,0,1,0,1,0,1,1,0,1,1,1,1,0,1,1,0,0,0,0,1,1,0,0,0,0,0,0,1,0,1,0,0,1,1,1,1,1,1,0
0,1,0,0,1,0,0,1,0,1,1,1,1,0,1,1,0,0,0,0,0,0,0,1,0,0,0,0,1,0,1,0,0,1,1,1,1,1,1,0
1,0,0,0,0,0,1,0,0,1,0,0,0,0,1,1,0,1,0,1,1,1,0,0,1,1,0,1,1,0,1,0,1,1,1,1,0,0,0,1
0,1,1,0,0,0,1,1,1,0,1,1,1,0,1,0,1,0,0,0,1,1,0,0,0,0,1,0,0,0,1,1,0,1,0,0,1,0,0,1
0,0,0,0,0,0,0,0,1,0,0,0,1,1,0,0,1,1,1,1,0,0,1,1,1,1,1,0,0,1,0,1,1,0,0,0,0,0,1,0
0,1,0,1,1,0,0,1,1,0,1,1,0,0,0,0,1,0,1,0,1,1,0,0,1,0,1,1,0,0,1,1,0,0,0,0,1,0,0,1
0,1,1,0,1,0,1,0,0,1,1,1,0,0,1,0,1,0,0,0,1,1,0,0,0,0,1,0,0,0,1,1,0,1,0,0,1,0,0,1
0,0,0,0,1,1,1,0,0,0,1,1,1,1,0,0,1,0,1,1,0,0,1,1,0,0,1,0,0,1,0,1,0,0,0,0,0,0,0,0
1,1,1,1,0,0,0,1,0,0,0,0,0,0,1,1,0,1,0,0,1,1,0,0,1,1,0,1,1,0,1,0,1,1,1,1,1,1,1,1
0,1,1,0,1,0,1,1,1,0,0,1,1,0,1,0,1,0,1,0,1,1,0,1,0,0,1,0,0,0,1,1,0,0,0,0,1,0,0,0
0,1,1,0,1,0,1,1,1,0,1,0,1,0,1,0,1,0,0,0,1,0,0,1,0,0,1,0,0,0,1,1,0,1,0,0,1,0,0,0
0,1,1,0,1,1,0,0,1,0,1,1,0,1,0,1,1,0,1,0,0,0,1,1,0,0,0,0,0,1,0,1,0,0,0,0,1,1,1,0
0,0,0,0,0,1,0,0,1,0,0,0,1,0,0,0,1,0,1,1,0,0,1,1,0,1,1,0,0,1,0,1,0,0,0,0,0,0,0,0
1,1,1,1,1,0,0,1,0,1,1,1,0,0,0,1,0,1,0,0,1,1,0,0,0,0,0,0,1,0,1,0,0,1,1,1,1,1,1,1
1,1,1,1,0,0,0,0,0,1,0,0,1,0,1,0,0,1,0,0,0,0,0,1,0,1,0,0,1,1,1,0,1,1,1,1,1,1,1,0
0,0,0,0,1,1,1,1,1,0,1,1,1,1,0,0,0,0,1,0,0,0,1,1,0,0,1,0,0,0,0,1,0,0,0,0,0,0,0,0
1,0,0,1,0,1,0,0,0,1,0,0,0,0,1,1,0,0,0,1,1,1,0,0,1,1,0,1,1,0,0,0,1,1,1,1,0,0,0,1
0,0,0,0,0,1,1,0,1,0,1,0,1,1,0,0,1,0,0,1,0,0,1,1,0,0,1,0,0,1,0,1,0,0,0,0,0,0,0,0
1,0,0,1,0,1,0,0,1,0,0,0,0,1,0,0,0,1,1,0,0,0,1,1,1,1,1,1,1,1,0,0,1,0,0,0,0,0,0,1
0,1,0,1,1,0,1,1,0,1,1,1,0,0,1,0,0,1,0,0,0,1,0,0,1,0,1,1,0,0,1,1,1,1,0,0,1,0,0,1
0,1,0,1,1,0,1,1,0,1,1,0,0,0,1,0,0,1,0,0,1,0,0,0,1,1,1,1,0,0,1,0,1,1,0,1,1,0,0,1
0,0,0,0,0,1,0,0,1,0,0,0,1,1,0,0,1,0,1,1,0,0,0,1,0,0,1,0,0,1,0,1,0,0,0,0,0,0,0,0
0,0,1,0,0,1,0,0,1,0,1,1,1,1,0,1,1,0,1,1,0,0,1,0,0,0,0,0,1,1,0,0,0,0,1,0,0,1,1,0
1,0,0,1,0,1,1,0,0,1,0,0,0,0,0,0,0,1,0,1,1,1,0,0,0,1,1,1,1,0,0,0,1,0,1,1,0,0,0,1
1,0,0,1,0,1,0,0,0,1,0,0,0,1,0,1,0,1,0,1,0,1,0,0,1,0,0,1,1,1,0,0,1,0,1,1,0,1,1,1
0,0,0,0,1,1,1,1,1,0,1,1,0,1,0,0,1,0,1,1,1,1,1,0,1,0,0,1,0,0,0,1,0,0,0,0,0,0,0,1
1,0,0,1,0,0,1,0,0,1,0,0,0,0,0,0,0,1,0,1,1,1,0,0,1,1,1,0,1,0,1,0,1,1,1,1,0,0,0,1
1,1,1,1,0,0,0,0,0,1,0,0,0,0,1,1,0,1,0,1,0,0,0,1,1,1,0,1,0,1,1,0,1,1,1,1,1,1,1,0
1,0,0,0,0,1,0,0,1,0,0,0,1,1,0,1,0,0,1,1,0,0,1,1,0,1,0,0,1,0,0,0,0,0,1,0,0,1,1,0
0,1,1,1,1,0,1,1,0,1,1,1,0,0,1,1,0,0,0,0,1,1,0,0,0,0,0,1,1,0,0,0,0,1,1,1,1,0,0,1
0,0,0,0,1,1,1,1,1,0,1,1,1,1,0,0,1,0,1,0,1,0,1,0,0,0,1,0,0,0,0,0,0,0,0,0,0,0,0,0
1,0,0,1,0,1,0,0,0,1,0,0,0,0,0,1,0,1,0,1,1,1,0,0,1,1,0,1,1,0,0,0,0,1,1,1,0,0,0,1
1,1,1,1,1,0,0,1,0,1,0,1,0,0,1,1,0,1,0,0,1,1,0,0,0,0,0,1,1,0,1,0,1,0,1,1,1,1,1,1
1,1,1,1,0,0,0,0,0,1,0,0,0,0,1,1,0,1,0,0,0,0,0,1,1,1,0,1,1,1,1,0,1,1,0,1,1,1,1,0
1,1,1,1,0,0,0,0,0,1,0,0,0,0,1,1,0,1,0,0,0,1,0,0,1,1,0,1,1,0,1,0,1,1,1,0,1,1,1,1
0,1,1,0,1,0,1,1,0,1,1,1,1,0,1,1,0,0,0,0,1,1,0,0,0,0,0,0,1,0,1,0,0,1,1,1,0,1,1,0
1,1,1,0,0,0,0,0,0,1,0,0,1,0,1,1,0,0,0,0,0,0,0,1,0,1,0,0,1,1,0,0,0,1,1,1,1,0,1,0
1,1,1,0,0,1,0,0,0,1,0,0,1,0,1,1,0,0,0,0,0,0,0,1,0,1,0,0,1,1,0,0,0,1,1,1,1,1,0,0
1,0,0,1,1,0,1,1,0,1,0,0,0,0,1,0,0,1,0,1,1,1,0,0,1,1,1,1,0,0,1,0,1,1,0,1,0,0,0,0
Time: 2025-10-24 00:40:00, Timestep: 41, Round: 2, Phase: TRANSMITTING, Aggregation Server: 21, Redistribution Server: TBD, Target Node: 21, Phase Length: 20, Timestep in Phase: 6, Current Connections: 20, Cumulative Connections: 24/30, Connected Sats: [0, 1, 3, 4, 6, 7, 9, 10, 11, 14, 17, 19, 20, 24, 25, 26, 27, 30, 31, 32, 33, 35, 36, 39], Missing Sats: [2, 8, 15, 18, 22, 34], Target Sats: [0, 1, 2, 3, 4, 6, 7, 8, 9, 10, 11, 14, 15, 17, 18, 19, 20, 22, 24, 25, 26, 27, 30, 31, 32, 33, 34, 35, 36, 39], Phase Complete: False
0,0,0,1,0,1,0,0,0,1,0,0,0,0,1,1,0,1,0,1,0,0,0,1,1,1,0,1,1,1,0,0,1,1,1,1,0,1,1,1
0,0,1,0,1,0,1,1,0,1,1,1,1,0,1,1,0,0,0,0,1,1,0,0,0,0,0,0,1,0,1,0,0,1,1,1,1,1,1,0
0,1,0,0,1,0,0,1,0,1,1,1,1,0,1,1,0,0,0,0,0,0,0,1,0,0,0,0,1,0,1,0,0,1,1,1,1,1,1,0
1,0,0,0,0,0,1,0,0,1,0,0,0,0,1,1,0,1,0,1,1,1,0,0,1,1,0,1,1,0,1,0,1,1,1,1,0,0,0,1
0,1,1,0,0,0,1,1,1,0,1,1,1,0,1,0,1,0,0,0,1,1,0,0,0,0,1,0,0,0,1,1,0,1,0,0,1,0,0,1
1,0,0,0,0,0,0,0,1,0,0,0,1,1,0,0,1,1,1,1,0,0,1,1,1,1,1,0,0,1,0,1,1,0,0,0,0,0,1,0
0,1,0,1,1,0,0,1,1,0,1,1,0,0,1,0,1,0,1,0,1,1,0,0,1,0,1,1,0,0,1,1,0,0,0,0,1,0,0,1
0,1,1,0,1,0,1,0,0,1,1,1,0,0,1,0,1,0,0,0,1,1,0,0,0,0,1,1,0,0,1,1,0,1,0,0,1,0,0,1
0,0,0,0,1,1,1,0,0,0,1,1,1,1,0,0,1,0,1,1,0,0,1,1,0,0,1,0,0,1,0,1,0,0,0,0,0,0,0,0
1,1,1,1,0,0,0,1,0,0,0,0,0,0,1,1,0,1,0,0,1,1,0,0,1,1,0,1,1,0,1,0,1,1,1,1,1,1,1,1
0,1,1,0,1,0,1,1,1,0,0,1,1,0,1,0,1,0,1,0,1,1,1,1,0,0,1,0,0,0,1,1,0,0,0,0,1,0,0,0
0,1,1,0,1,0,1,1,1,0,1,0,1,0,1,0,1,0,0,0,1,1,0,1,0,0,1,0,0,0,1,1,0,1,0,0,1,0,0,0
0,1,1,0,1,1,0,0,1,0,1,1,0,1,0,0,1,0,1,0,0,0,1,1,0,0,0,0,0,1,0,1,0,0,0,0,1,1,1,0
0,0,0,0,0,1,0,0,1,0,0,0,1,0,0,0,1,0,1,1,0,0,1,1,0,1,1,0,0,1,0,1,0,0,0,0,0,0,0,0
1,1,1,1,1,0,1,1,0,1,1,1,0,0,0,1,0,1,0,0,1,1,0,0,0,0,0,1,1,0,1,0,0,1,1,1,1,1,1,1
1,1,1,1,0,0,0,0,0,1,0,0,0,0,1,0,0,1,0,0,0,0,0,1,0,1,0,0,1,0,1,0,1,1,1,1,1,1,1,0
0,0,0,0,1,1,1,1,1,0,1,1,1,1,0,0,0,0,1,0,0,0,1,1,0,0,1,0,0,1,0,1,0,0,0,0,0,0,0,0
1,0,0,1,0,1,0,0,0,1,0,0,0,0,1,1,0,0,0,1,0,1,0,0,1,1,0,1,1,0,0,0,1,1,1,1,0,0,0,1
0,0,0,0,0,1,1,0,1,0,1,0,1,1,0,0,1,0,0,1,0,0,1,1,0,0,1,0,0,1,0,1,0,0,0,0,0,0,0,0
1,0,0,1,0,1,0,0,1,0,0,0,0,1,0,0,0,1,1,0,0,0,1,1,1,1,1,1,1,1,0,1,1,0,0,0,0,0,1,1
0,1,0,1,1,0,1,1,0,1,1,1,0,0,1,0,0,0,0,0,0,1,0,0,1,0,1,1,0,0,1,1,1,1,0,0,1,0,0,1
0,1,0,1,1,0,1,1,0,1,1,1,0,0,1,0,0,1,0,0,1,0,0,0,1,0,1,1,0,0,1,0,1,1,0,1,1,0,0,1
0,0,0,0,0,1,0,0,1,0,1,0,1,1,0,0,1,0,1,1,0,0,0,1,0,0,1,0,0,1,0,1,0,0,0,0,0,0,0,0
1,0,1,0,0,1,0,0,1,0,1,1,1,1,0,1,1,0,1,1,0,0,1,0,0,0,0,0,1,1,0,0,0,0,1,0,1,1,1,0
1,0,0,1,0,1,1,0,0,1,0,0,0,0,0,0,0,1,0,1,1,1,0,0,0,1,1,1,1,0,1,0,1,1,1,1,0,0,0,1
1,0,0,1,0,1,0,0,0,1,0,0,0,1,0,1,0,1,0,1,0,0,0,0,1,0,0,1,1,1,0,0,1,0,1,1,0,1,1,1
0,0,0,0,1,1,1,1,1,0,1,1,0,1,0,0,1,0,1,1,1,1,1,0,1,0,0,1,0,0,0,1,0,0,0,0,0,0,0,1
1,0,0,1,0,0,1,1,0,1,0,0,0,0,1,0,0,1,0,1,1,1,0,0,1,1,1,0,1,0,1,0,1,1,1,1,0,0,0,1
1,1,1,1,0,0,0,0,0,1,0,0,0,0,1,1,0,1,0,1,0,0,0,1,1,1,0,1,0,1,1,0,1,1,1,1,1,1,1,0
1,0,0,0,0,1,0,0,1,0,0,0,1,1,0,0,1,0,1,1,0,0,1,1,0,1,0,0,1,0,0,0,0,0,1,0,0,1,1,0
0,1,1,1,1,0,1,1,0,1,1,1,0,0,1,1,0,0,0,0,1,1,0,0,1,0,0,1,1,0,0,0,0,1,1,1,1,0,0,1
0,0,0,0,1,1,1,1,1,0,1,1,1,1,0,0,1,0,1,1,1,0,1,0,0,0,1,0,0,0,0,0,0,0,0,0,0,0,0,0
1,0,0,1,0,1,0,0,0,1,0,0,0,0,0,1,0,1,0,1,1,1,0,0,1,1,0,1,1,0,0,0,0,1,1,1,0,0,0,1
1,1,1,1,1,0,0,1,0,1,0,1,0,0,1,1,0,1,0,0,1,1,0,0,1,0,0,1,1,0,1,0,1,0,1,1,1,1,1,1
1,1,1,1,0,0,0,0,0,1,0,0,0,0,1,1,0,1,0,0,0,0,0,1,1,1,0,1,1,1,1,0,1,1,0,1,1,1,1,0
1,1,1,1,0,0,0,0,0,1,0,0,0,0,1,1,0,1,0,0,0,1,0,0,1,1,0,1,1,0,1,0,1,1,1,0,1,1,1,1
0,1,1,0,1,0,1,1,0,1,1,1,1,0,1,1,0,0,0,0,1,1,0,1,0,0,0,0,1,0,1,0,0,1,1,1,0,1,1,0
1,1,1,0,0,0,0,0,0,1,0,0,1,0,1,1,0,0,0,0,0,0,0,1,0,1,0,0,1,1,0,0,0,1,1,1,1,0,1,0
1,1,1,0,0,1,0,0,0,1,0,0,1,0,1,1,0,0,0,1,0,0,0,1,0,1,0,0,1,1,0,0,0,1,1,1,1,1,0,0
1,0,0,1,1,0,1,1,0,1,0,0,0,0,1,0,0,1,0,1,1,1,0,0,1,1,1,1,0,0,1,0,1,1,0,1,0,0,0,0
Time: 2025-10-24 00:41:00, Timestep: 42, Round: 2, Phase: TRANSMITTING, Aggregation Server: 21, Redistribution Server: TBD, Target Node: 21, Phase Length: 20, Timestep in Phase: 7, Current Connections: 19, Cumulative Connections: 24/30, Connected Sats: [0, 1, 3, 4, 6, 7, 9, 10, 11, 14, 17, 19, 20, 24, 25, 26, 27, 30, 31, 32, 33, 35, 36, 39], Missing Sats: [2, 8, 15, 18, 22, 34], Target Sats: [0, 1, 2, 3, 4, 6, 7, 8, 9, 10, 11, 14, 15, 17, 18, 19, 20, 22, 24, 25, 26, 27, 30, 31, 32, 33, 34, 35, 36, 39], Phase Complete: False
0,0,0,1,0,1,0,0,0,1,0,0,0,0,1,1,0,1,0,1,0,0,0,1,1,1,0,1,1,1,0,0,1,1,1,1,0,1,1,1
0,0,1,0,1,0,1,1,0,1,1,1,0,0,1,1,0,0,0,0,1,1,0,0,0,0,0,0,1,0,1,0,0,1,1,1,1,1,1,0
0,1,0,0,1,0,0,1,0,1,1,1,1,0,1,1,0,0,0,0,0,0,0,1,0,0,0,0,1,0,1,0,0,1,1,1,1,1,1,0
1,0,0,0,0,0,1,0,0,1,0,0,0,0,1,1,0,1,0,1,1,1,0,0,1,1,1,1,1,0,1,0,1,1,1,1,0,0,0,1
0,1,1,0,0,0,1,1,1,0,1,1,1,0,1,0,1,0,0,0,1,1,0,0,0,0,1,0,0,0,1,1,0,1,0,0,1,0,0,1
1,0,0,0,0,0,0,0,1,0,0,0,1,1,0,0,1,1,1,1,0,0,1,1,1,1,1,0,0,1,0,1,1,0,0,0,0,0,1,0
0,1,0,1,1,0,0,1,1,0,1,1,0,0,1,0,1,0,1,0,1,1,0,0,1,0,1,1,0,0,1,1,0,1,0,0,1,0,0,1
0,1,1,0,1,0,1,0,0,1,1,1,0,0,1,0,1,0,0,0,1,1,0,0,1,0,1,1,0,0,1,1,0,1,0,0,1,0,0,1
0,0,0,0,1,1,1,0,0,0,1,1,1,1,0,0,1,0,1,1,0,0,1,1,0,0,1,0,0,1,0,1,0,0,0,0,0,0,0,0
1,1,1,1,0,0,0,1,0,0,0,0,0,0,1,1,0,1,0,0,1,1,0,0,1,1,0,1,1,0,1,0,1,1,1,1,1,1,1,1
0,1,1,0,1,0,1,1,1,0,0,1,1,1,0,0,1,0,1,0,1,0,1,1,0,0,1,0,0,0,1,1,0,0,0,0,1,0,0,0
0,1,1,0,1,0,1,1,1,0,1,0,1,0,1,0,1,0,0,0,1,1,0,0,0,0,1,0,0,0,1,1,0,1,0,0,1,0,0,0
0,0,1,0,1,1,0,0,1,0,1,1,0,1,0,0,1,0,1,0,0,0,1,1,0,0,0,0,0,1,0,1,0,0,0,0,1,1,1,0
0,0,0,0,0,1,0,0,1,0,1,0,1,0,0,0,1,0,1,1,0,0,1,1,0,1,1,0,0,1,0,1,0,0,0,0,0,0,0,0
1,1,1,1,1,0,1,1,0,1,0,1,0,0,0,1,0,1,0,0,1,1,0,0,0,0,0,1,1,0,1,0,1,1,1,1,1,1,0,1
1,1,1,1,0,0,0,0,0,1,0,0,0,0,1,0,0,1,0,0,0,0,0,1,0,1,0,0,1,0,1,0,1,1,1,1,1,1,1,0
0,0,0,0,1,1,1,1,1,0,1,1,1,1,0,0,0,0,1,0,0,0,1,1,0,0,1,0,0,1,0,1,0,0,0,0,1,0,0,0
1,0,0,1,0,1,0,0,0,1,0,0,0,0,1,1,0,0,0,1,0,1,0,0,1,1,0,1,1,0,0,0,1,1,1,1,0,0,0,1
0,0,0,0,0,1,1,0,1,0,1,0,1,1,0,0,1,0,0,1,0,0,1,1,0,0,1,0,0,1,0,1,0,0,0,0,0,0,0,0
1,0,0,1,0,1,0,0,1,0,0,0,0,1,0,0,0,1,1,0,0,0,1,1,1,1,1,1,1,1,0,1,1,0,0,0,0,0,1,1
0,1,0,1,1,0,1,1,0,1,1,1,0,0,1,0,0,0,0,0,0,1,0,0,1,0,1,1,0,0,1,1,1,1,0,0,1,0,0,1
0,1,0,1,1,0,1,1,0,1,0,1,0,0,1,0,0,1,0,0,1,0,0,0,1,0,1,1,0,0,1,0,1,1,0,1,1,0,0,1
0,0,0,0,0,1,0,0,1,0,1,0,1,1,0,0,1,0,1,1,0,0,0,1,0,0,1,0,0,1,0,1,0,0,0,0,0,0,0,0
1,0,1,0,0,1,0,0,1,0,1,0,1,1,0,1,1,0,1,1,0,0,1,0,0,0,0,0,1,1,0,0,0,0,1,0,1,1,1,0
1,0,0,1,0,1,1,1,0,1,0,0,0,0,0,0,0,1,0,1,1,1,0,0,0,1,1,1,1,0,1,0,1,1,1,1,0,0,0,1
1,0,0,1,0,1,0,0,0,1,0,0,0,1,0,1,0,1,0,1,0,0,0,0,1,0,0,1,1,1,0,0,1,0,1,1,0,1,1,1
0,0,0,1,1,1,1,1,1,0,1,1,0,1,0,0,1,0,1,1,1,1,1,0,1,0,0,1,0,0,0,1,0,0,0,0,0,0,0,1
1,0,0,1,0,0,1,1,0,1,0,0,0,0,1,0,0,1,0,1,1,1,0,0,1,1,1,0,1,0,1,0,1,1,1,1,0,0,0,1
1,1,1,1,0,0,0,0,0,1,0,0,0,0,1,1,0,1,0,1,0,0,0,1,1,1,0,1,0,1,1,0,1,1,1,1,1,1,1,0
1,0,0,0,0,1,0,0,1,0,0,0,1,1,0,0,1,0,1,1,0,0,1,1,0,1,0,0,1,0,0,1,0,0,1,0,0,1,1,0
0,1,1,1,1,0,1,1,0,1,1,1,0,0,1,1,0,0,0,0,1,1,0,0,1,0,0,1,1,0,0,0,0,1,1,1,1,0,0,1
0,0,0,0,1,1,1,1,1,0,1,1,1,1,0,0,1,0,1,1,1,0,1,0,0,0,1,0,0,1,0,0,0,0,0,0,0,0,0,0
1,0,0,1,0,1,0,0,0,1,0,0,0,0,1,1,0,1,0,1,1,1,0,0,1,1,0,1,1,0,0,0,0,1,1,1,0,0,0,1
1,1,1,1,1,0,1,1,0,1,0,1,0,0,1,1,0,1,0,0,1,1,0,0,1,0,0,1,1,0,1,0,1,0,1,1,1,1,0,1
1,1,1,1,0,0,0,0,0,1,0,0,0,0,1,1,0,1,0,0,0,0,0,1,1,1,0,1,1,1,1,0,1,1,0,1,1,1,1,0
1,1,1,1,0,0,0,0,0,1,0,0,0,0,1,1,0,1,0,0,0,1,0,0,1,1,0,1,1,0,1,0,1,1,1,0,1,1,1,1
0,1,1,0,1,0,1,1,0,1,1,1,1,0,1,1,1,0,0,0,1,1,0,1,0,0,0,0,1,0,1,0,0,1,1,1,0,1,1,0
1,1,1,0,0,0,0,0,0,1,0,0,1,0,1,1,0,0,0,0,0,0,0,1,0,1,0,0,1,1,0,0,0,1,1,1,1,0,1,0
1,1,1,0,0,1,0,0,0,1,0,0,1,0,0,1,0,0,0,1,0,0,0,1,0,1,0,0,1,1,0,0,0,0,1,1,1,1,0,0
1,0,0,1,1,0,1,1,0,1,0,0,0,0,1,0,0,1,0,1,1,1,0,0,1,1,1,1,0,0,1,0,1,1,0,1,0,0,0,0
Time: 2025-10-24 00:42:00, Timestep: 43, Round: 2, Phase: TRANSMITTING, Aggregation Server: 21, Redistribution Server: TBD, Target Node: 21, Phase Length: 20, Timestep in Phase: 8, Current Connections: 19, Cumulative Connections: 24/30, Connected Sats: [0, 1, 3, 4, 6, 7, 9, 10, 11, 14, 17, 19, 20, 24, 25, 26, 27, 30, 31, 32, 33, 35, 36, 39], Missing Sats: [2, 8, 15, 18, 22, 34], Target Sats: [0, 1, 2, 3, 4, 6, 7, 8, 9, 10, 11, 14, 15, 17, 18, 19, 20, 22, 24, 25, 26, 27, 30, 31, 32, 33, 34, 35, 36, 39], Phase Complete: False
0,0,0,1,0,1,0,0,0,1,0,0,0,0,1,1,0,1,0,1,0,0,0,1,1,1,0,1,1,1,0,0,1,1,1,1,0,1,1,1
0,0,1,0,1,0,1,1,0,1,1,1,0,0,1,1,0,0,0,0,1,1,0,0,0,0,0,0,1,0,1,0,0,1,1,1,1,1,0,0
0,1,0,0,1,0,0,1,0,1,1,1,1,0,1,1,0,0,0,0,0,0,0,1,0,0,0,0,1,0,1,0,0,1,1,1,1,1,1,0
1,0,0,0,0,1,1,0,0,1,0,0,0,0,1,1,0,1,0,1,1,1,0,0,1,1,1,1,1,0,1,0,1,1,1,1,0,0,0,1
0,1,1,0,0,0,1,1,1,0,1,1,1,0,1,0,1,0,1,0,1,1,0,0,0,0,1,0,0,0,1,1,0,0,0,0,1,0,0,1
1,0,0,1,0,0,0,0,1,0,0,0,1,1,0,0,1,1,1,1,0,0,1,1,1,1,1,0,0,1,0,1,1,0,0,0,0,0,1,1
0,1,0,1,1,0,0,1,1,0,1,1,0,0,1,0,1,0,0,0,1,1,0,0,1,0,1,1,0,0,1,1,1,1,0,0,1,0,0,1
0,1,1,0,1,0,1,0,0,1,1,1,0,0,1,0,1,0,0,0,1,1,0,0,1,0,1,1,0,0,1,1,0,1,0,0,1,0,0,1
0,0,0,0,1,1,1,0,0,0,1,1,1,1,0,0,1,0,1,1,0,0,1,1,0,0,1,0,0,1,0,1,0,0,0,0,0,0,0,0
1,1,1,1,0,0,0,1,0,0,0,0,0,0,1,1,0,1,0,0,1,1,0,0,1,1,0,1,1,0,1,0,1,1,1,1,1,1,1,1
0,1,1,0,1,0,1,1,1,0,0,1,1,1,0,0,1,0,1,0,1,0,1,1,0,0,1,0,0,0,1,1,0,0,0,0,1,0,0,0
0,1,1,0,1,0,1,1,1,0,1,0,1,0,1,1,1,0,0,0,1,1,0,0,0,0,1,0,0,0,1,1,0,1,0,0,1,0,0,0
0,0,1,0,1,1,0,0,1,0,1,1,0,1,0,0,1,0,1,0,0,0,1,1,0,0,0,0,0,1,0,1,0,0,0,0,1,1,1,0
0,0,0,0,0,1,0,0,1,0,1,0,1,0,0,0,1,0,1,1,0,0,1,1,0,1,1,0,0,1,0,1,0,0,0,0,0,0,0,0
1,1,1,1,1,0,1,1,0,1,0,1,0,0,0,1,0,1,0,0,1,1,0,0,1,0,0,1,1,0,1,0,1,1,1,1,1,1,0,1
1,1,1,1,0,0,0,0,0,1,0,1,0,0,1,0,0,1,0,0,0,0,0,1,0,1,0,0,1,0,1,0,1,1,1,1,1,1,1,0
0,0,0,0,1,1,1,1,1,0,1,1,1,1,0,0,0,0,1,0,0,0,1,1,0,0,1,0,0,1,0,1,0,0,0,0,1,0,1,0
1,0,0,1,0,1,0,0,0,1,0,0,0,0,1,1,0,0,0,1,0,1,0,0,1,1,0,1,1,1,0,0,1,1,1,1,0,0,0,1
0,0,0,0,1,1,0,0,1,0,1,0,1,1,0,0,1,0,0,1,0,0,1,1,0,0,1,0,0,1,0,1,0,0,0,0,0,0,0,0
1,0,0,1,0,1,0,0,1,0,0,0,0,1,0,0,0,1,1,0,0,0,1,1,1,1,1,1,1,1,0,1,1,0,0,0,0,0,1,1
0,1,0,1,1,0,1,1,0,1,1,1,0,0,1,0,0,0,0,0,0,1,0,0,1,0,1,1,0,0,1,1,1,1,0,0,1,0,0,1
0,1,0,1,1,0,1,1,0,1,0,1,0,0,1,0,0,1,0,0,1,0,0,0,1,0,1,1,0,0,1,0,1,1,0,1,1,0,0,1
0,0,0,0,0,1,0,0,1,0,1,0,1,1,0,0,1,0,1,1,0,0,0,1,0,0,1,0,0,1,0,1,0,0,0,0,0,0,0,0
1,0,1,0,0,1,0,0,1,0,1,0,1,1,0,1,1,0,1,1,0,0,1,0,0,0,0,0,1,1,0,0,0,0,1,0,1,1,1,0
1,0,0,1,0,1,1,1,0,1,0,0,0,0,1,0,0,1,0,1,1,1,0,0,0,1,1,1,0,0,1,0,1,1,1,1,0,0,0,1
1,0,0,1,0,1,0,0,0,1,0,0,0,1,0,1,0,1,0,1,0,0,0,0,1,0,0,1,1,1,0,0,1,0,1,1,0,1,1,1
0,0,0,1,1,1,1,1,1,0,1,1,0,1,0,0,1,0,1,1,1,1,1,0,1,0,0,1,0,0,0,1,0,0,0,0,0,0,0,1
1,0,0,1,0,0,1,1,0,1,0,0,0,0,1,0,0,1,0,1,1,1,0,0,1,1,1,0,0,0,1,0,1,1,1,1,0,0,0,1
1,1,1,1,0,0,0,0,0,1,0,0,0,0,1,1,0,1,0,1,0,0,0,1,0,1,0,0,0,1,1,0,1,1,1,1,1,1,1,0
1,0,0,0,0,1,0,0,1,0,0,0,1,1,0,0,1,1,1,1,0,0,1,1,0,1,0,0,1,0,0,1,0,0,1,0,0,1,1,0
0,1,1,1,1,0,1,1,0,1,1,1,0,0,1,1,0,0,0,0,1,1,0,0,1,0,0,1,1,0,0,0,1,1,1,1,1,0,0,1
0,0,0,0,1,1,1,1,1,0,1,1,1,1,0,0,1,0,1,1,1,0,1,0,0,0,1,0,0,1,0,0,0,0,0,0,0,0,0,0
1,0,0,1,0,1,1,0,0,1,0,0,0,0,1,1,0,1,0,1,1,1,0,0,1,1,0,1,1,0,1,0,0,1,1,1,0,0,0,1
1,1,1,1,0,0,1,1,0,1,0,1,0,0,1,1,0,1,0,0,1,1,0,0,1,0,0,1,1,0,1,0,1,0,1,1,1,1,0,1
1,1,1,1,0,0,0,0,0,1,0,0,0,0,1,1,0,1,0,0,0,0,0,1,1,1,0,1,1,1,1,0,1,1,0,1,1,1,1,0
1,1,1,1,0,0,0,0,0,1,0,0,0,0,1,1,0,1,0,0,0,1,0,0,1,1,0,1,1,0,1,0,1,1,1,0,1,1,1,1
0,1,1,0,1,0,1,1,0,1,1,1,1,0,1,1,1,0,0,0,1,1,0,1,0,0,0,0,1,0,1,0,0,1,1,1,0,1,1,0
1,1,1,0,0,0,0,0,0,1,0,0,1,0,1,1,0,0,0,0,0,0,0,1,0,1,0,0,1,1,0,0,0,1,1,1,1,0,1,0
1,0,1,0,0,1,0,0,0,1,0,0,1,0,0,1,1,0,0,1,0,0,0,1,0,1,0,0,1,1,0,0,0,0,1,1,1,1,0,0
1,0,0,1,1,1,1,1,0,1,0,0,0,0,1,0,0,1,0,1,1,1,0,0,1,1,1,1,0,0,1,0,1,1,0,1,0,0,0,0
Time: 2025-10-24 00:43:00, Timestep: 44, Round: 2, Phase: TRANSMITTING, Aggregation Server: 21, Redistribution Server: TBD, Target Node: 21, Phase Length: 20, Timestep in Phase: 9, Current Connections: 20, Cumulative Connections: 25/30, Connected Sats: [0, 1, 2, 3, 4, 6, 7, 9, 10, 11, 14, 17, 19, 20, 24, 25, 26, 27, 30, 31, 32, 33, 35, 36, 39], Missing Sats: [8, 15, 18, 22, 34], Target Sats: [0, 1, 2, 3, 4, 6, 7, 8, 9, 10, 11, 14, 15, 17, 18, 19, 20, 22, 24, 25, 26, 27, 30, 31, 32, 33, 34, 35, 36, 39], Phase Complete: False
0,0,0,1,0,1,0,0,0,1,0,0,0,0,1,1,0,1,0,1,0,0,0,1,1,1,0,1,1,1,0,0,1,1,1,1,0,1,1,1
0,0,1,1,1,0,1,1,0,1,1,1,0,0,1,1,0,0,0,0,1,1,0,0,0,0,0,1,1,0,1,0,0,1,1,1,1,1,0,0
0,1,0,0,1,0,0,1,0,1,1,1,1,0,1,1,0,0,0,0,0,1,0,1,0,0,0,0,1,0,1,0,0,1,1,1,1,1,1,0
1,1,0,0,0,1,1,1,0,1,0,0,0,0,1,1,0,1,0,1,1,1,0,0,1,1,1,1,1,0,1,0,1,1,1,1,0,0,0,1
0,1,1,0,0,0,1,1,1,0,1,1,1,0,1,0,1,0,1,0,1,1,1,0,0,0,1,0,0,0,1,1,0,0,0,0,1,0,0,0
1,0,0,1,0,0,0,0,1,0,0,0,0,1,0,0,1,1,1,1,0,0,1,1,1,1,1,0,0,1,0,1,1,0,0,0,0,0,1,1
0,1,0,1,1,0,0,1,1,0,1,1,0,0,1,0,0,0,0,0,1,1,0,0,1,0,1,1,0,0,1,1,1,1,0,0,1,0,0,1
0,1,1,1,1,0,1,0,0,1,1,1,0,0,1,1,0,0,0,0,1,1,0,0,1,0,1,1,0,0,1,0,0,1,0,0,1,0,0,1
0,0,0,0,1,1,1,0,0,0,1,1,1,1,0,0,1,0,1,1,1,0,1,0,0,0,1,0,0,1,0,1,0,0,0,0,0,0,0,0
1,1,1,1,0,0,0,1,0,0,0,0,0,0,1,1,0,1,0,0,1,1,0,0,1,1,0,1,1,0,1,0,1,1,1,1,1,1,0,1
0,1,1,0,1,0,1,1,1,0,0,1,1,1,0,0,1,0,1,0,1,0,1,1,0,0,1,0,0,0,1,1,0,0,0,0,1,0,0,0
0,1,1,0,1,0,1,1,1,0,1,0,1,0,1,1,1,0,0,0,1,1,0,0,0,0,1,0,0,0,1,1,0,1,0,0,1,0,0,0
0,0,1,0,1,0,0,0,1,0,1,1,0,1,0,0,1,0,1,0,0,0,1,1,0,0,0,0,1,1,0,1,0,0,0,0,1,1,1,0
0,0,0,0,0,1,0,0,1,0,1,0,1,0,0,0,1,0,1,1,0,0,1,1,0,1,1,0,0,1,0,1,0,0,0,0,0,0,1,0
1,1,1,1,1,0,1,1,0,1,0,1,0,0,0,1,0,1,0,0,1,1,0,0,1,0,0,1,1,0,1,0,1,1,1,1,1,1,0,0
1,1,1,1,0,0,0,1,0,1,0,1,0,0,1,0,0,1,0,0,0,0,0,1,0,1,0,0,1,0,1,0,1,1,1,1,1,1,1,0
0,0,0,0,1,1,0,0,1,0,1,1,1,1,0,0,0,0,1,0,0,0,1,1,0,0,1,0,0,1,0,1,0,0,0,0,1,0,1,0
1,0,0,1,0,1,0,0,0,1,0,0,0,0,1,1,0,0,0,1,0,1,0,0,1,1,0,1,1,1,0,0,1,1,1,1,0,1,0,1
0,0,0,0,1,1,0,0,1,0,1,0,1,1,0,0,1,0,0,1,0,0,1,1,0,0,1,0,0,1,0,1,0,0,0,0,0,0,0,0
1,0,0,1,0,1,0,0,1,0,0,0,0,1,0,0,0,1,1,0,0,0,1,1,1,1,1,0,1,1,0,1,1,0,0,0,0,0,1,1
0,1,0,1,1,0,1,1,1,1,1,1,0,0,1,0,0,0,0,0,0,1,0,0,1,0,1,1,0,0,1,1,1,1,0,0,1,0,0,1
0,1,1,1,1,0,1,1,0,1,0,1,0,0,1,0,0,1,0,0,1,0,0,0,1,0,1,1,0,0,1,0,1,1,0,1,1,0,0,1
0,0,0,0,1,1,0,0,1,0,1,0,1,1,0,0,1,0,1,1,0,0,0,1,0,0,1,0,0,1,0,1,0,0,0,0,0,0,0,0
1,0,1,0,0,1,0,0,0,0,1,0,1,1,0,1,1,0,1,1,0,0,1,0,0,1,0,0,1,1,0,0,0,0,1,0,1,1,1,0
1,0,0,1,0,1,1,1,0,1,0,0,0,0,1,0,0,1,0,1,1,1,0,0,0,1,1,1,0,0,1,0,1,1,1,1,0,0,0,1
1,0,0,1,0,1,0,0,0,1,0,0,0,1,0,1,0,1,0,1,0,0,0,1,1,0,0,1,1,1,0,0,1,0,1,1,0,1,1,1
0,0,0,1,1,1,1,1,1,0,1,1,0,1,0,0,1,0,1,1,1,1,1,0,1,0,0,1,0,0,0,1,1,0,0,0,0,0,0,1
1,1,0,1,0,0,1,1,0,1,0,0,0,0,1,0,0,1,0,0,1,1,0,0,1,1,1,0,0,0,1,0,1,1,1,1,0,0,0,1
1,1,1,1,0,0,0,0,0,1,0,0,1,0,1,1,0,1,0,1,0,0,0,1,0,1,0,0,0,1,1,0,1,1,1,1,1,1,1,0
1,0,0,0,0,1,0,0,1,0,0,0,1,1,0,0,1,1,1,1,0,0,1,1,0,1,0,0,1,0,0,1,0,0,0,0,0,1,1,0
0,1,1,1,1,0,1,1,0,1,1,1,0,0,1,1,0,0,0,0,1,1,0,0,1,0,0,1,1,0,0,0,1,1,1,1,1,1,0,1
0,0,0,0,1,1,1,0,1,0,1,1,1,1,0,0,1,0,1,1,1,0,1,0,0,0,1,0,0,1,0,0,0,0,0,0,0,0,0,0
1,0,0,1,0,1,1,0,0,1,0,0,0,0,1,1,0,1,0,1,1,1,0,0,1,1,1,1,1,0,1,0,0,1,1,1,0,0,0,1
1,1,1,1,0,0,1,1,0,1,0,1,0,0,1,1,0,1,0,0,1,1,0,0,1,0,0,1,1,0,1,0,1,0,1,1,1,1,0,1
1,1,1,1,0,0,0,0,0,1,0,0,0,0,1,1,0,1,0,0,0,0,0,1,1,1,0,1,1,0,1,0,1,1,0,1,1,1,1,0
1,1,1,1,0,0,0,0,0,1,0,0,0,0,1,1,0,1,0,0,0,1,0,0,1,1,0,1,1,0,1,0,1,1,1,0,1,1,0,1
0,1,1,0,1,0,1,1,0,1,1,1,1,0,1,1,1,0,0,0,1,1,0,1,0,0,0,0,1,0,1,0,0,1,1,1,0,1,1,0
1,1,1,0,0,0,0,0,0,1,0,0,1,0,1,1,0,1,0,0,0,0,0,1,0,1,0,0,1,1,1,0,0,1,1,1,1,0,1,0
1,0,1,0,0,1,0,0,0,0,0,0,1,1,0,1,1,0,0,1,0,0,0,1,0,1,0,0,1,1,0,0,0,0,1,0,1,1,0,0
1,0,0,1,0,1,1,1,0,1,0,0,0,0,0,0,0,1,0,1,1,1,0,0,1,1,1,1,0,0,1,0,1,1,0,1,0,0,0,0
Time: 2025-10-24 00:44:00, Timestep: 45, Round: 2, Phase: TRANSMITTING, Aggregation Server: 21, Redistribution Server: TBD, Target Node: 21, Phase Length: 20, Timestep in Phase: 10, Current Connections: 20, Cumulative Connections: 26/30, Connected Sats: [0, 1, 2, 3, 4, 6, 7, 9, 10, 11, 14, 15, 17, 19, 20, 24, 25, 26, 27, 30, 31, 32, 33, 35, 36, 39], Missing Sats: [8, 18, 22, 34], Target Sats: [0, 1, 2, 3, 4, 6, 7, 8, 9, 10, 11, 14, 15, 17, 18, 19, 20, 22, 24, 25, 26, 27, 30, 31, 32, 33, 34, 35, 36, 39], Phase Complete: False
0,0,0,1,0,1,0,0,0,1,0,0,0,0,1,1,0,1,0,1,0,0,0,1,1,1,0,1,1,1,0,0,1,1,1,1,0,1,1,0
0,0,1,1,1,0,1,1,0,1,1,1,0,0,1,1,0,0,0,0,1,1,0,0,0,0,0,1,1,0,1,0,0,1,1,1,1,1,0,0
0,1,0,0,1,0,0,1,0,1,1,1,1,0,1,1,0,0,0,0,0,1,0,1,0,0,0,0,1,0,1,0,0,1,1,1,1,1,1,0
1,1,0,0,0,1,1,1,0,1,0,0,0,0,1,1,0,1,0,0,1,1,0,0,1,1,1,1,1,0,1,0,1,1,1,1,0,0,0,1
0,1,1,0,0,0,1,1,1,0,1,1,1,1,0,0,1,0,1,0,1,1,1,0,0,0,1,0,0,0,1,1,0,0,0,0,1,0,0,0
1,0,0,1,0,0,0,0,1,0,0,0,0,1,0,0,1,1,1,1,0,0,1,0,1,1,1,1,0,1,0,1,1,0,0,0,0,0,1,1
0,1,0,1,1,0,0,1,1,0,1,1,0,0,1,0,0,0,0,0,1,1,0,0,1,0,1,1,0,0,1,1,1,1,0,0,1,0,0,1
0,1,1,1,1,0,1,0,0,1,1,1,0,0,1,1,0,0,0,0,1,1,0,0,1,0,1,1,0,0,1,0,0,1,0,1,1,0,0,1
0,0,0,0,1,1,1,0,0,0,1,1,1,1,0,0,1,0,1,1,1,0,1,0,0,0,1,0,0,1,0,1,0,0,0,0,0,0,0,0
1,1,1,1,0,0,0,1,0,0,0,0,0,0,1,1,0,1,0,0,0,1,0,0,1,1,0,1,1,0,1,0,1,1,1,1,1,1,0,1
0,1,1,0,1,0,1,1,1,0,0,1,1,1,0,0,1,0,1,0,1,0,1,1,0,0,1,0,0,0,0,1,0,0,0,0,1,0,0,0
0,1,1,0,1,0,1,1,1,0,1,0,1,0,1,1,1,0,0,0,1,1,0,0,0,0,1,0,0,0,1,1,0,1,0,0,1,0,0,0
0,0,1,0,1,0,0,0,1,0,1,1,0,1,0,0,1,0,1,1,0,0,1,1,0,0,0,0,1,1,0,1,0,0,0,0,1,1,1,0
0,0,0,0,1,1,0,0,1,0,1,0,1,0,0,0,1,0,1,1,0,0,1,1,0,1,1,0,0,1,0,1,0,0,0,0,0,0,1,0
1,1,1,1,0,0,1,1,0,1,0,1,0,0,0,1,0,1,0,0,1,1,0,0,1,0,0,1,1,0,1,0,1,1,1,1,1,1,0,0
1,1,1,1,0,0,0,1,0,1,0,1,0,0,1,0,0,1,0,0,0,1,0,1,0,1,0,1,1,0,1,0,1,1,1,1,1,1,1,0
0,0,0,0,1,1,0,0,1,0,1,1,1,1,0,0,0,0,1,1,0,0,1,1,0,0,1,0,0,1,0,1,0,0,0,0,1,0,1,0
1,0,0,1,0,1,0,0,0,1,0,0,0,0,1,1,0,0,0,1,0,0,0,0,1,1,0,1,1,1,0,0,1,1,1,1,0,1,0,1
0,0,0,0,1,1,0,0,1,0,1,0,1,1,0,0,1,0,0,1,0,0,1,0,0,0,1,0,0,1,0,1,0,0,0,0,0,0,0,0
1,0,0,0,0,1,0,0,1,0,0,0,1,1,0,0,1,1,1,0,0,0,1,1,1,1,1,0,1,1,0,1,1,0,0,0,0,0,1,1
0,1,0,1,1,0,1,1,1,0,1,1,0,0,1,0,0,0,0,0,0,1,0,0,1,0,1,1,0,0,1,1,1,1,0,0,1,0,0,1
0,1,1,1,1,0,1,1,0,1,0,1,0,0,1,1,0,0,0,0,1,0,0,0,1,0,1,1,0,0,1,0,1,1,0,1,1,0,0,1
0,0,0,0,1,1,0,0,1,0,1,0,1,1,0,0,1,0,1,1,0,0,0,0,0,0,1,0,0,1,0,1,0,0,0,0,0,0,0,0
1,0,1,0,0,0,0,0,0,0,1,0,1,1,0,1,1,0,0,1,0,0,0,0,0,1,0,0,1,1,0,0,0,0,1,0,1,1,1,0
1,0,0,1,0,1,1,1,0,1,0,0,0,0,1,0,0,1,0,1,1,1,0,0,0,1,1,1,0,0,1,0,1,1,1,1,0,0,0,1
1,0,0,1,0,1,0,0,0,1,0,0,0,1,0,1,0,1,0,1,0,0,0,1,1,0,0,1,1,1,0,0,1,0,1,1,0,1,1,1
0,0,0,1,1,1,1,1,1,0,1,1,0,1,0,0,1,0,1,1,1,1,1,0,1,0,0,1,0,0,0,1,1,0,0,0,0,0,0,1
1,1,0,1,0,1,1,1,0,1,0,0,0,0,1,1,0,1,0,0,1,1,0,0,1,1,1,0,0,0,1,0,1,1,1,1,0,0,0,1
1,1,1,1,0,0,0,0,0,1,0,0,1,0,1,1,0,1,0,1,0,0,0,1,0,1,0,0,0,1,1,0,1,1,1,1,0,1,1,0
1,0,0,0,0,1,0,0,1,0,0,0,1,1,0,0,1,1,1,1,0,0,1,1,0,1,0,0,1,0,0,1,0,0,0,0,0,1,1,0
0,1,1,1,1,0,1,1,0,1,0,1,0,0,1,1,0,0,0,0,1,1,0,0,1,0,0,1,1,0,0,0,1,1,1,1,1,1,0,1
0,0,0,0,1,1,1,0,1,0,1,1,1,1,0,0,1,0,1,1,1,0,1,0,0,0,1,0,0,1,0,0,0,0,0,0,0,0,0,0
1,0,0,1,0,1,1,0,0,1,0,0,0,0,1,1,0,1,0,1,1,1,0,0,1,1,1,1,1,0,1,0,0,1,1,1,0,0,0,1
1,1,1,1,0,0,1,1,0,1,0,1,0,0,1,1,0,1,0,0,1,1,0,0,1,0,0,1,1,0,1,0,1,0,1,1,1,1,0,1
1,1,1,1,0,0,0,0,0,1,0,0,0,0,1,1,0,1,0,0,0,0,0,1,1,1,0,1,1,0,1,0,1,1,0,1,1,1,1,0
1,1,1,1,0,0,0,1,0,1,0,0,0,0,1,1,0,1,0,0,0,1,0,0,1,1,0,1,1,0,1,0,1,1,1,0,0,1,0,1
0,1,1,0,1,0,1,1,0,1,1,1,1,0,1,1,1,0,0,0,1,1,0,1,0,0,0,0,0,0,1,0,0,1,1,0,0,1,1,0
1,1,1,0,0,0,0,0,0,1,0,0,1,0,1,1,0,1,0,0,0,0,0,1,0,1,0,0,1,1,1,0,0,1,1,1,1,0,1,0
1,0,1,0,0,1,0,0,0,0,0,0,1,1,0,1,1,0,0,1,0,0,0,1,0,1,0,0,1,1,0,0,0,0,1,0,1,1,0,0
0,0,0,1,0,1,1,1,0,1,0,0,0,0,0,0,0,1,0,1,1,1,0,0,1,1,1,1,0,0,1,0,1,1,0,1,0,0,0,0
Time: 2025-10-24 00:45:00, Timestep: 46, Round: 2, Phase: TRANSMITTING, Aggregation Server: 21, Redistribution Server: TBD, Target Node: 21, Phase Length: 20, Timestep in Phase: 11, Current Connections: 20, Cumulative Connections: 26/30, Connected Sats: [0, 1, 2, 3, 4, 6, 7, 9, 10, 11, 14, 15, 17, 19, 20, 24, 25, 26, 27, 30, 31, 32, 33, 35, 36, 39], Missing Sats: [8, 18, 22, 34], Target Sats: [0, 1, 2, 3, 4, 6, 7, 8, 9, 10, 11, 14, 15, 17, 18, 19, 20, 22, 24, 25, 26, 27, 30, 31, 32, 33, 34, 35, 36, 39], Phase Complete: False
0,0,0,1,0,1,0,0,0,1,0,0,0,0,1,1,0,1,0,1,0,0,0,1,1,1,0,1,1,1,0,0,1,1,1,1,0,1,1,0
0,0,1,1,1,0,1,1,0,1,0,1,0,0,1,1,0,0,0,0,1,1,0,0,1,0,0,1,1,0,1,0,1,1,1,1,1,1,0,0
0,1,0,0,1,0,0,1,0,1,1,1,1,0,1,1,0,0,0,0,0,1,0,1,0,0,0,0,1,0,1,0,0,1,1,1,1,1,1,0
1,1,0,0,0,1,1,1,0,1,0,0,0,0,1,1,0,1,0,0,1,1,0,0,1,1,1,1,1,0,1,0,1,1,1,1,0,0,0,1
0,1,1,0,0,0,1,1,1,0,1,1,1,1,0,0,1,0,1,0,1,1,1,0,0,0,1,0,0,0,1,1,0,0,0,0,1,0,0,0
1,0,0,1,0,0,0,0,1,0,0,0,0,1,0,0,1,1,1,1,0,0,1,0,1,1,1,1,0,1,0,1,1,0,0,0,0,0,1,1
0,1,0,1,1,0,0,1,1,1,1,1,0,0,1,0,0,0,0,0,1,1,0,0,1,0,1,1,0,0,1,1,1,1,0,0,1,0,0,1
0,1,1,1,1,0,1,0,0,1,1,1,0,0,1,1,0,0,0,0,1,1,0,0,1,0,1,1,0,0,1,0,1,1,0,1,1,0,0,1
0,0,0,0,1,1,1,0,0,0,1,1,1,1,0,0,1,0,1,1,1,0,1,0,0,0,1,0,0,1,0,1,0,0,0,0,0,0,0,0
1,1,1,1,0,0,1,1,0,0,0,0,0,0,1,1,0,1,0,0,0,1,0,0,1,1,0,1,1,0,1,0,1,1,1,1,1,1,0,1
0,0,1,0,1,0,1,1,1,0,0,1,1,1,0,0,1,0,1,0,1,0,1,1,0,0,1,0,0,0,0,1,0,0,0,0,1,0,0,0
0,1,1,0,1,0,1,1,1,0,1,0,1,0,1,1,1,0,0,0,1,1,0,0,0,0,1,0,0,0,1,1,0,1,0,0,1,0,0,0
0,0,1,0,1,0,0,0,1,0,1,1,0,1,0,0,1,0,1,1,0,0,1,1,0,0,0,0,1,1,0,1,0,0,0,0,1,1,1,0
0,0,0,0,1,1,0,0,1,0,1,0,1,0,0,0,1,0,1,1,0,0,1,0,0,1,1,0,0,1,0,1,0,0,0,0,0,0,1,0
1,1,1,1,0,0,1,1,0,1,0,1,0,0,0,1,0,1,0,0,1,1,0,0,1,0,0,1,1,0,1,0,1,1,1,1,1,1,0,0
1,1,1,1,0,0,0,1,0,1,0,1,0,0,1,0,0,1,0,0,0,1,0,1,1,1,0,1,1,0,1,0,1,1,1,1,1,1,1,0
0,0,0,0,1,1,0,0,1,0,1,1,1,1,0,0,0,0,1,1,0,0,1,1,0,0,1,0,0,1,0,1,0,0,0,0,1,0,1,0
1,0,0,1,0,1,0,0,0,1,0,0,0,0,1,1,0,0,0,1,0,0,0,0,1,1,0,1,1,1,0,0,1,1,1,1,0,1,0,1
0,0,0,0,1,1,0,0,1,0,1,0,1,1,0,0,1,0,0,1,0,0,1,0,0,0,1,0,0,1,0,1,0,0,0,0,0,0,1,0
1,0,0,0,0,1,0,0,1,0,0,0,1,1,0,0,1,1,1,0,0,0,1,1,0,1,0,0,1,1,0,1,1,0,0,0,0,0,1,1
0,1,0,1,1,0,1,1,1,0,1,1,0,0,1,0,0,0,0,0,0,1,0,0,1,0,1,1,0,0,1,1,1,1,0,0,1,0,0,1
0,1,1,1,1,0,1,1,0,1,0,1,0,0,1,1,0,0,0,0,1,0,0,0,1,0,1,1,0,0,1,0,1,1,0,1,1,0,0,1
0,0,0,0,1,1,0,0,1,0,1,0,1,1,0,0,1,0,1,1,0,0,0,0,0,0,1,0,0,1,0,1,0,0,0,0,0,0,0,1
1,0,1,0,0,0,0,0,0,0,1,0,1,0,0,1,1,0,0,1,0,0,0,0,0,1,0,0,1,1,0,0,0,0,1,0,1,1,1,0
1,1,0,1,0,1,1,1,0,1,0,0,0,0,1,1,0,1,0,0,1,1,0,0,0,1,1,1,0,0,1,0,1,1,1,1,0,0,0,1
1,0,0,1,0,1,0,0,0,1,0,0,0,1,0,1,0,1,0,1,0,0,0,1,1,0,0,1,1,1,0,0,1,0,1,1,0,1,1,1
0,0,0,1,1,1,1,1,1,0,1,1,0,1,0,0,1,0,1,0,1,1,1,0,1,0,0,1,0,0,0,1,1,0,0,0,0,0,0,1
1,1,0,1,0,1,1,1,0,1,0,0,0,0,1,1,0,1,0,0,1,1,0,0,1,1,1,0,0,0,1,0,1,1,1,1,0,0,0,1
1,1,1,1,0,0,0,0,0,1,0,0,1,0,1,1,0,1,0,1,0,0,0,1,0,1,0,0,0,1,1,0,1,1,1,1,0,1,1,0
1,0,0,0,0,1,0,0,1,0,0,0,1,1,0,0,1,1,1,1,0,0,1,1,0,1,0,0,1,0,0,1,0,0,0,0,0,1,1,0
0,1,1,1,1,0,1,1,0,1,0,1,0,0,1,1,0,0,0,0,1,1,0,0,1,0,0,1,1,0,0,0,1,1,1,1,1,1,0,1
0,0,0,0,1,1,1,0,1,0,1,1,1,1,0,0,1,0,1,1,1,0,1,0,0,0,1,0,0,1,0,0,0,0,0,0,0,0,0,0
1,1,0,1,0,1,1,1,0,1,0,0,0,0,1,1,0,1,0,1,1,1,0,0,1,1,1,1,1,0,1,0,0,1,1,1,0,0,0,1
1,1,1,1,0,0,1,1,0,1,0,1,0,0,1,1,0,1,0,0,1,1,0,0,1,0,0,1,1,0,1,0,1,0,1,1,1,1,0,0
1,1,1,1,0,0,0,0,0,1,0,0,0,0,1,1,0,1,0,0,0,0,0,1,1,1,0,1,1,0,1,0,1,1,0,1,1,1,1,0
1,1,1,1,0,0,0,1,0,1,0,0,0,0,1,1,0,1,0,0,0,1,0,0,1,1,0,1,1,0,1,0,1,1,1,0,0,1,0,1
0,1,1,0,1,0,1,1,0,1,1,1,1,0,1,1,1,0,0,0,1,1,0,1,0,0,0,0,0,0,1,0,0,1,1,0,0,1,1,0
1,1,1,0,0,0,0,0,0,1,0,0,1,0,1,1,0,1,0,0,0,0,0,1,0,1,0,0,1,1,1,0,0,1,1,1,1,0,1,0
1,0,1,0,0,1,0,0,0,0,0,0,1,1,0,1,1,0,1,1,0,0,0,1,0,1,0,0,1,1,0,0,0,0,1,0,1,1,0,0
0,0,0,1,0,1,1,1,0,1,0,0,0,0,0,0,0,1,0,1,1,1,1,0,1,1,1,1,0,0,1,0,1,0,0,1,0,0,0,0
Time: 2025-10-24 00:46:00, Timestep: 47, Round: 2, Phase: TRANSMITTING, Aggregation Server: 21, Redistribution Server: TBD, Target Node: 21, Phase Length: 20, Timestep in Phase: 12, Current Connections: 21, Cumulative Connections: 27/30, Connected Sats: [0, 1, 2, 3, 4, 6, 7, 9, 10, 11, 14, 15, 17, 19, 20, 24, 25, 26, 27, 30, 31, 32, 33, 34, 35, 36, 39], Missing Sats: [8, 18, 22], Target Sats: [0, 1, 2, 3, 4, 6, 7, 8, 9, 10, 11, 14, 15, 17, 18, 19, 20, 22, 24, 25, 26, 27, 30, 31, 32, 33, 34, 35, 36, 39], Phase Complete: False
0,0,0,1,0,1,0,0,0,1,0,0,0,0,1,1,0,1,0,1,0,0,0,1,1,1,0,0,1,1,0,0,1,1,1,1,0,1,1,0
0,0,1,1,1,0,1,1,0,1,0,1,0,0,1,1,0,0,0,0,1,1,0,0,1,0,0,1,1,0,1,0,1,1,1,1,1,1,0,0
0,1,0,0,1,0,0,1,0,1,1,1,1,0,1,1,0,0,0,0,0,1,0,1,0,0,0,0,1,0,1,0,0,1,1,1,1,1,1,0
1,1,0,0,0,1,1,1,0,1,0,0,0,0,1,1,0,1,0,0,1,1,0,0,1,1,1,1,0,0,1,0,1,1,1,1,0,0,0,1
0,1,1,0,0,0,1,1,1,0,1,1,1,1,0,0,1,0,1,0,1,1,1,0,0,0,1,0,0,0,1,1,0,0,0,0,1,0,0,0
1,0,0,1,0,0,0,0,1,0,0,0,0,1,0,0,0,1,1,1,0,0,1,0,1,1,1,1,0,1,0,1,1,0,0,0,0,0,1,1
0,1,0,1,1,0,0,1,1,1,1,1,0,0,1,0,0,0,0,0,1,1,0,0,1,0,1,1,0,0,1,0,1,1,0,1,1,0,0,1
0,1,1,1,1,0,1,0,0,1,1,1,0,0,1,1,0,0,0,0,1,1,0,0,1,0,1,1,0,0,1,0,1,1,0,1,1,0,0,1
0,0,0,0,1,1,1,0,0,0,1,1,1,1,0,0,1,0,1,1,1,0,1,0,0,0,1,0,0,1,0,1,0,0,0,0,0,0,0,0
1,1,1,1,0,0,1,1,0,0,0,0,0,0,1,1,0,1,0,0,0,1,0,0,1,1,0,1,1,0,1,0,1,1,1,1,1,1,0,1
0,0,1,0,1,0,1,1,1,0,0,1,1,1,0,0,1,0,1,0,1,0,1,1,0,0,1,0,0,0,0,1,0,0,0,0,1,0,1,0
0,1,1,0,1,0,1,1,1,0,1,0,1,0,1,1,1,0,0,0,1,1,0,0,0,0,1,0,0,0,1,1,0,1,0,0,1,0,0,0
0,0,1,0,1,0,0,0,1,0,1,1,0,1,0,0,1,0,1,1,0,0,1,1,0,0,0,0,1,1,0,1,0,0,0,0,1,1,1,0
0,0,0,0,1,1,0,0,1,0,1,0,1,0,0,0,1,0,1,1,0,0,1,0,0,1,1,0,0,1,0,1,0,0,0,0,0,0,1,1
1,1,1,1,0,0,1,1,0,1,0,1,0,0,0,1,0,1,0,0,1,1,0,0,1,0,0,1,1,0,1,0,1,1,1,1,1,1,0,0
1,1,1,1,0,0,0,1,0,1,0,1,0,0,1,0,0,1,0,0,0,1,0,1,1,1,0,1,1,0,1,0,1,1,1,1,1,1,1,0
0,0,0,0,1,0,0,0,1,0,1,1,1,1,0,0,0,0,1,1,0,0,1,1,0,0,0,0,0,1,0,1,0,0,0,0,1,0,1,0
1,0,0,1,0,1,0,0,0,1,0,0,0,0,1,1,0,0,0,1,0,0,0,0,1,1,0,1,1,1,0,0,1,1,1,1,0,1,0,1
0,0,0,0,1,1,0,0,1,0,1,0,1,1,0,0,1,0,0,1,1,0,1,0,0,0,1,0,0,1,0,1,0,0,0,0,0,0,1,0
1,0,0,0,0,1,0,0,1,0,0,0,1,1,0,0,1,1,1,0,0,0,1,1,0,1,0,0,1,1,0,1,0,0,0,0,0,0,1,1
0,1,0,1,1,0,1,1,1,0,1,1,0,0,1,0,0,0,1,0,0,1,1,0,1,0,1,1,0,0,1,1,1,0,0,0,1,0,0,1
0,1,1,1,1,0,1,1,0,1,0,1,0,0,1,1,0,0,0,0,1,0,0,0,1,0,1,1,0,0,1,0,1,1,1,1,1,0,0,1
0,0,0,0,1,1,0,0,1,0,1,0,1,1,0,0,1,0,1,1,1,0,0,0,0,0,1,0,0,1,0,1,0,0,0,0,0,0,0,1
1,0,1,0,0,0,0,0,0,0,1,0,1,0,0,1,1,0,0,1,0,0,0,0,0,1,0,0,1,1,0,0,0,0,1,0,1,1,1,0
1,1,0,1,0,1,1,1,0,1,0,0,0,0,1,1,0,1,0,0,1,1,0,0,0,1,1,1,0,0,1,0,1,1,1,1,0,0,0,1
1,0,0,1,0,1,0,0,0,1,0,0,0,1,0,1,0,1,0,1,0,0,0,1,1,0,0,1,1,1,0,0,1,0,1,1,0,1,1,1
0,0,0,1,1,1,1,1,1,0,1,1,0,1,0,0,0,0,1,0,1,1,1,0,1,0,0,1,0,0,0,1,1,0,0,0,0,0,0,1
0,1,0,1,0,1,1,1,0,1,0,0,0,0,1,1,0,1,0,0,1,1,0,0,1,1,1,0,0,0,1,0,1,1,1,1,0,0,0,1
1,1,1,0,0,0,0,0,0,1,0,0,1,0,1,1,0,1,0,1,0,0,0,1,0,1,0,0,0,1,1,0,1,1,1,1,0,1,1,0
1,0,0,0,0,1,0,0,1,0,0,0,1,1,0,0,1,1,1,1,0,0,1,1,0,1,0,0,1,0,0,1,0,0,0,0,0,1,1,0
0,1,1,1,1,0,1,1,0,1,0,1,0,0,1,1,0,0,0,0,1,1,0,0,1,0,0,1,1,0,0,0,1,1,1,1,1,1,0,1
0,0,0,0,1,1,0,0,1,0,1,1,1,1,0,0,1,0,1,1,1,0,1,0,0,0,1,0,0,1,0,0,0,0,0,0,1,0,1,0
1,1,0,1,0,1,1,1,0,1,0,0,0,0,1,1,0,1,0,0,1,1,0,0,1,1,1,1,1,0,1,0,0,1,1,1,0,0,0,1
1,1,1,1,0,0,1,1,0,1,0,1,0,0,1,1,0,1,0,0,0,1,0,0,1,0,0,1,1,0,1,0,1,0,1,1,1,1,0,0
1,1,1,1,0,0,0,0,0,1,0,0,0,0,1,1,0,1,0,0,0,1,0,1,1,1,0,1,1,0,1,0,1,1,0,1,1,1,1,0
1,1,1,1,0,0,1,1,0,1,0,0,0,0,1,1,0,1,0,0,0,1,0,0,1,1,0,1,1,0,1,0,1,1,1,0,0,1,0,1
0,1,1,0,1,0,1,1,0,1,1,1,1,0,1,1,1,0,0,0,1,1,0,1,0,0,0,0,0,0,1,1,0,1,1,0,0,1,1,0
1,1,1,0,0,0,0,0,0,1,0,0,1,0,1,1,0,1,0,0,0,0,0,1,0,1,0,0,1,1,1,0,0,1,1,1,1,0,1,0
1,0,1,0,0,1,0,0,0,0,1,0,1,1,0,1,1,0,1,1,0,0,0,1,0,1,0,0,1,1,0,1,0,0,1,0,1,1,0,0
0,0,0,1,0,1,1,1,0,1,0,0,0,1,0,0,0,1,0,1,1,1,1,0,1,1,1,1,0,0,1,0,1,0,0,1,0,0,0,0
Time: 2025-10-24 00:47:00, Timestep: 48, Round: 2, Phase: TRANSMITTING, Aggregation Server: 21, Redistribution Server: TBD, Target Node: 21, Phase Length: 20, Timestep in Phase: 13, Current Connections: 21, Cumulative Connections: 27/30, Connected Sats: [0, 1, 2, 3, 4, 6, 7, 9, 10, 11, 14, 15, 17, 19, 20, 24, 25, 26, 27, 30, 31, 32, 33, 34, 35, 36, 39], Missing Sats: [8, 18, 22], Target Sats: [0, 1, 2, 3, 4, 6, 7, 8, 9, 10, 11, 14, 15, 17, 18, 19, 20, 22, 24, 25, 26, 27, 30, 31, 32, 33, 34, 35, 36, 39], Phase Complete: False
0,0,0,1,0,1,0,0,0,1,0,0,1,0,1,1,0,1,0,1,0,0,0,1,0,1,0,0,1,1,0,0,1,1,1,1,0,1,1,0
0,0,1,1,1,0,1,1,0,1,0,1,0,0,1,1,0,0,0,0,1,1,0,0,1,0,0,1,1,0,1,0,1,1,1,1,1,1,0,0
0,1,0,0,1,0,1,1,0,1,0,1,1,0,1,1,0,0,0,0,0,1,0,1,0,0,0,0,1,0,1,0,0,1,1,1,1,1,1,0
1,1,0,0,0,1,1,1,0,1,0,0,0,0,1,1,0,1,0,0,1,1,0,0,1,1,1,1,0,0,1,0,1,1,1,1,0,0,0,1
0,1,1,0,0,0,1,1,1,0,1,1,1,1,0,0,1,0,1,0,1,1,1,0,0,0,1,0,0,0,1,1,0,0,0,0,1,0,0,0
1,0,0,1,0,0,0,0,1,0,0,0,0,1,0,0,0,1,1,1,0,0,1,0,1,1,1,1,0,1,0,1,1,0,0,0,0,0,1,1
0,1,1,1,1,0,0,1,1,1,1,1,0,0,1,0,0,0,0,0,1,1,0,0,1,0,1,1,0,0,1,0,1,1,0,1,0,0,0,1
0,1,1,1,1,0,1,0,0,1,1,1,0,0,1,1,0,0,0,0,1,1,0,0,1,0,1,1,0,0,1,0,1,1,1,1,1,0,0,1
0,0,0,0,1,1,1,0,0,0,1,1,1,1,0,0,1,0,1,1,1,0,1,0,0,0,1,0,0,1,0,1,0,0,0,0,0,0,0,0
1,1,1,1,0,0,1,1,0,0,0,0,0,0,1,1,0,1,0,0,0,1,0,1,1,1,0,1,1,0,1,0,1,1,1,1,1,1,0,1
0,0,0,0,1,0,1,1,1,0,0,1,1,1,0,0,1,0,1,0,1,0,1,1,0,0,1,0,0,0,0,1,0,0,0,0,1,0,1,0
0,1,1,0,1,0,1,1,1,0,1,0,0,0,1,1,1,0,0,0,1,1,0,0,0,0,1,0,0,0,1,1,0,1,0,0,1,0,0,0
1,0,1,0,1,0,0,0,1,0,1,0,0,1,0,0,1,0,1,1,0,0,1,1,0,0,0,0,1,1,0,1,0,0,0,0,1,1,1,0
0,0,0,0,1,1,0,0,1,0,1,0,1,0,0,0,1,0,1,1,1,0,1,0,0,1,1,0,0,1,0,1,0,0,0,0,0,0,1,1
1,1,1,1,0,0,1,1,0,1,0,1,0,0,0,1,0,1,0,0,1,1,0,0,1,0,0,1,1,0,1,0,1,1,1,1,1,1,0,0
1,1,1,1,0,0,0,1,0,1,0,1,0,0,1,0,0,1,0,0,0,1,0,1,1,1,0,1,1,0,1,0,1,1,1,1,1,1,1,0
0,0,0,0,1,0,0,0,1,0,1,1,1,1,0,0,0,0,1,1,1,0,1,1,0,0,0,0,0,1,0,1,0,0,0,0,1,0,1,0
1,0,0,1,0,1,0,0,0,1,0,0,0,0,1,1,0,0,0,1,0,0,0,0,1,1,0,1,1,1,0,0,1,1,1,1,0,1,0,1
0,0,0,0,1,1,0,0,1,0,1,0,1,1,0,0,1,0,0,1,1,0,1,0,0,0,1,0,0,1,0,1,0,0,0,0,0,0,1,0
1,0,0,0,0,1,0,0,1,0,0,0,1,1,0,0,1,1,1,0,0,0,1,1,0,1,0,0,1,1,0,1,0,0,0,0,0,0,1,1
0,1,0,1,1,0,1,1,1,0,1,1,0,1,1,0,1,0,1,0,0,1,1,0,1,0,1,1,0,0,1,1,1,0,0,0,1,0,0,1
0,1,1,1,1,0,1,1,0,1,0,1,0,0,1,1,0,0,0,0,1,0,0,0,1,0,1,1,0,0,1,0,1,1,1,1,1,0,0,1
0,0,0,0,1,1,0,0,1,0,1,0,1,1,0,0,1,0,1,1,1,0,0,0,0,0,1,0,0,1,0,1,0,0,0,0,0,0,0,1
1,0,1,0,0,0,0,0,0,1,1,0,1,0,0,1,1,0,0,1,0,0,0,0,0,1,0,0,1,1,0,0,0,1,1,0,1,1,1,0
0,1,0,1,0,1,1,1,0,1,0,0,0,0,1,1,0,1,0,0,1,1,0,0,0,1,1,1,0,0,1,0,1,1,1,1,0,0,0,1
1,0,0,1,0,1,0,0,0,1,0,0,0,1,0,1,0,1,0,1,0,0,0,1,1,0,0,1,1,1,0,0,1,0,1,1,0,1,1,1
0,0,0,1,1,1,1,1,1,0,1,1,0,1,0,0,0,0,1,0,1,1,1,0,1,0,0,1,0,0,0,1,1,0,0,0,0,0,0,1
0,1,0,1,0,1,1,1,0,1,0,0,0,0,1,1,0,1,0,0,1,1,0,0,1,1,1,0,0,0,1,0,1,1,1,1,0,0,0,1
1,1,1,0,0,0,0,0,0,1,0,0,1,0,1,1,0,1,0,1,0,0,0,1,0,1,0,0,0,1,1,0,1,1,1,1,0,1,1,0
1,0,0,0,0,1,0,0,1,0,0,0,1,1,0,0,1,1,1,1,0,0,1,1,0,1,0,0,1,0,0,1,0,0,0,0,0,1,1,0
0,1,1,1,1,0,1,1,0,1,0,1,0,0,1,1,0,0,0,0,1,1,0,0,1,0,0,1,1,0,0,0,1,1,1,1,1,1,0,0
0,0,0,0,1,1,0,0,1,0,1,1,1,1,0,0,1,0,1,1,1,0,1,0,0,0,1,0,0,1,0,0,0,0,0,0,1,0,1,0
1,1,0,1,0,1,1,1,0,1,0,0,0,0,1,1,0,1,0,0,1,1,0,0,1,1,1,1,1,0,1,0,0,1,1,1,0,0,0,1
1,1,1,1,0,0,1,1,0,1,0,1,0,0,1,1,0,1,0,0,0,1,0,1,1,0,0,1,1,0,1,0,1,0,1,1,1,1,0,0
1,1,1,1,0,0,0,1,0,1,0,0,0,0,1,1,0,1,0,0,0,1,0,1,1,1,0,1,1,0,1,0,1,1,0,1,0,1,1,0
1,1,1,1,0,0,1,1,0,1,0,0,0,0,1,1,0,1,0,0,0,1,0,0,1,1,0,1,1,0,1,0,1,1,1,0,0,1,0,1
0,1,1,0,1,0,0,1,0,1,1,1,1,0,1,1,1,0,0,0,1,1,0,1,0,0,0,0,0,0,1,1,0,1,0,0,0,1,1,0
1,1,1,0,0,0,0,0,0,1,0,0,1,0,1,1,0,1,0,0,0,0,0,1,0,1,0,0,1,1,1,0,0,1,1,1,1,0,1,0
1,0,1,0,0,1,0,0,0,0,1,0,1,1,0,1,1,0,1,1,0,0,0,1,0,1,0,0,1,1,0,1,0,0,1,0,1,1,0,0
0,0,0,1,0,1,1,1,0,1,0,0,0,1,0,0,0,1,0,1,1,1,1,0,1,1,1,1,0,0,0,0,1,0,0,1,0,0,0,0
Time: 2025-10-24 00:48:00, Timestep: 49, Round: 2, Phase: TRANSMITTING, Aggregation Server: 21, Redistribution Server: TBD, Target Node: 21, Phase Length: 20, Timestep in Phase: 14, Current Connections: 21, Cumulative Connections: 27/30, Connected Sats: [0, 1, 2, 3, 4, 6, 7, 9, 10, 11, 14, 15, 17, 19, 20, 24, 25, 26, 27, 30, 31, 32, 33, 34, 35, 36, 39], Missing Sats: [8, 18, 22], Target Sats: [0, 1, 2, 3, 4, 6, 7, 8, 9, 10, 11, 14, 15, 17, 18, 19, 20, 22, 24, 25, 26, 27, 30, 31, 32, 33, 34, 35, 36, 39], Phase Complete: False
0,0,0,1,0,1,0,0,0,1,0,0,1,0,1,1,0,1,0,1,0,0,0,1,0,1,0,0,1,1,0,0,1,1,1,1,0,1,1,0
0,0,1,1,0,0,1,1,0,1,0,1,0,0,1,1,0,0,0,0,1,1,0,0,1,0,0,1,1,0,1,0,1,1,1,1,1,1,0,0
0,1,0,0,0,0,1,1,0,1,0,1,1,0,1,1,0,0,0,0,0,1,0,1,0,0,0,0,1,0,1,0,0,1,1,1,1,1,0,0
1,1,0,0,0,1,1,1,0,1,0,0,0,0,1,1,0,1,0,0,1,1,0,0,1,1,1,1,0,0,1,0,1,1,1,1,0,0,0,1
0,0,0,0,0,0,1,1,1,0,1,1,1,1,0,0,1,0,1,0,1,1,1,0,0,0,1,0,0,0,0,1,0,0,0,0,1,0,0,0
1,0,0,1,0,0,0,0,1,0,0,0,0,1,0,0,0,1,1,1,0,0,1,0,1,1,1,1,0,1,0,1,1,0,0,0,0,0,1,1
0,1,1,1,1,0,0,1,1,1,0,1,0,0,1,0,0,0,0,0,1,1,0,0,1,0,1,1,0,0,1,0,1,1,0,1,0,0,0,1
0,1,1,1,1,0,1,0,0,1,1,1,0,0,1,1,0,0,0,0,1,1,0,0,1,0,1,1,0,0,1,0,1,1,1,1,1,0,0,1
0,0,0,0,1,1,1,0,0,0,1,1,1,1,0,0,1,0,1,1,1,0,1,0,0,0,1,0,0,1,0,1,0,0,0,0,0,0,0,1
1,1,1,1,0,0,1,1,0,0,0,0,0,0,1,1,0,1,0,0,0,1,0,1,1,1,0,1,1,0,1,0,1,1,1,1,1,1,0,0
0,0,0,0,1,0,0,1,1,0,0,1,1,1,0,0,1,0,1,0,1,0,1,1,0,0,1,0,0,1,0,1,0,0,0,0,1,0,1,0
0,1,1,0,1,0,1,1,1,0,1,0,0,0,1,1,1,0,0,0,1,1,0,0,0,0,1,1,0,0,1,1,0,1,0,0,1,0,0,0
1,0,1,0,1,0,0,0,1,0,1,0,0,1,0,0,1,0,1,1,0,0,1,1,0,0,0,0,1,1,0,1,0,0,0,0,1,1,1,0
0,0,0,0,1,1,0,0,1,0,1,0,1,0,0,0,1,0,1,1,1,0,1,0,0,1,1,0,0,1,0,1,0,0,0,0,0,0,1,1
1,1,1,1,0,0,1,1,0,1,0,1,0,0,0,1,0,0,0,0,0,1,0,1,1,0,0,1,1,0,1,0,1,1,1,1,1,1,0,0
1,1,1,1,0,0,0,1,0,1,0,1,0,0,1,0,0,1,0,0,0,1,0,1,1,1,0,1,1,0,1,0,1,1,1,1,1,1,0,0
0,0,0,0,1,0,0,0,1,0,1,1,1,1,0,0,0,0,1,1,1,0,1,1,0,0,0,0,0,1,0,1,0,0,0,0,1,0,1,0
1,0,0,1,0,1,0,0,0,1,0,0,0,0,0,1,0,0,0,1,0,0,0,1,1,1,0,1,1,1,0,0,1,1,1,1,0,1,1,1
0,0,0,0,1,1,0,0,1,0,1,0,1,1,0,0,1,0,0,1,1,0,1,0,0,0,1,0,0,1,0,1,0,0,0,0,0,0,1,1
1,0,0,0,0,1,0,0,1,0,0,0,1,1,0,0,1,1,1,0,0,0,1,1,0,1,0,0,1,1,0,1,0,0,0,0,0,0,1,1
0,1,0,1,1,0,1,1,1,0,1,1,0,1,0,0,1,0,1,0,0,1,1,0,1,0,1,1,0,0,1,1,1,0,0,0,1,0,0,1
0,1,1,1,1,0,1,1,0,1,0,1,0,0,1,1,0,0,0,0,1,0,0,0,1,0,1,1,0,0,1,0,1,1,1,1,1,0,0,1
0,0,0,0,1,1,0,0,1,0,1,0,1,1,0,0,1,0,1,1,1,0,0,0,0,0,1,0,0,1,0,1,0,0,0,0,0,0,0,1
1,0,1,0,0,0,0,0,0,1,1,0,1,0,1,1,1,1,0,1,0,0,0,0,0,1,0,0,1,1,0,0,0,1,1,0,1,1,1,0
0,1,0,1,0,1,1,1,0,1,0,0,0,0,1,1,0,1,0,0,1,1,0,0,0,1,1,1,0,0,1,0,1,1,1,1,0,0,0,1
1,0,0,1,0,1,0,0,0,1,0,0,0,1,0,1,0,1,0,1,0,0,0,1,1,0,0,0,1,1,0,0,1,0,1,1,0,1,1,1
0,0,0,1,1,1,1,1,1,0,1,1,0,1,0,0,0,0,1,0,1,1,1,0,1,0,0,1,0,0,0,1,1,0,0,0,0,0,0,1
0,1,0,1,0,1,1,1,0,1,0,1,0,0,1,1,0,1,0,0,1,1,0,0,1,0,1,0,0,0,1,0,1,1,1,1,0,0,0,1
1,1,1,0,0,0,0,0,0,1,0,0,1,0,1,1,0,1,0,1,0,0,0,1,0,1,0,0,0,1,1,0,0,1,1,1,0,1,1,0
1,0,0,0,0,1,0,0,1,0,1,0,1,1,0,0,1,1,1,1,0,0,1,1,0,1,0,0,1,0,0,1,0,0,0,0,0,1,1,0
0,1,1,1,0,0,1,1,0,1,0,1,0,0,1,1,0,0,0,0,1,1,0,0,1,0,0,1,1,0,0,0,1,1,1,1,1,1,0,0
0,0,0,0,1,1,0,0,1,0,1,1,1,1,0,0,1,0,1,1,1,0,1,0,0,0,1,0,0,1,0,0,0,0,0,0,1,0,1,0
1,1,0,1,0,1,1,1,0,1,0,0,0,0,1,1,0,1,0,0,1,1,0,0,1,1,1,1,0,0,1,0,0,1,1,1,0,0,0,1
1,1,1,1,0,0,1,1,0,1,0,1,0,0,1,1,0,1,0,0,0,1,0,1,1,0,0,1,1,0,1,0,1,0,1,1,1,1,0,0
1,1,1,1,0,0,0,1,0,1,0,0,0,0,1,1,0,1,0,0,0,1,0,1,1,1,0,1,1,0,1,0,1,1,0,1,0,1,0,0
1,1,1,1,0,0,1,1,0,1,0,0,0,0,1,1,0,1,0,0,0,1,0,0,1,1,0,1,1,0,1,0,1,1,1,0,0,1,0,1
0,1,1,0,1,0,0,1,0,1,1,1,1,0,1,1,1,0,0,0,1,1,0,1,0,0,0,0,0,0,1,1,0,1,0,0,0,1,1,0
1,1,1,0,0,0,0,0,0,1,0,0,1,0,1,1,0,1,0,0,0,0,0,1,0,1,0,0,1,1,1,0,0,1,1,1,1,0,1,0
1,0,0,0,0,1,0,0,0,0,1,0,1,1,0,0,1,1,1,1,0,0,0,1,0,1,0,0,1,1,0,1,0,0,0,0,1,1,0,0
0,0,0,1,0,1,1,1,1,0,0,0,0,1,0,0,0,1,1,1,1,1,1,0,1,1,1,1,0,0,0,0,1,0,0,1,0,0,0,0
Time: 2025-10-24 00:49:00, Timestep: 50, Round: 2, Phase: TRANSMITTING, Aggregation Server: 21, Redistribution Server: TBD, Target Node: 21, Phase Length: 20, Timestep in Phase: 15, Current Connections: 21, Cumulative Connections: 27/30, Connected Sats: [0, 1, 2, 3, 4, 6, 7, 9, 10, 11, 14, 15, 17, 19, 20, 24, 25, 26, 27, 30, 31, 32, 33, 34, 35, 36, 39], Missing Sats: [8, 18, 22], Target Sats: [0, 1, 2, 3, 4, 6, 7, 8, 9, 10, 11, 14, 15, 17, 18, 19, 20, 22, 24, 25, 26, 27, 30, 31, 32, 33, 34, 35, 36, 39], Phase Complete: False
0,0,0,1,0,1,0,0,0,1,0,0,1,0,1,1,0,1,0,1,0,0,0,1,0,1,0,0,1,1,0,0,1,1,1,1,0,1,1,0
0,0,1,1,0,0,1,1,0,1,0,1,0,0,1,1,0,0,0,0,1,1,0,1,1,0,0,1,1,0,1,0,1,1,1,1,1,1,0,0
0,1,0,0,0,0,1,1,0,1,0,1,1,0,1,1,0,0,0,0,0,1,0,1,0,0,0,0,1,0,1,0,0,1,1,1,1,1,0,0
1,1,0,0,0,1,1,1,0,1,0,0,0,0,1,1,0,1,0,0,1,1,0,0,1,1,1,1,0,0,1,0,1,1,1,1,0,0,0,1
0,0,0,0,0,0,1,1,1,0,1,1,1,1,0,0,1,0,1,0,1,1,1,0,0,0,1,0,0,0,0,1,0,0,0,0,1,0,0,0
1,0,0,1,0,0,0,0,1,0,0,0,0,1,0,0,0,1,1,1,0,0,1,0,1,1,1,1,0,1,0,0,1,0,0,1,0,0,1,1
0,1,1,1,1,0,0,1,1,1,0,1,0,0,1,1,0,0,0,0,1,1,0,0,1,0,1,1,0,0,1,0,1,1,0,1,0,0,0,1
0,1,1,1,1,0,1,0,0,1,0,1,0,0,1,1,0,0,0,0,1,1,0,0,1,0,1,1,0,0,1,0,1,1,1,1,1,0,0,1
0,0,0,0,1,1,1,0,0,0,1,1,1,1,0,0,1,0,1,1,1,0,1,0,0,0,1,0,0,1,0,1,0,0,0,0,1,0,0,1
1,1,1,1,0,0,1,1,0,0,0,0,0,0,1,1,0,1,0,0,0,1,0,1,1,1,0,1,1,0,1,0,1,1,1,1,0,1,0,0
0,0,0,0,1,0,0,0,1,0,0,1,1,1,0,0,1,0,1,0,1,0,1,1,0,0,0,0,0,1,0,1,0,0,0,0,1,0,1,0
0,1,1,0,1,0,1,1,1,0,1,0,0,0,1,1,1,0,0,0,1,1,0,0,1,0,1,1,0,0,1,1,0,1,0,0,1,0,0,0
1,0,1,0,1,0,0,0,1,0,1,0,0,1,0,0,1,0,1,1,0,0,1,1,0,1,0,0,1,1,0,1,0,0,0,0,1,1,1,0
0,0,0,0,1,1,0,0,1,0,1,0,1,0,0,0,1,0,1,1,1,0,1,0,0,1,1,0,0,1,0,1,0,0,0,0,0,0,1,1
1,1,1,1,0,0,1,1,0,1,0,1,0,0,0,1,0,0,0,0,0,1,0,1,1,0,0,1,1,0,1,0,1,1,1,1,1,1,0,0
1,1,1,1,0,0,1,1,0,1,0,1,0,0,1,0,0,1,0,0,0,1,0,1,1,1,0,1,1,0,1,0,1,1,1,1,1,1,0,0
0,0,0,0,1,0,0,0,1,0,1,1,1,1,0,0,0,0,1,1,1,0,1,1,0,0,0,0,0,1,0,1,0,0,0,0,1,0,1,0
1,0,0,1,0,1,0,0,0,1,0,0,0,0,0,1,0,0,0,1,0,0,0,1,1,1,0,1,1,1,0,0,1,1,1,1,0,1,1,1
0,0,0,0,1,1,0,0,1,0,1,0,1,1,0,0,1,0,0,1,1,0,1,0,0,0,1,0,0,1,0,1,0,0,0,0,0,0,1,1
1,0,0,0,0,1,0,0,1,0,0,0,1,1,0,0,1,1,1,0,0,0,1,1,0,1,0,0,1,1,0,1,0,0,0,0,0,0,1,1
0,1,0,1,1,0,1,1,1,0,1,1,0,1,0,0,1,0,1,0,0,1,1,0,1,0,1,1,0,0,1,1,1,0,0,0,1,0,0,1
0,1,1,1,1,0,1,1,0,1,0,1,0,0,1,1,0,0,0,0,1,0,0,0,1,0,1,1,0,0,1,0,1,1,1,1,1,0,0,1
0,0,0,0,1,1,0,0,1,0,1,0,1,1,0,0,1,0,1,1,1,0,0,0,0,0,1,0,0,1,0,1,0,0,0,0,0,0,0,1
1,1,1,0,0,0,0,0,0,1,1,0,1,0,1,1,1,1,0,1,0,0,0,0,0,1,0,0,1,1,0,0,0,1,1,0,1,1,1,0
0,1,0,1,0,1,1,1,0,1,0,1,0,0,1,1,0,1,0,0,1,1,0,0,0,0,1,1,0,0,1,0,1,1,1,1,0,0,0,1
1,0,0,1,0,1,0,0,0,1,0,0,1,1,0,1,0,1,0,1,0,0,0,1,0,0,0,0,1,1,0,0,1,0,1,1,0,1,1,1
0,0,0,1,1,1,1,1,1,0,0,1,0,1,0,0,0,0,1,0,1,1,1,0,1,0,0,1,0,0,0,1,1,0,0,0,0,0,0,1
0,1,0,1,0,1,1,1,0,1,0,1,0,0,1,1,0,1,0,0,1,1,0,0,1,0,1,0,0,0,1,0,1,1,1,1,0,0,0,1
1,1,1,0,0,0,0,0,0,1,0,0,1,0,1,1,0,1,0,1,0,0,0,1,0,1,0,0,0,1,1,0,0,1,1,1,0,1,1,0
1,0,0,0,0,1,0,0,1,0,1,0,1,1,0,0,1,1,1,1,0,0,1,1,0,1,0,0,1,0,0,1,0,0,0,0,0,0,1,0
0,1,1,1,0,0,1,1,0,1,0,1,0,0,1,1,0,0,0,0,1,1,0,0,1,0,0,1,1,0,0,0,1,1,1,1,1,1,0,0
0,0,0,0,1,0,0,0,1,0,1,1,1,1,0,0,1,0,1,1,1,0,1,0,0,0,1,0,0,1,0,0,0,0,0,0,1,0,1,0
1,1,0,1,0,1,1,1,0,1,0,0,0,0,1,1,0,1,0,0,1,1,0,0,1,1,1,1,0,0,1,0,0,1,1,1,0,0,0,1
1,1,1,1,0,0,1,1,0,1,0,1,0,0,1,1,0,1,0,0,0,1,0,1,1,0,0,1,1,0,1,0,1,0,1,1,1,1,0,0
1,1,1,1,0,0,0,1,0,1,0,0,0,0,1,1,0,1,0,0,0,1,0,1,1,1,0,1,1,0,1,0,1,1,0,1,0,1,0,0
1,1,1,1,0,1,1,1,0,1,0,0,0,0,1,1,0,1,0,0,0,1,0,0,1,1,0,1,1,0,1,0,1,1,1,0,0,1,0,1
0,1,1,0,1,0,0,1,1,0,1,1,1,0,1,1,1,0,0,0,1,1,0,1,0,0,0,0,0,0,1,1,0,1,0,0,0,1,1,0
1,1,1,0,0,0,0,0,0,1,0,0,1,0,1,1,0,1,0,0,0,0,0,1,0,1,0,0,1,0,1,0,0,1,1,1,1,0,1,0
1,0,0,0,0,1,0,0,0,0,1,0,1,1,0,0,1,1,1,1,0,0,0,1,0,1,0,0,1,1,0,1,0,0,0,0,1,1,0,0
0,0,0,1,0,1,1,1,1,0,0,0,0,1,0,0,0,1,1,1,1,1,1,0,1,1,1,1,0,0,0,0,1,0,0,1,0,0,0,0
Time: 2025-10-24 00:50:00, Timestep: 51, Round: 2, Phase: TRANSMITTING, Aggregation Server: 21, Redistribution Server: TBD, Target Node: 21, Phase Length: 20, Timestep in Phase: 16, Current Connections: 22, Cumulative Connections: 28/30, Connected Sats: [0, 1, 2, 3, 4, 6, 7, 8, 9, 10, 11, 14, 15, 17, 19, 20, 24, 25, 26, 27, 30, 31, 32, 33, 34, 35, 36, 39], Missing Sats: [18, 22], Target Sats: [0, 1, 2, 3, 4, 6, 7, 8, 9, 10, 11, 14, 15, 17, 18, 19, 20, 22, 24, 25, 26, 27, 30, 31, 32, 33, 34, 35, 36, 39], Phase Complete: False
0,0,0,0,0,1,0,0,0,1,0,0,1,0,1,1,0,1,0,1,0,0,0,1,0,1,0,0,1,1,0,0,1,1,1,1,0,1,1,0
0,0,1,1,0,0,1,1,0,1,0,1,0,0,1,1,0,0,0,0,0,1,0,1,1,0,0,1,1,0,1,0,1,1,1,1,1,1,0,0
0,1,0,1,0,0,1,1,0,1,0,1,1,0,1,1,0,0,0,0,0,1,0,1,1,0,0,0,1,0,1,0,1,1,1,1,1,1,0,0
0,1,1,0,0,1,1,1,0,1,0,0,0,0,1,1,0,1,0,0,1,1,0,0,1,1,1,1,0,0,1,0,1,1,1,1,0,0,0,1
0,0,0,0,0,0,1,1,1,0,1,1,1,1,0,0,1,0,1,0,1,1,1,0,0,0,1,0,0,0,0,1,0,0,0,0,1,0,0,0
1,0,0,1,0,0,0,0,1,0,0,0,0,1,0,0,0,1,1,1,0,0,1,0,1,1,1,1,0,1,0,0,1,0,0,1,0,0,1,1
0,1,1,1,1,0,0,1,1,1,0,1,0,0,1,1,0,0,0,0,1,1,0,0,1,0,1,1,0,0,1,0,1,1,1,1,0,0,0,1
0,1,1,1,1,0,1,0,0,1,0,1,0,0,1,1,0,0,0,0,1,1,0,0,1,0,1,1,0,0,1,0,1,1,1,1,1,0,0,1
0,0,0,0,1,1,1,0,0,0,1,1,1,1,0,0,1,0,1,1,1,1,1,0,0,0,1,0,0,1,0,1,0,0,0,0,1,0,0,1
1,1,1,1,0,0,1,1,0,0,0,0,0,0,1,1,0,1,0,0,0,1,0,1,1,1,0,1,1,0,1,0,1,1,1,1,0,1,0,0
0,0,0,0,1,0,0,0,1,0,0,1,1,1,0,0,1,0,1,1,1,0,1,1,0,0,0,0,0,1,0,1,0,0,0,0,1,0,1,0
0,1,1,0,1,0,1,1,1,0,1,0,0,0,1,1,1,0,0,0,1,1,0,0,1,0,1,1,0,0,1,1,0,1,0,0,1,0,0,0
1,0,1,0,1,0,0,0,1,0,1,0,0,0,0,0,1,0,1,1,0,0,0,1,0,1,0,0,1,1,0,1,0,0,0,0,1,1,1,0
0,0,0,0,1,1,0,0,1,0,1,0,0,0,0,0,1,0,1,1,1,0,1,0,0,1,1,0,0,1,0,1,0,0,0,0,0,0,1,1
1,1,1,1,0,0,1,1,0,1,0,1,0,0,0,1,0,0,0,0,0,1,0,1,1,0,0,1,1,0,1,0,1,1,1,1,1,1,0,0
1,1,1,1,0,0,1,1,0,1,0,1,0,0,1,0,0,1,0,0,0,1,0,1,1,0,0,1,1,0,1,0,1,1,1,1,1,1,0,0
0,0,0,0,1,0,0,0,1,0,1,1,1,1,0,0,0,0,1,1,1,0,1,1,0,0,0,0,0,1,0,1,0,0,0,0,1,0,1,0
1,0,0,1,0,1,0,0,0,1,0,0,0,0,0,1,0,0,0,1,0,0,0,1,1,1,0,1,1,1,0,0,1,1,1,1,0,1,1,1
0,0,0,0,1,1,0,0,1,0,1,0,1,1,0,0,1,0,0,1,1,0,1,0,0,0,1,0,0,1,0,1,0,0,0,0,0,0,1,1
1,0,0,0,0,1,0,0,1,0,1,0,1,1,0,0,1,1,1,0,0,0,1,1,0,1,0,0,1,1,0,1,0,0,0,0,0,0,1,1
0,0,0,1,1,0,1,1,1,0,1,1,0,1,0,0,1,0,1,0,0,1,1,0,1,0,1,1,0,0,1,1,1,0,0,0,1,0,0,1
0,1,1,1,1,0,1,1,1,1,0,1,0,0,1,1,0,0,0,0,1,0,0,0,1,0,1,1,0,0,1,0,1,1,1,1,1,0,0,1
0,0,0,0,1,1,0,0,1,0,1,0,0,1,0,0,1,0,1,1,1,0,0,0,0,0,1,0,0,1,0,1,0,0,0,0,0,0,0,1
1,1,1,0,0,0,0,0,0,1,1,0,1,0,1,1,1,1,0,1,0,0,0,0,0,1,0,0,1,1,1,0,0,1,1,0,1,1,1,0
0,1,1,1,0,1,1,1,0,1,0,1,0,0,1,1,0,1,0,0,1,1,0,0,0,0,1,1,0,0,1,0,1,1,1,1,0,0,0,1
1,0,0,1,0,1,0,0,0,1,0,0,1,1,0,0,0,1,0,1,0,0,0,1,0,0,0,0,1,1,0,0,1,0,1,1,0,1,1,1
0,0,0,1,1,1,1,1,1,0,0,1,0,1,0,0,0,0,1,0,1,1,1,0,1,0,0,1,0,0,0,0,1,0,0,1,0,0,0,1
0,1,0,1,0,1,1,1,0,1,0,1,0,0,1,1,0,1,0,0,1,1,0,0,1,0,1,0,0,0,1,0,1,1,1,1,0,0,0,1
1,1,1,0,0,0,0,0,0,1,0,0,1,0,1,1,0,1,0,1,0,0,0,1,0,1,0,0,0,1,1,0,0,1,1,1,1,1,1,0
1,0,0,0,0,1,0,0,1,0,1,0,1,1,0,0,1,1,1,1,0,0,1,1,0,1,0,0,1,0,0,1,0,0,0,0,0,0,1,0
0,1,1,1,0,0,1,1,0,1,0,1,0,0,1,1,0,0,0,0,1,1,0,1,1,0,0,1,1,0,0,0,1,1,1,1,1,1,0,0
0,0,0,0,1,0,0,0,1,0,1,1,1,1,0,0,1,0,1,1,1,0,1,0,0,0,0,0,0,1,0,0,0,0,0,0,1,0,1,0
1,1,1,1,0,1,1,1,0,1,0,0,0,0,1,1,0,1,0,0,1,1,0,0,1,1,1,1,0,0,1,0,0,1,1,1,0,0,0,1
1,1,1,1,0,0,1,1,0,1,0,1,0,0,1,1,0,1,0,0,0,1,0,1,1,0,0,1,1,0,1,0,1,0,1,1,1,1,0,0
1,1,1,1,0,0,1,1,0,1,0,0,0,0,1,1,0,1,0,0,0,1,0,1,1,1,0,1,1,0,1,0,1,1,0,1,0,1,0,0
1,1,1,1,0,1,1,1,0,1,0,0,0,0,1,1,0,1,0,0,0,1,0,0,1,1,1,1,1,0,1,0,1,1,1,0,0,1,0,1
0,1,1,0,1,0,0,1,1,0,1,1,1,0,1,1,1,0,0,0,1,1,0,1,0,0,0,0,1,0,1,1,0,1,0,0,0,1,1,0
1,1,1,0,0,0,0,0,0,1,0,0,1,0,1,1,0,1,0,0,0,0,0,1,0,1,0,0,1,0,1,0,0,1,1,1,1,0,1,0
1,0,0,0,0,1,0,0,0,0,1,0,1,1,0,0,1,1,1,1,0,0,0,1,0,1,0,0,1,1,0,1,0,0,0,0,1,1,0,0
0,0,0,1,0,1,1,1,1,0,0,0,0,1,0,0,0,1,1,1,1,1,1,0,1,1,1,1,0,0,0,0,1,0,0,1,0,0,0,0
Time: 2025-10-24 00:51:00, Timestep: 52, Round: 2, Phase: TRANSMITTING, Aggregation Server: 21, Redistribution Server: TBD, Target Node: 21, Phase Length: 20, Timestep in Phase: 17, Current Connections: 22, Cumulative Connections: 28/30, Connected Sats: [0, 1, 2, 3, 4, 6, 7, 8, 9, 10, 11, 14, 15, 17, 19, 20, 24, 25, 26, 27, 30, 31, 32, 33, 34, 35, 36, 39], Missing Sats: [18, 22], Target Sats: [0, 1, 2, 3, 4, 6, 7, 8, 9, 10, 11, 14, 15, 17, 18, 19, 20, 22, 24, 25, 26, 27, 30, 31, 32, 33, 34, 35, 36, 39], Phase Complete: False
0,0,0,0,0,1,0,0,0,1,0,0,1,0,1,1,0,1,0,1,0,0,0,1,0,1,0,0,1,1,0,0,1,1,1,1,0,1,1,0
0,0,1,1,0,0,1,1,0,1,0,1,0,0,1,1,0,0,0,0,0,1,0,1,1,0,0,1,1,0,1,0,1,1,1,1,1,1,0,0
0,1,0,1,0,0,1,1,0,1,0,1,1,0,1,1,0,0,0,0,0,1,0,1,1,0,0,1,1,0,1,0,1,1,1,1,1,1,0,0
0,1,1,0,0,1,1,1,0,1,0,0,0,0,1,1,0,1,0,0,1,1,0,0,1,1,1,1,0,0,1,0,1,1,1,1,0,0,0,1
0,0,0,0,0,0,1,1,1,0,1,1,1,1,0,0,1,0,1,0,1,1,1,0,0,0,1,0,0,0,0,1,0,0,0,0,1,0,0,0
1,0,0,1,0,0,0,0,1,0,0,0,0,1,0,0,0,1,1,1,0,0,1,0,1,1,1,1,0,1,0,0,1,0,0,1,0,0,1,1
0,1,1,1,1,0,0,1,1,1,0,1,0,0,1,1,0,0,0,0,1,1,0,0,1,0,1,1,0,0,1,0,1,1,1,1,0,0,0,1
0,1,1,1,1,0,1,0,0,1,0,1,0,0,1,1,0,0,0,0,1,1,0,0,1,0,1,1,0,0,1,0,1,1,1,1,1,1,0,1
0,0,0,0,1,1,1,0,0,0,1,1,0,1,0,0,1,0,1,1,1,1,1,0,0,0,1,0,0,1,0,1,0,0,0,0,1,0,0,1
1,1,1,1,0,0,1,1,0,0,0,0,0,0,1,1,0,1,0,0,0,1,0,1,1,1,0,1,1,0,1,0,1,1,1,1,0,1,0,0
0,0,0,0,1,0,0,0,1,0,0,1,1,1,0,0,1,0,1,1,1,0,1,1,0,0,0,0,0,1,0,1,0,0,0,0,1,0,1,0
0,1,1,0,1,0,1,1,1,0,1,0,0,0,1,1,1,0,0,0,1,1,0,0,1,0,1,1,0,0,1,1,0,1,0,0,1,0,0,0
1,0,1,0,1,0,0,0,0,0,1,0,0,0,0,0,1,0,1,1,0,0,0,1,0,1,0,0,1,1,0,1,0,0,0,0,1,1,1,0
0,0,0,0,1,1,0,0,1,0,1,0,0,0,0,0,1,0,1,1,1,0,1,0,0,1,1,0,0,1,0,1,0,0,0,0,0,0,1,1
1,1,1,1,0,0,1,1,0,1,0,1,0,0,0,1,0,0,0,0,0,1,0,1,1,0,0,1,1,0,1,0,1,1,1,1,1,1,0,0
1,1,1,1,0,0,1,1,0,1,0,1,0,0,1,0,0,1,0,0,0,1,0,1,1,0,0,1,1,0,1,0,1,1,1,1,1,1,0,0
0,0,0,0,1,0,0,0,1,0,1,1,1,1,0,0,0,0,1,1,1,0,1,1,0,0,0,0,0,1,0,1,0,0,0,0,1,0,1,0
1,0,0,1,0,1,0,0,0,1,0,0,0,0,0,1,0,0,0,1,0,0,0,1,1,1,0,1,1,1,0,0,1,1,1,1,0,1,1,1
0,0,0,0,1,1,0,0,1,0,1,0,1,1,0,0,1,0,0,1,1,0,1,0,0,0,1,0,0,1,0,1,0,0,0,0,0,0,1,1
1,0,0,0,0,1,0,0,1,0,1,0,1,1,0,0,1,1,1,0,0,0,1,0,0,1,0,0,1,1,0,1,0,0,0,0,0,0,1,1
0,0,0,1,1,0,1,1,1,0,1,1,0,1,0,0,1,0,1,0,0,1,1,0,1,0,1,1,0,0,0,1,1,0,0,0,0,0,0,1
0,1,1,1,1,0,1,1,1,1,0,1,0,0,1,1,0,0,0,0,1,0,0,0,1,0,1,1,0,0,1,0,1,1,1,1,1,0,0,1
0,0,0,0,1,1,0,0,1,0,1,0,0,1,0,0,1,0,1,1,1,0,0,0,0,0,1,0,0,1,0,1,0,0,0,0,0,0,0,1
1,1,1,0,0,0,0,0,0,1,1,0,1,0,1,1,1,1,0,0,0,0,0,0,0,1,0,0,1,1,1,0,0,1,1,0,1,1,1,0
0,1,1,1,0,1,1,1,0,1,0,1,0,0,1,1,0,1,0,0,1,1,0,0,0,0,1,1,0,0,1,0,1,1,1,1,0,0,0,1
1,0,0,1,0,1,0,0,0,1,0,0,1,1,0,0,0,1,0,1,0,0,0,1,0,0,0,0,1,1,0,0,1,0,1,1,0,1,1,1
0,0,0,1,1,1,1,1,1,0,0,1,0,1,0,0,0,0,1,0,1,1,1,0,1,0,0,1,0,0,0,0,1,0,0,1,0,0,0,1
0,1,1,1,0,1,1,1,0,1,0,1,0,0,1,1,0,1,0,0,1,1,0,0,1,0,1,0,0,0,1,0,1,1,1,1,0,0,0,1
1,1,1,0,0,0,0,0,0,1,0,0,1,0,1,1,0,1,0,1,0,0,0,1,0,1,0,0,0,1,1,0,0,1,1,1,1,1,1,0
1,0,0,0,0,1,0,0,1,0,1,0,1,1,0,0,1,1,1,1,0,0,1,1,0,1,0,0,1,0,0,1,0,0,0,0,0,0,1,0
0,1,1,1,0,0,1,1,0,1,0,1,0,0,1,1,0,0,0,0,0,1,0,1,1,0,0,1,1,0,0,0,1,1,1,1,1,1,0,0
0,0,0,0,1,0,0,0,1,0,1,1,1,1,0,0,1,0,1,1,1,0,1,0,0,0,0,0,0,1,0,0,0,0,0,0,1,0,1,0
1,1,1,1,0,1,1,1,0,1,0,0,0,0,1,1,0,1,0,0,1,1,0,0,1,1,1,1,0,0,1,0,0,1,1,1,0,0,0,1
1,1,1,1,0,0,1,1,0,1,0,1,0,0,1,1,0,1,0,0,0,1,0,1,1,0,0,1,1,0,1,0,1,0,1,1,1,1,0,0
1,1,1,1,0,0,1,1,0,1,0,0,0,0,1,1,0,1,0,0,0,1,0,1,1,1,0,1,1,0,1,0,1,1,0,1,0,1,0,0
1,1,1,1,0,1,1,1,0,1,0,0,0,0,1,1,0,1,0,0,0,1,0,0,1,1,1,1,1,0,1,0,1,1,1,0,0,1,0,1
0,1,1,0,1,0,0,1,1,0,1,1,1,0,1,1,1,0,0,0,0,1,0,1,0,0,0,0,1,0,1,1,0,1,0,0,0,1,1,0
1,1,1,0,0,0,0,1,0,1,0,0,1,0,1,1,0,1,0,0,0,0,0,1,0,1,0,0,1,0,1,0,0,1,1,1,1,0,1,0
1,0,0,0,0,1,0,0,0,0,1,0,1,1,0,0,1,1,1,1,0,0,0,1,0,1,0,0,1,1,0,1,0,0,0,0,1,1,0,0
0,0,0,1,0,1,1,1,1,0,0,0,0,1,0,0,0,1,1,1,1,1,1,0,1,1,1,1,0,0,0,0,1,0,0,1,0,0,0,0
Time: 2025-10-24 00:52:00, Timestep: 53, Round: 2, Phase: TRANSMITTING, Aggregation Server: 21, Redistribution Server: TBD, Target Node: 21, Phase Length: 20, Timestep in Phase: 18, Current Connections: 22, Cumulative Connections: 28/30, Connected Sats: [0, 1, 2, 3, 4, 6, 7, 8, 9, 10, 11, 14, 15, 17, 19, 20, 24, 25, 26, 27, 30, 31, 32, 33, 34, 35, 36, 39], Missing Sats: [18, 22], Target Sats: [0, 1, 2, 3, 4, 6, 7, 8, 9, 10, 11, 14, 15, 17, 18, 19, 20, 22, 24, 25, 26, 27, 30, 31, 32, 33, 34, 35, 36, 39], Phase Complete: False
0,0,0,0,0,1,0,0,0,1,0,0,1,0,1,1,0,1,0,1,0,0,0,1,0,1,0,0,1,1,0,0,0,1,1,1,0,1,1,0
0,0,1,1,0,0,1,1,0,1,0,1,0,0,1,1,0,0,0,0,0,1,0,1,1,0,0,1,1,0,1,0,1,1,1,1,1,1,0,0
0,1,0,1,0,0,1,1,0,1,0,1,0,0,1,1,0,0,0,0,0,1,0,1,1,0,0,1,1,0,1,0,1,1,1,1,1,1,0,0
0,1,1,0,0,1,1,1,0,1,0,1,0,0,1,1,0,1,0,0,1,1,0,0,1,0,1,1,0,0,1,0,1,1,1,1,0,0,0,1
0,0,0,0,0,0,1,1,1,0,1,1,1,1,0,0,1,0,1,0,1,1,1,0,0,0,1,0,0,0,0,1,0,0,0,0,1,0,0,0
1,0,0,1,0,0,0,0,0,0,0,0,0,1,0,0,0,1,1,1,0,0,1,0,1,1,1,1,0,1,0,0,1,0,0,1,0,0,1,1
0,1,1,1,1,0,0,1,1,1,0,1,0,0,1,1,0,0,0,0,1,1,0,0,1,0,1,1,0,0,1,0,1,1,1,1,0,0,0,1
0,1,1,1,1,0,1,0,0,1,0,1,0,0,1,1,0,0,0,0,1,1,0,0,1,0,1,1,0,0,1,0,1,1,1,1,1,1,0,1
0,0,0,0,1,0,1,0,0,0,1,1,0,1,0,0,1,0,1,1,1,1,1,0,0,0,1,0,0,1,0,1,0,0,0,0,1,0,0,1
1,1,1,1,0,0,1,1,0,0,0,0,0,0,1,1,0,1,0,0,0,1,0,1,1,1,0,1,1,0,1,0,1,1,1,1,0,1,0,0
0,0,0,0,1,0,0,0,1,0,0,1,1,1,0,0,1,0,1,1,1,0,1,1,0,0,0,0,0,1,0,1,0,0,0,0,1,0,1,0
0,1,1,1,1,0,1,1,1,0,1,0,0,0,1,1,1,0,0,0,1,1,0,0,1,0,1,1,0,0,1,1,0,1,0,0,1,1,0,0
1,0,0,0,1,0,0,0,0,0,1,0,0,0,0,0,1,0,1,1,0,0,0,1,0,1,0,0,1,1,0,1,0,0,0,0,1,1,1,0
0,0,0,0,1,1,0,0,1,0,1,0,0,0,0,0,1,0,1,1,1,0,1,0,0,1,1,0,0,1,0,1,0,0,0,0,0,0,1,1
1,1,1,1,0,0,1,1,0,1,0,1,0,0,0,1,0,0,0,0,0,1,0,1,1,0,0,1,1,0,1,0,1,1,1,1,1,1,0,0
1,1,1,1,0,0,1,1,0,1,0,1,0,0,1,0,0,1,0,0,0,1,0,1,1,0,0,1,1,0,1,0,1,1,1,1,0,1,0,0
0,0,0,0,1,0,0,0,1,0,1,1,1,1,0,0,0,0,1,1,1,0,1,1,0,0,0,0,0,1,0,1,0,0,0,0,1,0,1,0
1,0,0,1,0,1,0,0,0,1,0,0,0,0,0,1,0,0,0,1,0,0,0,1,1,1,0,1,1,1,0,0,1,1,1,1,0,1,1,1
0,0,0,0,1,1,0,0,1,0,1,0,1,1,0,0,1,0,0,1,1,0,1,0,0,0,1,0,0,1,0,1,0,0,0,0,1,0,1,1
1,0,0,0,0,1,0,0,1,0,1,0,1,1,0,0,1,1,1,0,0,0,1,0,0,1,0,0,1,1,0,1,0,0,0,0,0,0,1,1
0,0,0,1,1,0,1,1,1,0,1,1,0,1,0,0,1,0,1,0,0,1,1,0,1,0,1,1,0,0,0,1,1,0,0,0,0,0,0,1
0,1,1,1,1,0,1,1,1,1,0,1,0,0,1,1,0,0,0,0,1,0,0,0,1,0,1,1,0,0,1,0,1,1,1,1,1,0,0,1
0,0,0,0,1,1,0,0,1,0,1,0,0,1,0,0,1,0,1,1,1,0,0,0,0,0,1,0,0,1,0,1,0,0,0,0,0,0,0,1
1,1,1,0,0,0,0,0,0,1,1,0,1,0,1,1,1,1,0,0,0,0,0,0,0,1,0,0,1,1,1,0,0,1,1,0,1,1,1,0
0,1,1,1,0,1,1,1,0,1,0,1,0,0,1,1,0,1,0,0,1,1,0,0,0,0,1,1,0,0,1,0,1,1,1,1,0,0,0,1
1,0,0,0,0,1,0,0,0,1,0,0,1,1,0,0,0,1,0,1,0,0,0,1,0,0,0,0,1,1,0,0,1,0,1,1,0,1,1,1
0,0,0,1,1,1,1,1,1,0,0,1,0,1,0,0,0,0,1,0,1,1,1,0,1,0,0,1,0,0,0,0,1,0,0,1,0,0,0,1
0,1,1,1,0,1,1,1,0,1,0,1,0,0,1,1,0,1,0,0,1,1,0,0,1,0,1,0,0,0,1,0,1,1,1,1,0,0,0,1
1,1,1,0,0,0,0,0,0,1,0,0,1,0,1,1,0,1,0,1,0,0,0,1,0,1,0,0,0,1,1,0,0,1,1,1,1,1,1,0
1,0,0,0,0,1,0,0,1,0,1,0,1,1,0,0,1,1,1,1,0,0,1,1,0,1,0,0,1,0,0,1,0,0,0,0,0,0,1,0
0,1,1,1,0,0,1,1,0,1,0,1,0,0,1,1,0,0,0,0,0,1,0,1,1,0,0,1,1,0,0,0,1,1,1,1,1,1,0,0
0,0,0,0,1,0,0,0,1,0,1,1,1,1,0,0,1,0,1,1,1,0,1,0,0,0,0,0,0,1,0,0,0,0,0,0,1,0,1,0
0,1,1,1,0,1,1,1,0,1,0,0,0,0,1,1,0,1,0,0,1,1,0,0,1,1,1,1,0,0,1,0,0,1,1,1,0,0,0,1
1,1,1,1,0,0,1,1,0,1,0,1,0,0,1,1,0,1,0,0,0,1,0,1,1,0,0,1,1,0,1,0,1,0,1,1,1,1,0,0
1,1,1,1,0,0,1,1,0,1,0,0,0,0,1,1,0,1,0,0,0,1,0,1,1,1,0,1,1,0,1,0,1,1,0,1,0,1,0,0
1,1,1,1,0,1,1,1,0,1,0,0,0,0,1,1,0,1,0,0,0,1,0,0,1,1,1,1,1,0,1,0,1,1,1,0,0,1,0,1
0,1,1,0,1,0,0,1,1,0,1,1,1,0,1,0,1,0,1,0,0,1,0,1,0,0,0,0,1,0,1,1,0,1,0,0,0,1,1,0
1,1,1,0,0,0,0,1,0,1,0,1,1,0,1,1,0,1,0,0,0,0,0,1,0,1,0,0,1,0,1,0,0,1,1,1,1,0,1,0
1,0,0,0,0,1,0,0,0,0,1,0,1,1,0,0,1,1,1,1,0,0,0,1,0,1,0,0,1,1,0,1,0,0,0,0,1,1,0,0
0,0,0,1,0,1,1,1,1,0,0,0,0,1,0,0,0,1,1,1,1,1,1,0,1,1,1,1,0,0,0,0,1,0,0,1,0,0,0,0
Time: 2025-10-24 00:53:00, Timestep: 54, Round: 2, Phase: TRANSMITTING, Aggregation Server: 21, Redistribution Server: TBD, Target Node: 21, Phase Length: 20, Timestep in Phase: 19, Current Connections: 20, Cumulative Connections: 28/30, Connected Sats: [0, 1, 2, 3, 4, 6, 7, 8, 9, 10, 11, 14, 15, 17, 19, 20, 24, 25, 26, 27, 30, 31, 32, 33, 34, 35, 36, 39], Missing Sats: [18, 22], Target Sats: [0, 1, 2, 3, 4, 6, 7, 8, 9, 10, 11, 14, 15, 17, 18, 19, 20, 22, 24, 25, 26, 27, 30, 31, 32, 33, 34, 35, 36, 39], Phase Complete: False
0,0,0,0,0,1,0,0,0,1,0,0,1,0,1,1,0,1,0,1,0,0,0,1,0,1,0,0,1,1,0,0,0,1,1,1,0,1,1,0
0,0,1,1,0,0,1,1,0,1,0,1,0,0,1,1,0,0,0,0,0,1,0,1,1,0,1,1,1,0,1,0,1,1,1,1,1,1,0,0
0,1,0,1,0,0,1,1,0,1,0,1,0,0,1,1,0,0,0,0,0,1,0,1,1,0,0,1,1,0,1,0,1,1,1,1,1,1,0,0
0,1,1,0,0,1,1,1,0,1,0,1,0,0,1,1,0,1,0,0,1,1,0,0,1,0,1,1,0,0,1,0,1,1,1,1,0,0,0,1
0,0,0,0,0,0,1,1,1,0,1,1,1,1,0,0,1,0,1,1,1,1,1,0,0,0,1,0,0,0,0,1,0,0,0,0,1,0,0,0
1,0,0,1,0,0,0,0,0,0,0,0,0,1,0,0,0,1,1,1,0,0,1,0,1,1,1,1,0,1,0,0,1,0,1,1,0,0,1,1
0,1,1,1,1,0,0,1,1,1,0,1,0,0,1,1,0,0,0,0,1,1,0,0,1,0,1,1,0,0,1,0,1,1,1,1,0,0,0,1
0,1,1,1,1,0,1,0,0,1,0,1,0,0,1,1,0,0,0,0,1,1,0,0,1,0,1,1,0,0,1,0,1,1,1,1,1,1,0,0
0,0,0,0,1,0,1,0,0,0,1,1,0,1,0,0,1,0,1,1,1,1,1,0,0,0,1,1,0,0,0,1,0,0,0,0,1,0,0,1
1,1,1,1,0,0,1,1,0,0,0,0,0,0,1,1,0,1,0,0,0,0,0,1,1,1,0,1,1,0,1,0,1,1,1,1,0,1,0,0
0,0,0,0,1,0,0,0,1,0,0,1,1,1,0,0,1,0,1,1,1,0,1,1,0,0,0,0,0,1,0,1,0,0,0,0,1,0,1,0
0,1,1,1,1,0,1,1,1,0,1,0,0,0,1,1,1,0,0,0,1,1,0,0,1,0,1,1,0,0,1,0,0,1,1,0,1,1,0,0
1,0,0,0,1,0,0,0,0,0,1,0,0,0,0,0,1,0,0,1,0,0,0,1,0,1,0,0,1,1,0,1,0,0,0,0,1,1,1,0
0,0,0,0,1,1,0,0,1,0,1,0,0,0,0,0,1,0,1,1,1,0,1,0,0,1,1,1,0,1,0,1,0,0,0,0,0,0,1,1
1,1,1,1,0,0,1,1,0,1,0,1,0,0,0,1,0,0,0,0,0,1,0,1,1,0,0,1,1,0,1,0,1,1,1,1,1,1,0,0
1,1,1,1,0,0,1,1,0,1,0,1,0,0,1,0,0,1,0,0,0,1,0,1,1,0,0,1,1,0,1,0,1,1,1,1,0,1,0,0
0,0,0,0,1,0,0,0,1,0,1,1,1,1,0,0,0,0,1,1,1,0,1,1,0,0,0,0,1,1,0,1,0,0,0,0,1,0,1,0
1,0,0,1,0,1,0,0,0,1,0,0,0,0,0,1,0,0,0,1,0,0,0,1,1,1,0,0,1,1,0,0,1,1,1,1,0,1,1,1
0,0,0,0,1,1,0,0,1,0,1,0,0,1,0,0,1,0,0,1,1,0,1,0,0,0,1,0,0,1,0,1,0,0,0,0,1,0,1,1
1,0,0,0,1,1,0,0,1,0,1,0,1,1,0,0,1,1,1,0,0,0,1,0,0,1,0,0,1,1,0,1,0,0,0,0,0,0,1,1
0,0,0,1,1,0,1,1,1,0,1,1,0,1,0,0,1,0,1,0,0,1,1,0,1,0,1,1,0,0,0,1,1,0,0,0,1,0,0,1
0,1,1,1,1,0,1,1,1,0,0,1,0,0,1,1,0,0,0,0,1,0,0,0,1,0,1,1,0,0,1,0,1,1,1,0,1,0,0,1
0,0,0,0,1,1,0,0,1,0,1,0,0,1,0,0,1,0,1,1,1,0,0,0,0,0,1,1,0,1,0,1,0,0,0,0,0,0,0,1
1,1,1,0,0,0,0,0,0,1,1,0,1,0,1,1,1,1,0,0,0,0,0,0,0,1,0,0,1,1,1,0,0,1,1,1,1,1,1,0
0,1,1,1,0,1,1,1,0,1,0,1,0,0,1,1,0,1,0,0,1,1,0,0,0,0,1,1,0,0,1,0,1,1,1,1,0,0,0,1
1,0,0,0,0,1,0,0,0,1,0,0,1,1,0,0,0,1,0,1,0,0,0,1,0,0,0,0,1,1,0,0,1,0,1,1,0,1,1,1
0,1,0,1,1,1,1,1,1,0,0,1,0,1,0,0,0,0,1,0,1,1,1,0,1,0,0,1,0,0,0,0,1,0,0,1,0,0,0,1
0,1,1,1,0,1,1,1,1,1,0,1,0,1,1,1,0,0,0,0,1,1,1,0,1,0,1,0,0,0,1,0,1,1,1,1,0,0,0,1
1,1,1,0,0,0,0,0,0,1,0,0,1,0,1,1,1,1,0,1,0,0,0,1,0,1,0,0,0,1,1,0,0,1,1,1,1,1,1,0
1,0,0,0,0,1,0,0,0,0,1,0,1,1,0,0,1,1,1,1,0,0,1,1,0,1,0,0,1,0,0,1,0,0,0,0,0,0,1,1
0,1,1,1,0,0,1,1,0,1,0,1,0,0,1,1,0,0,0,0,0,1,0,1,1,0,0,1,1,0,0,0,1,1,1,1,1,1,0,0
0,0,0,0,1,0,0,0,1,0,1,0,1,1,0,0,1,0,1,1,1,0,1,0,0,0,0,0,0,1,0,0,0,0,0,0,1,0,1,0
0,1,1,1,0,1,1,1,0,1,0,0,0,0,1,1,0,1,0,0,1,1,0,0,1,1,1,1,0,0,1,0,0,1,1,1,0,0,0,1
1,1,1,1,0,0,1,1,0,1,0,1,0,0,1,1,0,1,0,0,0,1,0,1,1,0,0,1,1,0,1,0,1,0,1,1,0,1,0,0
1,1,1,1,0,1,1,1,0,1,0,1,0,0,1,1,0,1,0,0,0,1,0,1,1,1,0,1,1,0,1,0,1,1,0,1,0,1,0,0
1,1,1,1,0,1,1,1,0,1,0,0,0,0,1,1,0,1,0,0,0,0,0,1,1,1,1,1,1,0,1,0,1,1,1,0,0,1,0,1
0,1,1,0,1,0,0,1,1,0,1,1,1,0,1,0,1,0,1,0,1,1,0,1,0,0,0,0,1,0,1,1,0,0,0,0,0,1,1,0
1,1,1,0,0,0,0,1,0,1,0,1,1,0,1,1,0,1,0,0,0,0,0,1,0,1,0,0,1,0,1,0,0,1,1,1,1,0,1,0
1,0,0,0,0,1,0,0,0,0,1,0,1,1,0,0,1,1,1,1,0,0,0,1,0,1,0,0,1,1,0,1,0,0,0,0,1,1,0,0
0,0,0,1,0,1,1,0,1,0,0,0,0,1,0,0,0,1,1,1,1,1,1,0,1,1,1,1,0,1,0,0,1,0,0,1,0,0,0,0
Time: 2025-10-24 00:54:00, Timestep: 55, Round: 2, Phase: TRANSMITTING, Aggregation Server: 21, Redistribution Server: TBD, Target Node: 21, Phase Length: 20, Timestep in Phase: 20, Current Connections: 20, Cumulative Connections: 30/30, Connected Sats: [0, 1, 2, 3, 4, 6, 7, 8, 9, 10, 11, 14, 15, 17, 18, 19, 20, 22, 24, 25, 26, 27, 30, 31, 32, 33, 34, 35, 36, 39], Missing Sats: [], Target Sats: [0, 1, 2, 3, 4, 6, 7, 8, 9, 10, 11, 14, 15, 17, 18, 19, 20, 22, 24, 25, 26, 27, 30, 31, 32, 33, 34, 35, 36, 39], Phase Complete: True
0,0,0,0,0,1,0,0,0,1,0,0,1,0,1,1,0,1,0,1,0,0,0,1,0,1,0,0,1,1,0,0,0,1,1,1,0,1,1,0
0,0,1,1,0,0,1,1,0,1,0,1,0,0,1,1,0,0,0,0,0,1,0,1,1,0,1,1,0,0,1,0,1,1,1,1,1,1,0,0
0,1,0,1,0,0,1,1,0,1,0,1,1,0,1,1,0,0,0,0,0,1,0,1,1,0,0,1,1,0,1,0,1,1,1,1,1,1,0,0
0,1,1,0,0,1,1,1,0,1,0,1,0,0,1,1,0,1,0,0,1,1,0,0,1,0,1,1,0,0,1,0,1,1,1,1,0,0,0,1
0,0,0,0,0,0,1,0,1,0,1,1,1,1,0,0,1,0,1,1,1,1,1,0,0,0,1,0,0,0,0,1,0,0,0,0,1,0,0,0
1,0,0,1,0,0,0,0,0,1,0,0,0,1,0,0,0,1,1,1,0,0,1,0,1,1,1,1,0,1,0,0,1,0,1,1,0,0,1,1
0,1,1,1,1,0,0,1,1,1,0,1,0,0,1,1,0,0,0,0,1,1,0,0,1,0,1,1,0,0,1,0,1,1,1,1,0,0,0,1
0,1,1,1,0,0,1,0,0,1,0,1,0,0,1,1,0,0,0,0,1,1,0,0,1,0,1,1,0,0,1,0,1,1,1,1,1,1,0,0
0,0,0,0,1,0,1,0,0,0,1,1,0,1,0,0,1,0,1,1,1,1,1,0,1,0,1,1,0,0,0,1,0,0,0,0,1,0,0,1
1,1,1,1,0,1,1,1,0,0,0,0,0,0,1,1,0,1,0,0,0,0,0,1,1,1,0,1,1,0,1,0,1,1,1,1,0,1,0,0
0,0,0,0,1,0,0,0,1,0,0,1,1,1,0,0,1,0,1,1,1,0,1,1,0,0,0,0,0,1,0,1,0,0,0,0,1,0,1,0
0,1,1,1,1,0,1,1,1,0,1,0,0,0,1,1,1,0,0,0,1,1,0,0,1,0,1,1,0,0,1,0,1,1,1,0,1,1,0,0
1,0,1,0,1,0,0,0,0,0,1,0,0,0,0,0,1,0,0,1,0,0,0,1,0,1,0,0,1,1,1,1,0,1,0,0,1,1,1,0
0,0,0,0,1,1,0,0,1,0,1,0,0,0,0,0,1,0,1,1,1,0,1,0,1,1,1,1,0,1,0,1,0,0,0,0,0,0,1,1
1,1,1,1,0,0,1,1,0,1,0,1,0,0,0,1,0,0,0,0,0,1,0,1,1,0,0,1,1,0,1,0,1,1,1,1,0,1,0,0
1,1,1,1,0,0,1,1,0,1,0,1,0,0,1,0,0,1,0,0,0,1,0,1,1,0,0,1,1,0,1,0,1,1,1,1,0,1,0,0
0,0,0,0,1,0,0,0,1,0,1,1,1,1,0,0,0,0,1,1,1,0,1,1,0,0,0,0,1,1,0,1,0,0,0,0,1,0,1,0
1,0,0,1,0,1,0,0,0,1,0,0,0,0,0,1,0,0,0,1,0,0,0,1,0,1,0,0,1,1,0,0,1,1,1,1,0,1,1,1
0,0,0,0,1,1,0,0,1,0,1,0,0,1,0,0,1,0,0,1,1,1,1,0,0,0,1,0,0,1,0,1,0,0,0,0,1,0,1,1
1,0,0,0,1,1,0,0,1,0,1,0,1,1,0,0,1,1,1,0,0,0,1,0,0,1,0,0,1,1,0,1,0,0,0,0,0,0,1,1
0,0,0,1,1,0,1,1,1,0,1,1,0,1,0,0,1,0,1,0,0,1,1,0,1,0,1,1,0,0,0,1,1,0,0,0,1,0,0,1
0,1,1,1,1,0,1,1,1,0,0,1,0,0,1,1,0,0,1,0,1,0,1,0,1,0,1,1,0,0,1,0,1,0,0,0,1,0,0,1
0,0,0,0,1,1,0,0,1,0,1,0,0,1,0,0,1,0,1,1,1,1,0,0,1,0,1,1,0,1,0,1,0,0,0,0,0,0,0,1
1,1,1,0,0,0,0,0,0,1,1,0,1,0,1,1,1,1,0,0,0,0,0,0,0,1,0,0,1,1,1,0,0,1,1,1,1,1,1,0
0,1,1,1,0,1,1,1,1,1,0,1,0,1,1,1,0,0,0,0,1,1,1,0,0,0,1,1,0,0,1,0,1,1,1,1,0,0,0,1
1,0,0,0,0,1,0,0,0,1,0,0,1,1,0,0,0,1,0,1,0,0,0,1,0,0,0,0,1,1,0,0,0,0,1,1,0,1,1,1
0,1,0,1,1,1,1,1,1,0,0,1,0,1,0,0,0,0,1,0,1,1,1,0,1,0,0,1,0,0,0,0,1,0,1,1,0,0,0,1
0,1,1,1,0,1,1,1,1,1,0,1,0,1,1,1,0,0,0,0,1,1,1,0,1,0,1,0,0,0,1,0,1,0,1,1,0,0,0,1
1,0,1,0,0,0,0,0,0,1,0,0,1,0,1,1,1,1,0,1,0,0,0,1,0,1,0,0,0,1,1,0,0,1,1,1,1,1,1,0
1,0,0,0,0,1,0,0,0,0,1,0,1,1,0,0,1,1,1,1,0,0,1,1,0,1,0,0,1,0,0,1,0,0,0,0,0,0,1,1
0,1,1,1,0,0,1,1,0,1,0,1,1,0,1,1,0,0,0,0,0,1,0,1,1,0,0,1,1,0,0,0,1,1,1,1,1,1,0,0
0,0,0,0,1,0,0,0,1,0,1,0,1,1,0,0,1,0,1,1,1,0,1,0,0,0,0,0,0,1,0,0,0,0,0,0,1,0,1,0
0,1,1,1,0,1,1,1,0,1,0,1,0,0,1,1,0,1,0,0,1,1,0,0,1,0,1,1,0,0,1,0,0,1,1,1,0,0,0,1
1,1,1,1,0,0,1,1,0,1,0,1,1,0,1,1,0,1,0,0,0,0,0,1,1,0,0,0,1,0,1,0,1,0,1,1,0,1,0,0
1,1,1,1,0,1,1,1,0,1,0,1,0,0,1,1,0,1,0,0,0,0,0,1,1,1,1,1,1,0,1,0,1,1,0,1,0,1,0,0
1,1,1,1,0,1,1,1,0,1,0,0,0,0,1,1,0,1,0,0,0,0,0,1,1,1,1,1,1,0,1,0,1,1,1,0,0,1,0,1
0,1,1,0,1,0,0,1,1,0,1,1,1,0,0,0,1,0,1,0,1,1,0,1,0,0,0,0,1,0,1,1,0,0,0,0,0,1,1,0
1,1,1,0,0,0,0,1,0,1,0,1,1,0,1,1,0,1,0,0,0,0,0,1,0,1,0,0,1,0,1,0,0,1,1,1,1,0,1,0
1,0,0,0,0,1,0,0,0,0,1,0,1,1,0,0,1,1,1,1,0,0,0,1,0,1,0,0,1,1,0,1,0,0,0,0,1,1,0,0
0,0,0,1,0,1,1,0,1,0,0,0,0,1,0,0,0,1,1,1,1,1,1,0,1,1,1,1,0,1,0,0,1,0,0,1,0,0,0,0
Time: 2025-10-24 00:55:00, Timestep: 56, Round: 2, Phase: REDISTRIBUTION, Aggregation Server: 21, Redistribution Server: 21, Target Node: 21, Phase Length: 4, Timestep in Phase: 1, Current Connections: 20, Cumulative Connections: 20/23, Connected Sats: [1, 2, 3, 4, 6, 7, 8, 11, 14, 15, 18, 20, 22, 24, 26, 27, 30, 32, 36, 39], Missing Sats: [13, 16, 31], Target Sats: [1, 2, 3, 4, 6, 7, 8, 11, 13, 14, 15, 16, 18, 20, 22, 24, 26, 27, 30, 31, 32, 36, 39], Phase Complete: False
0,0,0,0,0,1,0,0,0,1,0,0,1,0,1,1,0,1,0,1,0,0,0,1,0,1,0,0,1,1,0,0,0,1,1,1,0,1,1,0
0,0,1,1,0,0,1,1,0,1,0,1,0,0,1,1,0,0,0,0,0,1,0,1,1,0,1,1,0,0,1,0,1,1,1,1,1,1,0,0
0,1,0,1,0,0,1,1,0,1,0,1,1,0,1,1,0,0,0,0,0,1,0,1,1,0,1,1,0,0,1,0,1,1,1,1,1,1,0,0
0,1,1,0,0,1,1,1,0,1,0,1,0,1,1,1,0,1,0,0,1,1,1,0,1,0,1,1,0,0,1,0,1,1,1,1,0,0,0,1
0,0,0,0,0,0,1,0,1,0,1,1,1,1,0,0,1,0,1,1,1,1,1,0,0,0,1,0,0,0,0,1,0,0,0,0,1,0,0,0
1,0,0,1,0,0,0,0,0,1,0,0,0,1,0,0,0,1,1,1,0,0,1,0,1,1,1,1,0,1,0,0,1,0,1,1,0,0,1,1
0,1,1,1,1,0,0,1,1,1,0,1,0,0,1,1,0,0,0,0,1,1,0,0,1,0,1,1,0,0,1,0,1,1,1,1,0,0,0,1
0,1,1,1,0,0,1,0,0,1,0,1,0,0,1,1,0,0,0,0,1,1,0,0,1,0,1,1,0,0,1,0,1,1,1,1,1,1,0,0
0,0,0,0,1,0,1,0,0,0,1,1,0,1,0,0,1,0,1,1,1,1,1,0,1,0,1,1,0,0,0,1,0,0,0,0,1,0,0,1
1,1,1,1,0,1,1,1,0,0,0,0,0,0,1,1,0,1,0,0,0,0,0,1,1,1,0,1,1,0,1,0,1,1,1,1,0,1,0,0
0,0,0,0,1,0,0,0,1,0,0,0,1,1,0,0,1,0,1,1,1,0,1,0,0,0,0,0,1,1,0,1,0,0,0,0,1,0,1,0
0,1,1,1,1,0,1,1,1,0,0,0,0,0,1,1,1,0,0,0,1,1,0,0,1,0,1,1,0,0,1,0,1,1,1,0,1,1,0,0
1,0,1,0,1,0,0,0,0,0,1,0,0,0,1,0,1,0,0,1,0,0,0,1,0,1,0,0,1,1,1,1,0,1,0,0,1,1,1,0
0,0,0,1,1,1,0,0,1,0,1,0,0,0,0,0,1,1,1,1,1,0,1,0,1,1,1,1,0,1,0,1,0,0,0,0,0,0,1,1
1,1,1,1,0,0,1,1,0,1,0,1,1,0,0,1,0,0,0,0,0,1,0,1,1,0,0,1,1,0,1,0,1,1,1,1,0,1,0,0
1,1,1,1,0,0,1,1,0,1,0,1,0,0,1,0,0,1,0,0,0,1,0,1,1,0,1,1,1,0,1,0,1,1,1,1,0,1,0,0
0,0,0,0,1,0,0,0,1,0,1,1,1,1,0,0,0,0,1,1,1,0,1,1,0,0,0,0,1,1,0,1,0,0,0,0,1,0,1,0
1,0,0,1,0,1,0,0,0,1,0,0,0,1,0,1,0,0,0,1,0,0,0,1,0,1,0,0,1,1,0,0,1,1,1,1,0,1,1,1
0,0,0,0,1,1,0,0,1,0,1,0,0,1,0,0,1,0,0,1,1,1,1,0,0,0,1,0,0,1,0,1,0,0,0,0,1,0,1,1
1,0,0,0,1,1,0,0,1,0,1,0,1,1,0,0,1,1,1,0,1,0,1,0,0,1,0,0,1,1,0,1,0,0,0,0,0,0,1,1
0,0,0,1,1,0,1,1,1,0,1,1,0,1,0,0,1,0,1,1,0,1,1,0,1,0,1,1,0,0,0,1,1,0,0,0,1,0,0,1
0,1,1,1,1,0,1,1,1,0,0,1,0,0,1,1,0,0,1,0,1,0,1,0,1,0,1,1,0,0,1,0,1,0,0,0,1,0,0,1
0,0,0,1,1,1,0,0,1,0,1,0,0,1,0,0,1,0,1,1,1,1,0,0,1,0,1,1,0,1,0,1,0,0,0,0,0,0,0,1
1,1,1,0,0,0,0,0,0,1,0,0,1,0,1,1,1,1,0,0,0,0,0,0,0,1,0,0,1,1,1,0,0,1,1,1,1,1,1,0
0,1,1,1,0,1,1,1,1,1,0,1,0,1,1,1,0,0,0,0,1,1,1,0,0,0,1,1,0,0,1,0,1,1,1,1,0,0,0,1
1,0,0,0,0,1,0,0,0,1,0,0,1,1,0,0,0,1,0,1,0,0,0,1,0,0,0,0,1,1,0,0,0,0,1,1,0,0,1,1
0,1,1,1,1,1,1,1,1,0,0,1,0,1,0,1,0,0,1,0,1,1,1,0,1,0,0,1,0,0,0,0,1,0,1,1,0,0,0,1
0,1,1,1,0,1,1,1,1,1,0,1,0,1,1,1,0,0,0,0,1,1,1,0,1,0,1,0,0,0,1,0,1,0,1,1,0,0,0,1
1,0,0,0,0,0,0,0,0,1,1,0,1,0,1,1,1,1,0,1,0,0,0,1,0,1,0,0,0,1,1,0,0,1,1,1,1,1,1,0
1,0,0,0,0,1,0,0,0,0,1,0,1,1,0,0,1,1,1,1,0,0,1,1,0,1,0,0,1,0,0,1,0,0,0,0,0,0,1,1
0,1,1,1,0,0,1,1,0,1,0,1,1,0,1,1,0,0,0,0,0,1,0,1,1,0,0,1,1,0,0,0,1,1,1,1,1,1,0,0
0,0,0,0,1,0,0,0,1,0,1,0,1,1,0,0,1,0,1,1,1,0,1,0,0,0,0,0,0,1,0,0,0,0,0,0,1,0,1,0
0,1,1,1,0,1,1,1,0,1,0,1,0,0,1,1,0,1,0,0,1,1,0,0,1,0,1,1,0,0,1,0,0,1,1,1,0,0,0,1
1,1,1,1,0,0,1,1,0,1,0,1,1,0,1,1,0,1,0,0,0,0,0,1,1,0,0,0,1,0,1,0,1,0,1,1,0,1,0,0
1,1,1,1,0,1,1,1,0,1,0,1,0,0,1,1,0,1,0,0,0,0,0,1,1,1,1,1,1,0,1,0,1,1,0,1,0,1,0,0
1,1,1,1,0,1,1,1,0,1,0,0,0,0,1,1,0,1,0,0,0,0,0,1,1,1,1,1,1,0,1,0,1,1,1,0,0,1,0,1
0,1,1,0,1,0,0,1,1,0,1,1,1,0,0,0,1,0,1,0,1,1,0,1,0,0,0,0,1,0,1,1,0,0,0,0,0,1,1,0
1,1,1,0,0,0,0,1,0,1,0,1,1,0,1,1,0,1,0,0,0,0,0,1,0,0,0,0,1,0,1,0,0,1,1,1,1,0,1,0
1,0,0,0,0,1,0,0,0,0,1,0,1,1,0,0,1,1,1,1,0,0,0,1,0,1,0,0,1,1,0,1,0,0,0,0,1,1,0,0
0,0,0,1,0,1,1,0,1,0,0,0,0,1,0,0,0,1,1,1,1,1,1,0,1,1,1,1,0,1,0,0,1,0,0,1,0,0,0,0
Time: 2025-10-24 00:56:00, Timestep: 57, Round: 2, Phase: REDISTRIBUTION, Aggregation Server: 21, Redistribution Server: 21, Target Node: 21, Phase Length: 4, Timestep in Phase: 2, Current Connections: 21, Cumulative Connections: 22/23, Connected Sats: [1, 2, 3, 4, 6, 7, 8, 11, 13, 14, 15, 18, 20, 22, 24, 26, 27, 30, 31, 32, 36, 39], Missing Sats: [16], Target Sats: [1, 2, 3, 4, 6, 7, 8, 11, 13, 14, 15, 16, 18, 20, 22, 24, 26, 27, 30, 31, 32, 36, 39], Phase Complete: False
0,0,0,0,0,1,0,0,0,1,0,0,1,0,1,1,0,1,0,1,0,0,0,1,0,1,0,0,1,1,0,0,0,1,1,1,0,1,1,0
0,0,1,1,0,0,1,1,0,1,0,1,0,0,1,1,0,0,0,0,0,1,0,1,1,0,1,1,0,0,1,0,1,1,1,1,0,1,0,0
0,1,0,1,0,0,1,1,0,1,0,1,1,0,1,1,0,0,0,0,0,1,0,1,1,0,1,1,0,0,1,0,1,1,1,1,1,1,0,0
0,1,1,0,0,1,1,1,1,1,0,1,0,1,1,1,0,1,0,0,1,1,1,0,1,0,1,1,0,0,0,0,1,1,1,1,0,0,0,1
0,0,0,0,0,0,0,0,1,0,1,1,1,1,0,0,1,0,1,1,1,1,1,0,0,0,0,0,0,0,0,1,0,0,0,0,1,0,0,0
1,0,0,1,0,0,0,0,0,1,0,0,0,1,0,0,0,1,0,1,0,0,1,0,1,1,1,1,0,1,0,0,1,0,1,1,0,0,1,1
0,1,1,1,0,0,0,1,1,1,0,1,0,0,1,1,0,0,0,0,1,1,0,0,1,0,1,1,0,0,1,0,1,1,1,1,0,0,0,1
0,1,1,1,0,0,1,0,0,1,0,1,0,0,1,1,0,0,0,0,1,1,0,0,1,0,1,1,0,0,1,0,1,1,1,1,1,1,0,0
0,0,0,1,1,0,1,0,0,0,1,1,0,1,0,0,1,0,1,1,1,1,1,0,1,0,1,1,0,0,0,1,0,0,0,0,1,0,0,1
1,1,1,1,0,1,1,1,0,0,0,0,1,0,1,1,0,1,0,0,0,0,0,1,1,1,0,0,1,0,1,0,1,1,1,1,0,1,0,0
0,0,0,0,1,0,0,0,1,0,0,0,1,1,0,0,1,0,1,1,1,0,1,0,0,0,0,0,1,1,0,1,0,0,0,0,1,0,1,0
0,1,1,1,1,0,1,1,1,0,0,0,0,0,1,1,1,0,0,0,1,1,0,0,1,0,1,1,0,0,1,0,1,1,1,0,1,1,0,0
1,0,1,0,1,0,0,0,0,1,1,0,0,0,1,0,1,1,0,1,0,0,0,1,0,1,0,0,1,1,1,1,0,1,0,0,1,1,1,0
0,0,0,1,1,1,0,0,1,0,1,0,0,0,0,0,1,1,1,1,1,1,1,0,1,1,1,1,0,1,0,1,0,0,0,0,0,0,0,1
1,1,1,1,0,0,1,1,0,1,0,1,1,0,0,1,0,0,0,0,0,0,0,1,1,0,0,0,1,0,1,0,1,1,1,1,0,1,0,0
1,1,1,1,0,0,1,1,0,1,0,1,0,0,1,0,0,1,0,0,0,1,0,1,1,0,1,1,1,0,1,0,1,1,1,1,0,1,0,0
0,0,0,0,1,0,0,0,1,0,1,1,1,1,0,0,0,0,1,1,1,0,1,1,0,0,0,0,1,0,0,1,0,0,0,0,1,0,1,0
1,0,0,1,0,1,0,0,0,1,0,0,1,1,0,1,0,0,0,1,0,0,0,1,0,1,0,0,1,1,0,0,1,1,1,1,0,1,1,1
0,0,0,0,1,0,0,0,1,0,1,0,0,1,0,0,1,0,0,1,1,1,1,0,0,0,1,1,0,1,0,1,0,0,0,0,1,0,1,1
1,0,0,0,1,1,0,0,1,0,1,0,1,1,0,0,1,1,1,0,1,0,1,0,0,1,0,0,1,1,0,1,0,0,0,0,0,0,1,1
0,0,0,1,1,0,1,1,1,0,1,1,0,1,0,0,1,0,1,1,0,1,1,0,1,0,1,1,0,0,0,1,1,0,0,0,1,0,0,1
0,1,1,1,1,0,1,1,1,0,0,1,0,1,0,1,0,0,1,0,1,0,1,0,1,0,1,1,0,0,1,1,1,0,0,0,1,0,0,1
0,0,0,1,1,1,0,0,1,0,1,0,0,1,0,0,1,0,1,1,1,1,0,0,1,0,1,1,0,1,0,1,0,0,0,0,0,0,0,1
1,1,1,0,0,0,0,0,0,1,0,0,1,0,1,1,1,1,0,0,0,0,0,0,0,1,0,0,1,0,1,0,0,1,1,1,1,1,1,0
0,1,1,1,0,1,1,1,1,1,0,1,0,1,1,1,0,0,0,0,1,1,1,0,0,0,1,1,0,0,1,0,1,0,1,1,0,0,0,1
1,0,0,0,0,1,0,0,0,1,0,0,1,1,0,0,0,1,0,1,0,0,0,1,0,0,0,0,1,1,0,0,0,0,1,1,0,0,1,1
0,1,1,1,0,1,1,1,1,0,0,1,0,1,0,1,0,0,1,0,1,1,1,0,1,0,0,1,0,0,0,0,1,0,1,1,0,0,0,1
0,1,1,1,0,1,1,1,1,0,0,1,0,1,0,1,0,0,1,0,1,1,1,0,1,0,1,0,0,0,0,0,1,0,1,1,0,0,0,1
1,0,0,0,0,0,0,0,0,1,1,0,1,0,1,1,1,1,0,1,0,0,0,1,0,1,0,0,0,1,1,0,0,1,1,1,1,1,1,0
1,0,0,0,0,1,0,0,0,0,1,0,1,1,0,0,0,1,1,1,0,0,1,0,0,1,0,0,1,0,0,1,0,0,0,1,0,0,1,1
0,1,1,0,0,0,1,1,0,1,0,1,1,0,1,1,0,0,0,0,0,1,0,1,1,0,0,0,1,0,0,0,1,1,1,1,1,1,0,0
0,0,0,0,1,0,0,0,1,0,1,0,1,1,0,0,1,0,1,1,1,1,1,0,0,0,0,0,0,1,0,0,0,0,0,0,1,0,1,0
0,1,1,1,0,1,1,1,0,1,0,1,0,0,1,1,0,1,0,0,1,1,0,0,1,0,1,1,0,0,1,0,0,1,1,1,0,0,0,1
1,1,1,1,0,0,1,1,0,1,0,1,1,0,1,1,0,1,0,0,0,0,0,1,0,0,0,0,1,0,1,0,1,0,1,1,0,1,0,0
1,1,1,1,0,1,1,1,0,1,0,1,0,0,1,1,0,1,0,0,0,0,0,1,1,1,1,1,1,0,1,0,1,1,0,1,0,1,0,0
1,1,1,1,0,1,1,1,0,1,0,0,0,0,1,1,0,1,0,0,0,0,0,1,1,1,1,1,1,1,1,0,1,1,1,0,0,1,0,1
0,0,1,0,1,0,0,1,1,0,1,1,1,0,0,0,1,0,1,0,1,1,0,1,0,0,0,0,1,0,1,1,0,0,0,0,0,1,1,0
1,1,1,0,0,0,0,1,0,1,0,1,1,0,1,1,0,1,0,0,0,0,0,1,0,0,0,0,1,0,1,0,0,1,1,1,1,0,1,0
1,0,0,0,0,1,0,0,0,0,1,0,1,0,0,0,1,1,1,1,0,0,0,1,0,1,0,0,1,1,0,1,0,0,0,0,1,1,0,0
0,0,0,1,0,1,1,0,1,0,0,0,0,1,0,0,0,1,1,1,1,1,1,0,1,1,1,1,0,1,0,0,1,0,0,1,0,0,0,0
Time: 2025-10-24 00:57:00, Timestep: 58, Round: 2, Phase: REDISTRIBUTION, Aggregation Server: 21, Redistribution Server: 21, Target Node: 21, Phase Length: 4, Timestep in Phase: 3, Current Connections: 20, Cumulative Connections: 22/23, Connected Sats: [1, 2, 3, 4, 6, 7, 8, 11, 13, 14, 15, 18, 20, 22, 24, 26, 27, 30, 31, 32, 36, 39], Missing Sats: [16], Target Sats: [1, 2, 3, 4, 6, 7, 8, 11, 13, 14, 15, 16, 18, 20, 22, 24, 26, 27, 30, 31, 32, 36, 39], Phase Complete: False
0,0,0,0,0,1,0,0,0,1,0,0,1,0,1,1,0,1,0,1,0,0,0,1,0,1,0,0,1,1,0,0,0,1,1,1,0,1,1,0
0,0,1,1,0,0,1,1,0,1,0,1,1,0,1,1,0,0,0,0,0,1,0,1,1,0,1,1,0,0,1,0,1,1,1,1,0,1,0,0
0,1,0,1,0,0,1,1,0,1,0,1,1,0,1,1,0,0,0,0,0,1,0,1,1,0,1,1,0,0,1,0,1,1,1,1,1,1,0,0
0,1,1,0,0,1,1,1,1,1,0,1,0,1,1,1,0,1,0,0,1,1,1,0,1,0,1,1,0,0,0,0,1,0,1,1,0,0,0,1
0,0,0,0,0,0,0,0,1,0,1,1,1,1,0,0,1,0,1,1,1,1,1,0,0,0,0,0,0,0,0,1,0,0,0,0,1,0,1,0
1,0,0,1,0,0,0,0,0,1,0,0,0,1,0,1,0,1,0,1,0,0,1,0,1,1,1,1,0,1,0,0,1,0,1,1,0,0,1,1
0,1,1,1,0,0,0,1,1,1,0,1,0,0,1,1,0,0,0,0,1,1,0,0,1,0,1,1,0,0,1,0,1,1,1,1,0,1,0,1
0,1,1,1,0,0,1,0,0,1,0,1,0,0,1,1,0,0,0,0,1,1,0,1,1,0,1,1,0,0,1,0,1,1,1,1,1,1,0,0
0,0,0,1,1,0,1,0,0,0,1,1,0,1,0,0,1,0,1,1,1,1,1,0,1,0,1,1,0,0,0,1,0,0,0,0,1,0,0,1
1,1,1,1,0,1,1,1,0,0,0,0,1,0,1,1,0,1,0,0,0,0,0,1,1,1,0,0,1,0,1,0,1,1,1,1,0,1,0,0
0,0,0,0,1,0,0,0,1,0,0,0,1,1,0,0,1,0,1,1,1,0,1,0,0,0,0,0,1,1,0,1,0,0,0,0,1,0,1,0
0,1,1,1,1,0,1,1,1,0,0,0,0,0,1,1,1,0,0,0,1,1,0,0,1,0,1,1,0,0,1,0,1,1,1,0,1,1,0,0
1,1,1,0,1,0,0,0,0,1,1,0,0,0,1,0,1,1,0,0,0,0,0,1,0,1,0,0,1,1,1,1,0,1,0,0,1,1,1,0
0,0,0,1,1,1,0,0,1,0,1,0,0,0,0,0,1,1,1,1,1,1,1,0,1,1,1,1,0,1,0,1,1,0,0,0,0,0,0,1
1,1,1,1,0,0,1,1,0,1,0,1,1,0,0,1,0,0,0,0,0,0,0,1,1,0,0,0,1,0,1,0,1,1,1,1,0,1,0,0
1,1,1,1,0,1,1,1,0,1,0,1,0,0,1,0,0,1,0,0,0,0,0,1,1,0,1,1,1,0,1,0,1,1,1,1,0,1,0,0
0,0,0,0,1,0,0,0,1,0,1,1,1,1,0,0,0,0,1,1,1,0,1,1,0,0,0,0,1,0,0,1,0,0,0,0,1,0,1,0
1,0,0,1,0,1,0,0,0,1,0,0,1,1,0,1,0,0,0,1,0,0,0,1,0,1,0,0,1,1,0,0,1,1,1,1,0,0,1,1
0,0,0,0,1,0,0,0,1,0,1,0,0,1,0,0,1,0,0,1,1,1,1,0,1,0,1,1,0,1,0,1,0,0,0,0,1,0,0,1
1,0,0,0,1,1,0,0,1,0,1,0,0,1,0,0,1,1,1,0,1,0,1,0,0,1,0,0,1,1,0,1,0,0,0,0,0,0,1,1
0,0,0,1,1,0,1,1,1,0,1,1,0,1,0,0,1,0,1,1,0,1,1,0,1,0,1,1,0,0,0,1,1,0,0,0,1,0,0,1
0,1,1,1,1,0,1,1,1,0,0,1,0,1,0,0,0,0,1,0,1,0,1,0,1,0,1,1,0,0,1,1,1,0,0,0,1,0,0,1
0,0,0,1,1,1,0,0,1,0,1,0,0,1,0,0,1,0,1,1,1,1,0,0,1,0,1,1,0,1,0,1,1,0,0,0,0,0,0,1
1,1,1,0,0,0,0,1,0,1,0,0,1,0,1,1,1,1,0,0,0,0,0,0,0,1,0,0,1,0,1,0,0,1,1,1,1,1,1,0
0,1,1,1,0,1,1,1,1,1,0,1,0,1,1,1,0,0,1,0,1,1,1,0,0,0,1,1,0,0,0,0,1,0,1,1,0,0,0,1
1,0,0,0,0,1,0,0,0,1,0,0,1,1,0,0,0,1,0,1,0,0,0,1,0,0,0,0,1,1,0,0,0,0,0,1,0,0,1,1
0,1,1,1,0,1,1,1,1,0,0,1,0,1,0,1,0,0,1,0,1,1,1,0,1,0,0,1,0,0,0,0,1,0,1,1,0,0,0,1
0,1,1,1,0,1,1,1,1,0,0,1,0,1,0,1,0,0,1,0,1,1,1,0,1,0,1,0,0,0,0,0,1,0,1,1,0,0,0,1
1,0,0,0,0,0,0,0,0,1,1,0,1,0,1,1,1,1,0,1,0,0,0,1,0,1,0,0,0,1,1,0,0,1,0,1,1,1,1,0
1,0,0,0,0,1,0,0,0,0,1,0,1,1,0,0,0,1,1,1,0,0,1,0,0,1,0,0,1,0,0,0,0,0,0,1,0,0,1,1
0,1,1,0,0,0,1,1,0,1,0,1,1,0,1,1,0,0,0,0,0,1,0,1,0,0,0,0,1,0,0,0,1,1,1,1,1,1,0,0
0,0,0,0,1,0,0,0,1,0,1,0,1,1,0,0,1,0,1,1,1,1,1,0,0,0,0,0,0,0,0,0,0,0,0,0,1,0,1,0
0,1,1,1,0,1,1,1,0,1,0,1,0,1,1,1,0,1,0,0,1,1,1,0,1,0,1,1,0,0,1,0,0,1,1,1,0,0,0,1
1,1,1,0,0,0,1,1,0,1,0,1,1,0,1,1,0,1,0,0,0,0,0,1,0,0,0,0,1,0,1,0,1,0,1,1,0,1,0,0
1,1,1,1,0,1,1,1,0,1,0,1,0,0,1,1,0,1,0,0,0,0,0,1,1,0,1,1,0,0,1,0,1,1,0,1,0,1,0,0
1,1,1,1,0,1,1,1,0,1,0,0,0,0,1,1,0,1,0,0,0,0,0,1,1,1,1,1,1,1,1,0,1,1,1,0,0,1,0,1
0,0,1,0,1,0,0,1,1,0,1,1,1,0,0,0,1,0,1,0,1,1,0,1,0,0,0,0,1,0,1,1,0,0,0,0,0,1,1,0
1,1,1,0,0,0,1,1,0,1,0,1,1,0,1,1,0,0,0,0,0,0,0,1,0,0,0,0,1,0,1,0,0,1,1,1,1,0,0,0
1,0,0,0,1,1,0,0,0,0,1,0,1,0,0,0,1,1,0,1,0,0,0,1,0,1,0,0,1,1,0,1,0,0,0,0,1,0,0,0
0,0,0,1,0,1,1,0,1,0,0,0,0,1,0,0,0,1,1,1,1,1,1,0,1,1,1,1,0,1,0,0,1,0,0,1,0,0,0,0
Time: 2025-10-24 00:58:00, Timestep: 59, Round: 2, Phase: REDISTRIBUTION, Aggregation Server: 21, Redistribution Server: 21, Target Node: 21, Phase Length: 4, Timestep in Phase: 4, Current Connections: 21, Cumulative Connections: 23/23, Connected Sats: [1, 2, 3, 4, 6, 7, 8, 11, 13, 14, 15, 16, 18, 20, 22, 24, 26, 27, 30, 31, 32, 36, 39], Missing Sats: [], Target Sats: [1, 2, 3, 4, 6, 7, 8, 11, 13, 14, 15, 16, 18, 20, 22, 24, 26, 27, 30, 31, 32, 36, 39], Phase Complete: True
0,0,0,0,0,1,0,0,0,1,1,0,1,0,1,1,0,1,0,1,0,0,0,1,0,1,0,0,1,1,0,0,0,1,1,1,0,1,1,0
0,0,1,1,0,0,1,1,0,1,0,1,1,0,1,1,0,0,0,0,0,1,0,1,1,0,1,0,0,0,1,0,1,1,1,1,0,1,0,0
0,1,0,1,0,0,1,1,0,1,0,1,1,0,1,1,0,0,0,0,0,1,0,1,1,0,1,1,0,0,1,0,1,1,1,1,0,1,0,0
0,1,1,0,0,1,1,1,1,1,0,1,0,1,0,1,0,0,0,0,1,1,1,0,1,0,1,1,0,0,0,0,1,0,1,1,0,0,0,1
0,0,0,0,0,0,0,0,1,0,1,0,1,1,0,0,1,0,1,1,1,1,1,0,0,0,0,0,0,0,0,1,0,0,0,0,1,0,1,1
1,0,0,1,0,0,0,0,0,1,0,0,0,1,0,1,0,1,0,1,0,0,1,0,1,1,1,1,0,1,0,0,1,0,1,1,0,0,1,1
0,1,1,1,0,0,0,1,1,0,0,1,0,0,1,1,0,0,0,0,1,1,0,0,1,0,1,1,0,0,1,0,1,1,1,1,0,1,0,1
0,1,1,1,0,0,1,0,0,1,0,1,0,0,1,1,0,0,0,0,0,1,0,1,1,0,1,1,0,0,1,0,1,1,1,1,1,1,0,0
0,0,0,1,1,0,1,0,0,0,1,1,0,1,0,0,1,0,1,1,1,1,1,0,1,0,1,1,0,0,0,1,0,0,0,0,1,0,0,1
1,1,1,1,0,1,0,1,0,0,0,0,1,0,1,1,0,1,0,0,0,0,0,1,0,1,0,0,1,0,1,0,1,1,1,1,0,1,0,0
1,0,0,0,1,0,0,0,1,0,0,0,1,1,0,0,1,0,1,1,1,0,1,0,0,0,0,0,1,1,0,1,0,0,0,0,1,0,1,0
0,1,1,1,0,0,1,1,1,0,0,0,0,0,1,1,1,0,0,0,1,1,0,0,1,0,1,1,0,0,1,0,1,1,1,0,1,1,0,0
1,1,1,0,1,0,0,0,0,1,1,0,0,0,1,0,1,1,0,0,0,0,0,1,0,1,0,0,1,1,1,1,0,1,0,0,1,1,1,0
0,0,0,1,1,1,0,0,1,0,1,0,0,0,0,0,0,1,1,1,1,1,1,0,1,1,1,1,0,1,0,1,1,0,0,0,0,0,0,1
1,1,1,0,0,0,1,1,0,1,0,1,1,0,0,1,0,0,0,0,0,0,0,1,0,0,0,0,1,0,1,0,1,1,1,1,0,1,0,0
1,1,1,1,0,1,1,1,0,1,0,1,0,0,1,0,0,1,0,0,0,0,0,1,1,0,1,1,0,0,1,0,1,1,1,1,0,1,0,0
0,0,0,0,1,0,0,0,1,0,1,1,1,0,0,0,0,0,1,1,1,1,1,1,0,0,0,0,1,0,0,1,0,0,0,0,1,0,1,0
1,0,0,0,0,1,0,0,0,1,0,0,1,1,0,1,0,0,0,1,0,0,0,1,0,1,0,0,1,1,0,0,1,1,1,1,0,0,1,1
0,0,0,0,1,0,0,0,1,0,1,0,0,1,0,0,1,0,0,1,1,1,1,0,1,0,1,1,0,1,0,1,0,0,0,0,1,0,0,1
1,0,0,0,1,1,0,0,1,0,1,0,0,1,0,0,1,1,1,0,1,0,1,0,0,1,0,0,1,1,0,1,0,0,0,0,0,0,1,1
0,0,0,1,1,0,1,0,1,0,1,1,0,1,0,0,1,0,1,1,0,1,1,0,1,0,1,1,0,0,0,1,1,0,0,0,1,0,0,1
0,1,1,1,1,0,1,1,1,0,0,1,0,1,0,0,1,0,1,0,1,0,1,0,1,0,1,1,0,0,1,1,1,0,0,0,1,0,0,1
0,0,0,1,1,1,0,0,1,0,1,0,0,1,0,0,1,0,1,1,1,1,0,0,1,0,1,1,0,1,0,1,1,0,0,0,0,0,0,1
1,1,1,0,0,0,0,1,0,1,0,0,1,0,1,1,1,1,0,0,0,0,0,0,0,1,0,0,1,0,1,0,0,1,1,1,1,1,1,0
0,1,1,1,0,1,1,1,1,0,0,1,0,1,0,1,0,0,1,0,1,1,1,0,0,0,1,1,0,0,0,0,1,0,1,1,0,0,0,1
1,0,0,0,0,1,0,0,0,1,0,0,1,1,0,0,0,1,0,1,0,0,0,1,0,0,0,0,1,1,0,0,0,0,0,1,0,0,1,1
0,1,1,1,0,1,1,1,1,0,0,1,0,1,0,1,0,0,1,0,1,1,1,0,1,0,0,1,0,0,0,0,1,0,1,1,0,0,0,1
0,0,1,1,0,1,1,1,1,0,0,1,0,1,0,1,0,0,1,0,1,1,1,0,1,0,1,0,0,0,0,0,1,0,1,1,0,0,0,1
1,0,0,0,0,0,0,0,0,1,1,0,1,0,1,0,1,1,0,1,0,0,0,1,0,1,0,0,0,1,1,1,0,1,0,1,1,1,1,0
1,0,0,0,0,1,0,0,0,0,1,0,1,1,0,0,0,1,1,1,0,0,1,0,0,1,0,0,1,0,0,0,0,0,0,1,0,0,1,1
0,1,1,0,0,0,1,1,0,1,0,1,1,0,1,1,0,0,0,0,0,1,0,1,0,0,0,0,1,0,0,0,0,1,1,1,1,1,0,0
0,0,0,0,1,0,0,0,1,0,1,0,1,1,0,0,1,0,1,1,1,1,1,0,0,0,0,0,1,0,0,0,0,0,0,0,1,0,1,0
0,1,1,1,0,1,1,1,0,1,0,1,0,1,1,1,0,1,0,0,1,1,1,0,1,0,1,1,0,0,0,0,0,1,1,1,0,0,0,1
1,1,1,0,0,0,1,1,0,1,0,1,1,0,1,1,0,1,0,0,0,0,0,1,0,0,0,0,1,0,1,0,1,0,1,1,0,1,0,0
1,1,1,1,0,1,1,1,0,1,0,1,0,0,1,1,0,1,0,0,0,0,0,1,1,0,1,1,0,0,1,0,1,1,0,1,0,1,0,0
1,1,1,1,0,1,1,1,0,1,0,0,0,0,1,1,0,1,0,0,0,0,0,1,1,1,1,1,1,1,1,0,1,1,1,0,0,1,0,1
0,0,0,0,1,0,0,1,1,0,1,1,1,0,0,0,1,0,1,0,1,1,0,1,0,0,0,0,1,0,1,1,0,0,0,0,0,1,1,0
1,1,1,0,0,0,1,1,0,1,0,1,1,0,1,1,0,0,0,0,0,0,0,1,0,0,0,0,1,0,1,0,0,1,1,1,1,0,0,0
1,0,0,0,1,1,0,0,0,0,1,0,1,0,0,0,1,1,0,1,0,0,0,1,0,1,0,0,1,1,0,1,0,0,0,0,1,0,0,0
0,0,0,1,1,1,1,0,1,0,0,0,0,1,0,0,0,1,1,1,1,1,1,0,1,1,1,1,0,1,0,0,1,0,0,1,0,0,0,0
Time: 2025-10-24 00:59:00, Timestep: 60, Round: 3, Phase: TRANSMITTING, Aggregation Server: 32, Redistribution Server: TBD, Target Node: 32, Phase Length: 1, Timestep in Phase: 1, Current Connections: 22, Cumulative Connections: 22/22, Connected Sats: [1, 2, 3, 5, 6, 7, 8, 9, 11, 13, 14, 15, 17, 20, 21, 22, 24, 26, 27, 34, 35, 39], Missing Sats: [], Target Sats: [1, 2, 3, 5, 6, 7, 8, 9, 11, 13, 14, 15, 17, 20, 21, 22, 24, 26, 27, 34, 35, 39], Phase Complete: True
0,0,0,0,0,1,0,0,0,1,1,0,1,0,1,1,0,1,0,1,0,0,0,1,0,1,0,0,1,1,0,0,0,1,1,1,0,1,1,0
0,0,1,1,0,0,1,1,0,1,0,1,1,0,1,1,0,0,0,0,0,1,0,1,1,0,1,0,0,0,1,0,1,1,1,1,0,1,0,0
0,1,0,1,0,0,1,1,0,1,0,1,1,0,1,1,0,0,0,0,0,1,0,1,1,0,1,0,0,0,1,0,1,1,1,1,0,1,0,0
0,1,1,0,0,1,1,1,1,1,0,1,0,1,0,1,0,0,1,0,1,1,1,0,1,0,1,1,0,0,0,0,1,0,1,1,0,0,0,1
0,0,0,0,0,0,0,0,1,0,1,0,1,1,0,0,1,0,1,1,1,1,1,0,0,0,0,0,0,0,0,1,0,0,0,0,1,0,1,1
1,0,0,1,0,0,0,0,0,1,0,0,0,1,0,1,0,1,0,1,0,0,1,0,1,1,1,1,0,1,0,0,1,0,1,1,0,0,1,1
0,1,1,1,0,0,0,1,1,0,0,1,0,0,1,1,0,0,0,0,1,1,0,0,1,0,1,1,0,0,1,0,1,1,1,0,0,1,0,0
0,1,1,1,0,0,1,0,0,1,0,1,0,0,1,1,0,0,0,0,0,1,0,1,1,0,1,1,0,0,1,0,1,1,1,0,1,1,0,0
0,0,0,1,1,0,1,0,0,0,1,1,0,1,0,0,1,0,1,1,1,1,1,0,1,0,1,1,0,0,0,1,1,0,0,0,1,0,0,1
1,1,1,1,0,1,0,1,0,0,0,0,1,0,1,1,0,1,0,0,0,0,0,1,0,1,0,0,1,1,1,0,1,1,1,1,0,1,1,0
1,0,0,0,1,0,0,0,1,0,0,0,1,1,0,0,1,0,1,1,1,0,1,0,0,1,0,0,1,0,0,1,0,0,0,0,1,0,1,0
0,1,1,1,0,0,1,1,1,0,0,0,0,0,1,1,1,0,0,0,1,1,0,1,1,0,1,1,0,0,1,0,1,1,1,0,1,1,0,0
1,1,1,0,1,0,0,0,0,1,1,0,0,0,1,0,1,1,0,0,0,0,0,1,0,1,0,0,1,0,1,1,0,1,0,0,1,1,1,0
0,0,0,1,1,1,0,0,1,0,1,0,0,0,0,0,0,1,1,1,1,1,1,0,1,1,1,1,0,1,0,1,1,0,0,0,0,0,0,1
1,1,1,0,0,0,1,1,0,1,0,1,1,0,0,1,0,0,0,0,0,0,0,1,0,0,0,0,1,0,1,0,1,1,1,1,0,1,0,0
1,1,1,1,0,1,1,1,0,1,0,1,0,0,1,0,0,1,0,0,0,0,0,1,1,0,1,1,0,0,1,0,1,1,1,1,0,1,0,0
0,0,0,0,1,0,0,0,1,0,1,1,1,0,0,0,0,0,1,1,1,1,0,1,0,0,0,0,1,0,1,1,0,0,0,0,1,0,1,0
1,0,0,0,0,1,0,0,0,1,0,0,1,1,0,1,0,0,0,1,0,0,0,1,0,1,0,0,1,1,0,0,1,1,1,1,0,0,1,1
0,0,0,1,1,0,0,0,1,0,1,0,0,1,0,0,1,0,0,1,1,1,1,0,1,0,1,1,0,1,0,1,0,0,0,0,1,0,0,1
1,0,0,0,1,1,0,0,1,0,1,0,0,1,0,0,1,1,1,0,1,0,1,0,0,1,0,0,1,1,0,1,0,0,0,0,0,0,1,1
0,0,0,1,1,0,1,0,1,0,1,1,0,1,0,0,1,0,1,1,0,1,1,0,1,0,1,1,0,0,0,1,1,0,0,0,1,0,0,1
0,1,1,1,1,0,1,1,1,0,0,1,0,1,0,0,1,0,1,0,1,0,1,0,1,0,1,1,0,0,1,1,1,0,0,0,1,0,0,1
0,0,0,1,1,1,0,0,1,0,1,0,0,1,0,0,0,0,1,1,1,1,0,0,1,0,1,1,0,1,0,1,1,0,0,0,0,0,0,1
1,1,1,0,0,0,0,1,0,1,0,1,1,0,1,1,1,1,0,0,0,0,0,0,0,1,0,0,1,0,1,0,0,1,1,1,1,1,1,0
0,1,1,1,0,1,1,1,1,0,0,1,0,1,0,1,0,0,1,0,1,1,1,0,0,0,1,1,0,0,0,0,1,0,1,1,0,0,0,1
1,0,0,0,0,1,0,0,0,1,1,0,1,1,0,0,0,1,0,1,0,0,0,1,0,0,0,0,1,1,0,0,0,0,0,1,0,0,1,1
0,1,1,1,0,1,1,1,1,0,0,1,0,1,0,1,0,0,1,0,1,1,1,0,1,0,0,1,0,0,0,0,1,0,1,1,0,0,0,1
0,0,0,1,0,1,1,1,1,0,0,1,0,1,0,1,0,0,1,0,1,1,1,0,1,0,1,0,0,0,0,0,1,0,1,1,0,0,0,1
1,0,0,0,0,0,0,0,0,1,1,0,1,0,1,0,1,1,0,1,0,0,0,1,0,1,0,0,0,1,1,1,0,1,0,1,1,1,1,0
1,0,0,0,0,1,0,0,0,1,0,0,0,1,0,0,0,1,1,1,0,0,1,0,0,1,0,0,1,0,0,0,0,0,0,1,0,0,1,1
0,1,1,0,0,0,1,1,0,1,0,1,1,0,1,1,1,0,0,0,0,1,0,1,0,0,0,0,1,0,0,0,0,1,1,1,1,1,0,0
0,0,0,0,1,0,0,0,1,0,1,0,1,1,0,0,1,0,1,1,1,1,1,0,0,0,0,0,1,0,0,0,0,0,0,0,1,0,1,0
0,1,1,1,0,1,1,1,1,1,0,1,0,1,1,1,0,1,0,0,1,1,1,0,1,0,1,1,0,0,0,0,0,0,1,1,0,0,0,1
1,1,1,0,0,0,1,1,0,1,0,1,1,0,1,1,0,1,0,0,0,0,0,1,0,0,0,0,1,0,1,0,0,0,1,1,0,1,0,0
1,1,1,1,0,1,1,1,0,1,0,1,0,0,1,1,0,1,0,0,0,0,0,1,1,0,1,1,0,0,1,0,1,1,0,1,0,1,0,0
1,1,1,1,0,1,0,0,0,1,0,0,0,0,1,1,0,1,0,0,0,0,0,1,1,1,1,1,1,1,1,0,1,1,1,0,0,1,0,1
0,0,0,0,1,0,0,1,1,0,1,1,1,0,0,0,1,0,1,0,1,1,0,1,0,0,0,0,1,0,1,1,0,0,0,0,0,0,1,0
1,1,1,0,0,0,1,1,0,1,0,1,1,0,1,1,0,0,0,0,0,0,0,1,0,0,0,0,1,0,1,0,0,1,1,1,0,0,0,0
1,0,0,0,1,1,0,0,0,1,1,0,1,0,0,0,1,1,0,1,0,0,0,1,0,1,0,0,1,1,0,1,0,0,0,0,1,0,0,0
0,0,0,1,1,1,0,0,1,0,0,0,0,1,0,0,0,1,1,1,1,1,1,0,1,1,1,1,0,1,0,0,1,0,0,1,0,0,0,0
