{
    "accuracy": 26.507407407407406,
    "loss": 4.788579494902174,
    "processing_time": 12433.782001256943,
    "evaluation_time": 82.62900137901306,
    "timestamp": "2025-10-10T12:25:31.949124",
    "additional_metrics": {
        "timestep_1": 488.9255020618439,
        "timestep_2": 489.00550150871277,
        "timestep_3": 489.085501909256,
        "timestep_4": 489.1775016784668,
        "timestep_5": 489.2550027370453,
        "timestep_6": 588.9750003814697,
        "timestep_8": 1117.6775002479553,
        "timestep_9": 1117.8440010547638,
        "timestep_10": 1117.931500673294,
        "timestep_11": 1118.025502204895,
        "timestep_12": 1118.1200006008148,
        "timestep_13": 1118.2145013809204,
        "timestep_14": 1228.940501689911,
        "timestep_17": 1829.3790004253387,
        "timestep_18": 1829.491500377655,
        "timestep_19": 1829.5945007801056,
        "timestep_20": 1829.6955003738403,
        "timestep_21": 1829.797500371933,
        "timestep_22": 1829.899501800537,
        "timestep_23": 1830.0125005245209,
        "timestep_24": 1830.108999967575,
        "timestep_25": 1830.217000246048,
        "timestep_26": 1830.3255014419556,
        "timestep_27": 1830.438503742218,
        "timestep_28": 1956.131501674652,
        "timestep_30": 2628.501502275467,
        "timestep_32": 3177.593001842499,
        "timestep_34": 3714.6790001392365,
        "timestep_36": 4210.525002241135,
        "timestep_38": 4696.012500286102,
        "timestep_40": 5191.894000530243,
        "timestep_42": 5651.266001224518,
        "timestep_43": 5651.372003316879,
        "timestep_44": 5651.471000432968,
        "timestep_45": 5651.561502456665,
        "timestep_46": 5651.654500484467,
        "timestep_47": 5651.742001533508,
        "timestep_48": 5651.837999820709,
        "timestep_49": 5651.937500238419,
        "timestep_50": 5652.028500080109,
        "timestep_51": 5652.118000268936,
        "timestep_52": 5652.217000007629,
        "timestep_53": 5652.3150017261505,
        "timestep_54": 5768.889499664307,
        "timestep_57": 6361.008499145508,
        "timestep_58": 6361.176000118256,
        "timestep_59": 6361.268500328064,
        "timestep_60": 6361.358001470566,
        "timestep_61": 6361.4475021362305,
        "timestep_62": 6361.531500577927,
        "timestep_63": 6361.617502212524,
        "timestep_64": 6361.709000825882,
        "timestep_65": 6478.746000528336,
        "timestep_68": 7065.050000905991,
        "timestep_69": 7065.185000896454,
        "timestep_70": 7065.283000946045,
        "timestep_71": 7065.394000530243,
        "timestep_72": 7065.488000631332,
        "timestep_73": 7065.580500364304,
        "timestep_74": 7065.672500610352,
        "timestep_75": 7065.764001607895,
        "timestep_76": 7065.8570148944855,
        "timestep_77": 7065.948500871658,
        "timestep_78": 7066.044002056122,
        "timestep_79": 7183.7005007267,
        "timestep_81": 7733.581999540329,
        "timestep_83": 8271.485502243042,
        "timestep_85": 8792.875501155853,
        "timestep_87": 9354.318501472473,
        "timestep_89": 9925.02349972725,
        "timestep_91": 10476.748002529144,
        "timestep_93": 10948.839000463486,
        "timestep_95": 11408.499500513077,
        "timestep_97": 11869.19800043106,
        "timestep_99": 12433.580500364304,
        "round_accuracies": [
            0.6591604938271605,
            0,
            0,
            0,
            0,
            0.8277530864197531,
            0.8557827160493827,
            0,
            0,
            0,
            0,
            0,
            0.8645925925925926,
            0.881204938271605,
            0,
            0,
            0,
            0,
            0,
            0,
            0,
            0,
            0,
            0,
            0.8871111111111111,
            0.8948312757201645,
            0.9050041152263374,
            0.9068971193415637,
            0.9146008230452675,
            0.9158847736625515,
            0.91840329218107,
            0.9237925925925925,
            0,
            0,
            0,
            0,
            0,
            0,
            0,
            0,
            0,
            0,
            0,
            0.9261234567901234,
            0.9223901234567903,
            0,
            0,
            0,
            0,
            0,
            0,
            0,
            0.9305679012345679,
            0.9296790123456791,
            0,
            0,
            0,
            0,
            0,
            0,
            0,
            0,
            0,
            0,
            0.935604938271605,
            0.9338765432098765,
            0.9356213991769547,
            0.9391604938271606,
            0.9409876543209877,
            0.9419917695473252,
            0.9411851851851852,
            0.9432493827160495,
            0.9462123456790124,
            0.9449876543209876,
            0.9443555555555555
        ],
        "participation_log": [
            {
                "timestep": 100,
                "phase": "REDISTRIBUTION",
                "aggregation_server": 2,
                "redistribution_server": 2,
                "in_range_clients": [
                    1,
                    3,
                    4,
                    6,
                    7
                ],
                "out_of_range_clients": [],
                "accuracy": null
            }
        ]
    }
}