{
  "round_times": {
    "round_1": 10.488509893417358,
    "round_2": 9.135588884353638,
    "round_3": 9.155500888824463,
    "round_4": 9.113997220993042,
    "round_5": 9.172136783599854
  },
  "total_training_time": 55.95236921310425,
  "average_round_time": 9.413146734237671,
  "memory_usage": [],
  "device": "cpu",
  "timestamp": "2025-05-14T11:09:16.749070"
}