{
    "accuracy": 89.1,
    "loss": 0.8039020859718323,
    "processing_time": 106.53554701805115,
    "evaluation_time": 0.2769889831542969,
    "timestamp": "2025-05-14T02:30:29.117524",
    "additional_metrics": {}
}