{
    "accuracy": 84.84,
    "loss": 1.2819171283721924,
    "processing_time": 9.07392168045044,
    "evaluation_time": 0.1716480255126953,
    "timestamp": "2025-05-14T02:25:35.207225",
    "additional_metrics": {}
}