{
    "accuracy": 98.96,
    "loss": 0.030988244367731385,
    "processing_time": 1696.2395014762878,
    "evaluation_time": 3.5189990997314453,
    "timestamp": "2025-10-10T11:00:12.789624",
    "additional_metrics": {
        "timestep_1": 66.1810052394867,
        "timestep_2": 66.1895022392273,
        "timestep_3": 66.19200134277344,
        "timestep_4": 66.19600057601929,
        "timestep_5": 66.19900035858154,
        "timestep_6": 79.46150135993958,
        "timestep_8": 145.65600037574768,
        "timestep_9": 145.66300177574158,
        "timestep_10": 145.66800141334534,
        "timestep_11": 145.67350006103516,
        "timestep_12": 145.68400049209595,
        "timestep_13": 145.68850255012512,
        "timestep_14": 158.76950216293335,
        "timestep_17": 224.7020001411438,
        "timestep_18": 224.70600008964539,
        "timestep_19": 224.70950031280518,
        "timestep_20": 224.71350264549255,
        "timestep_21": 224.71950149536133,
        "timestep_22": 224.7235016822815,
        "timestep_23": 224.72800064086914,
        "timestep_24": 224.7335011959076,
        "timestep_25": 224.7385015487671,
        "timestep_26": 224.75200033187866,
        "timestep_27": 224.75850248336792,
        "timestep_28": 238.12850189208984,
        "timestep_30": 317.3710000514984,
        "timestep_32": 402.21900391578674,
        "timestep_34": 482.29000186920166,
        "timestep_36": 560.6750011444092,
        "timestep_38": 640.0345010757446,
        "timestep_40": 718.6885023117065,
        "timestep_42": 783.8550007343292,
        "timestep_43": 783.8585040569305,
        "timestep_44": 783.8665010929108,
        "timestep_45": 783.872501373291,
        "timestep_46": 783.8785140514374,
        "timestep_47": 783.8840010166168,
        "timestep_48": 783.8900010585785,
        "timestep_49": 783.8950004577637,
        "timestep_50": 783.9040024280548,
        "timestep_51": 783.907000541687,
        "timestep_52": 783.911502122879,
        "timestep_53": 783.9200005531311,
        "timestep_54": 797.1065182685852,
        "timestep_57": 863.1390006542206,
        "timestep_58": 863.1455001831055,
        "timestep_59": 863.1515004634857,
        "timestep_60": 863.1570010185242,
        "timestep_61": 863.1610012054443,
        "timestep_62": 863.1670010089874,
        "timestep_63": 863.1710011959076,
        "timestep_64": 863.1755011081696,
        "timestep_65": 876.1345047950745,
        "timestep_68": 941.744001865387,
        "timestep_69": 941.7570021152496,
        "timestep_70": 941.7615022659302,
        "timestep_71": 941.7670018672943,
        "timestep_72": 941.7725002765656,
        "timestep_73": 941.7765004634857,
        "timestep_74": 941.7820012569427,
        "timestep_75": 941.7855007648468,
        "timestep_76": 941.7900013923645,
        "timestep_77": 941.7940015792847,
        "timestep_78": 941.7995014190674,
        "timestep_79": 956.5845003128052,
        "timestep_81": 1037.4525015354156,
        "timestep_83": 1116.9065005779266,
        "timestep_85": 1196.0130021572113,
        "timestep_87": 1275.3295023441315,
        "timestep_89": 1354.340002298355,
        "timestep_91": 1433.767002105713,
        "timestep_93": 1499.0030012130737,
        "timestep_95": 1566.358502626419,
        "timestep_97": 1631.2010004520416,
        "timestep_99": 1696.2330005168915,
        "round_accuracies": [
            0.5846933333333334,
            0,
            0,
            0,
            0,
            0.8860888888888889,
            0.925768888888889,
            0,
            0,
            0,
            0,
            0,
            0.9440444444444445,
            0.9544622222222223,
            0,
            0,
            0,
            0,
            0,
            0,
            0,
            0,
            0,
            0,
            0.9627111111111111,
            0.9655333333333332,
            0.9701851851851853,
            0.9720518518518517,
            0.9743481481481481,
            0.9758296296296297,
            0.9772148148148148,
            0.9786755555555555,
            0,
            0,
            0,
            0,
            0,
            0,
            0,
            0,
            0,
            0,
            0,
            0.9757777777777777,
            0.9795288888888889,
            0,
            0,
            0,
            0,
            0,
            0,
            0,
            0.9803111111111111,
            0.9799466666666667,
            0,
            0,
            0,
            0,
            0,
            0,
            0,
            0,
            0,
            0,
            0.9836444444444444,
            0.9822888888888889,
            0.9834740740740742,
            0.9839777777777777,
            0.9846962962962963,
            0.9850814814814813,
            0.9857703703703704,
            0.9855822222222222,
            0.9860533333333332,
            0.985991111111111,
            0.9864
        ],
        "participation_log": [
            {
                "timestep": 100,
                "phase": "REDISTRIBUTION",
                "aggregation_server": 2,
                "redistribution_server": 2,
                "in_range_clients": [
                    1,
                    3,
                    4,
                    6,
                    7
                ],
                "out_of_range_clients": [],
                "accuracy": null
            }
        ]
    }
}