{
    "timestamp": "20250515_111815",
    "rounds": 5,
    "clients": 8,
    "final_accuracy": 94.3,
    "final_loss": 0.18432118482887744,
    "training_time": 179.9682891368866,
    "round_times": {
        "round_1": 14.7937331199646,
        "round_2": 15.055786848068237,
        "round_3": 61.77664589881897,
        "round_4": 70.51722478866577,
        "round_5": 15.078288793563843
    },
    "average_round_time": 35.99365782737732
}