{
    "timestamp": "20250514_161001",
    "rounds": 5,
    "clients": 8,
    "final_accuracy": 94.87,
    "final_loss": 0.17311453633010387,
    "training_time": 139.22601294517517,
    "round_times": {
        "round_1": 75.23985719680786,
        "round_2": 25.64677119255066,
        "round_3": 12.23233413696289,
        "round_4": 11.764926195144653,
        "round_5": 11.792392015457153
    },
    "average_round_time": 27.845202589035033
}