{
    "timestamp": "20250514_124422",
    "rounds": 5,
    "clients": 3,
    "final_accuracy": 97.59,
    "final_loss": 0.07539892047643662,
    "training_time": 121.98618817329407,
    "round_times": {
        "round_1": 40.75989365577698,
        "round_2": 41.241819858551025,
        "round_3": 13.130610942840576,
        "round_4": 11.803962230682373,
        "round_5": 12.165555000305176
    },
    "average_round_time": 24.397237634658815
}