{
    "timestamp": "20250514_130418",
    "rounds": 5,
    "clients": 3,
    "final_accuracy": 97.44,
    "final_loss": 0.0794855248183012,
    "training_time": 50.46364784240723,
    "round_times": {
        "round_1": 9.251864910125732,
        "round_2": 9.48338007926941,
        "round_3": 9.616896152496338,
        "round_4": 9.830031156539917,
        "round_5": 10.023504972457886
    },
    "average_round_time": 10.092729568481445
}